log_chi2_sr_over_helix,chi2nu_sr,chi2nu_helix
-3.521041604120574986e-01,4.992629736884369862e+01,7.099802258462563032e+01
1.702649566129994962e+00,7.214684625225779024e-01,1.314516495718348610e-01
1.132697921871332625e+01,3.846863472454720234e-07,4.632998951129096234e-12
6.981232996986631578e-01,1.801314858100300142e+01,8.961867828391973489e+00
-2.402024141733687113e-01,1.757311436081763434e+00,2.234432905087517351e+00
1.374995903379126538e+01,2.078100590142565256e-06,2.218887230886449139e-12
1.960743735011238886e+00,4.318168017380432100e-01,6.077981193179209790e-02
1.010156632410495803e+00,1.456580306861067209e+00,5.304311038194593486e-01
1.911268880193686126e+00,3.128635098187327657e+00,4.627020087952837257e-01
9.659231854105716497e-01,1.188262382526989747e+01,4.522902640555706455e+00
1.460300029227081131e+00,6.578863046638599998e-01,1.527392314820031904e-01
7.917842496345427472e-01,1.140607929798609277e+01,5.167361630704834674e+00
2.804486710428143459e-01,1.988988249605752046e+00,1.502570669788548363e+00
1.403776496771962590e+00,3.915863178858605687e-01,9.620001121671949151e-02
1.918559068329766637e+00,1.528497312354726023e-01,2.244114763330138165e-02
-2.303660497749491776e-01,2.136099909640492100e+01,2.689479670749103235e+01
-1.066919853637660953e+00,1.328642105714365584e+02,3.861583378983307853e+02
8.314166444450444837e-01,3.810423439610723495e+00,1.659180287212338234e+00
1.626628426171424024e+01,3.007302677837877137e-05,2.593102268310478131e-12
-1.158702369260313815e-02,2.675733839681748449e+01,2.706917947681229819e+01
2.470685181804361807e-01,4.556913297583047751e+00,3.559346525333620281e+00
1.703698617401338433e+00,4.306280967787516900e+00,7.837823042905189830e-01
4.309996946967672438e-01,1.184696726141114453e+01,7.698859590971126821e+00
-7.406130259211112232e-01,6.307747413107910539e+00,1.322873889426127469e+01
1.177813406482573155e+00,8.642059739130552032e-01,2.661334113937892654e-01
-2.343295339966873503e-01,6.114516218010614956e+00,7.729121330030203296e+00
-1.622933863353460682e-01,8.184570066340124583e+01,9.626734471390562931e+01
1.316572174146470786e+01,5.521241694915984199e-07,1.057393061797703618e-12
1.905348152509404036e+00,1.811977077341155595e-01,2.695693494360192066e-02
3.115479303817133422e-02,1.272234505133014153e+02,1.233209368950845857e+02
-1.036987178836392687e-01,3.443205832185368465e+00,3.819431857883363257e+00
-8.853481867166616837e-02,5.328523201164571788e+00,5.821796816804848618e+00
1.239953696795272675e+00,2.079857641255643763e+00,6.019058464637292438e-01
1.236383298796935426e+00,1.055909304809577787e+00,3.066706211002328542e-01
-2.398146195607028908e+00,2.929914328557224223e+01,3.223714563447837236e+02
9.634184028258150345e-01,3.301061943526828202e+01,1.259639809913948483e+01
1.073288568554430000e+00,4.150745760849648865e-03,1.419066769459211052e-03
1.470020469083569647e+00,4.443543187827569407e-01,1.021662910691885084e-01
6.014261872703309253e-01,1.102015500708800388e+01,6.039369882012484148e+00
1.083859606615759974e+00,2.341726535151112398e-01,7.921764561785497871e-02
1.116270732160903334e+00,5.034078141782685201e+00,1.648654807523740384e+00
5.313982956789476964e-01,1.324068968576343819e+00,7.782645699175529952e-01
1.459107816430310178e+00,1.269223301206156007e+00,2.950227883738879564e-01
-6.955371725666982252e-01,1.921673701334927742e+01,3.852543957710322076e+01
1.304477509382799605e+00,4.733631838124645697e+02,1.284301805885665431e+02
2.871124599385135756e+00,5.951666614464478471e+02,3.370738221555410519e+01
8.122155606144968454e-01,6.461050463095931173e-02,2.867889387988753480e-02
-6.580912247159722561e-01,4.323271845046588879e+01,8.348682248430043273e+01
-9.517083163687622971e-01,1.815727654669876046e+01,4.702971840603266429e+01
-1.047025102013482423e+00,1.151585522004204165e+01,3.281054319509035366e+01
1.335254812267081537e-01,4.411265545336054750e+00,3.859880169388804294e+00
9.520324545679033079e-01,1.672421356340925414e+01,6.454807026931491443e+00
8.090782953140220890e-01,5.503016463203765696e+00,2.450318691932740212e+00
1.502709366504699329e+00,2.226739947595703095e-02,4.955085066402103132e-03
1.185129520884655285e+00,5.029586855766477349e+00,1.537577804272605375e+00
7.063284697727419958e-01,1.174042298744239377e+00,5.793342268999424061e-01
1.629366900861612732e+00,8.795774740770671007e-01,1.724443797439644543e-01
8.696102403481306142e-01,2.420233602627653191e+00,1.014355895325979029e+00
7.815690360483116272e-01,7.677817568890193956e-01,3.514039744424957701e-01
1.957151475340270341e+00,1.376949920619646548e+02,1.945082647141032339e+01
1.651338583929989312e+01,4.044446807376235437e-05,2.723872533181357104e-12
1.093265262625103817e+00,6.082674445816515885e+01,2.038428591200194262e+01
1.403424953689892840e+00,3.594182480176408290e-02,8.832840938305861617e-03
2.032620289799329960e+00,1.552227539195034645e-01,2.033291329176194207e-02
1.550223832077855857e+00,8.685576652543363085e-01,1.843083458645561890e-01
1.782190860448086056e+00,2.185955379761379618e+02,3.678287204495214979e+01
-3.915770586227684813e+00,1.779008611815070069e-03,8.928440492357346547e-02
-1.410740862774705340e-01,6.907093958714531912e-01,7.953587459870677945e-01
-1.083878676438195798e+00,1.043883791323764985e-02,3.085849082149299399e-02
2.489094240081195786e-01,2.869326722610241465e+00,2.237072265907689594e+00
1.935233720299868398e+00,2.194122585809747950e-01,3.168104964669671980e-02
1.657453799073629552e+00,8.921015178453535824e-03,1.700557179969548489e-03
-8.484353698818783984e-01,3.448724615055386522e+01,8.056182876224441713e+01
8.938595482122927427e-01,1.703966709622245057e+00,6.970482421678402263e-01
6.414093887820180306e-01,6.011595869721919616e-01,3.165404527560709003e-01
1.611345727905184155e+00,6.417038128374396022e-01,1.280961454914077147e-01
9.805392963827511688e-01,2.796465406599416781e+00,1.048978641693496083e+00
2.058722823705496363e-01,1.913655203932090876e+00,1.557594821176037092e+00
1.336811228100653004e+01,2.709772583764500225e-06,4.238727010948681272e-12
1.781300539479150125e+00,2.489733722086296397e-01,4.193183871959380027e-02
2.021000206281562406e-01,3.213129016778198093e+02,2.625168838265574323e+02
1.200840873406293863e+00,1.152219753923157164e+01,3.467502250672947817e+00
8.218519095635097305e-01,1.083913251450571991e-01,4.765064422294095631e-02
1.028518050015941876e+00,3.830122742938554037e+00,1.369408370788329110e+00
-2.184443181441033666e+00,3.363576071924506472e+00,2.988772606329422032e+01
1.244191095684730852e+00,5.303009518292841479e-02,1.528189035396364075e-02
1.533904954311220648e+00,2.657965878286486228e-01,5.733013229493130747e-02
5.040932651586170765e-01,3.934853329910670716e+00,2.376860128186064181e+00
-2.207116998232357963e-01,2.774636589416269672e+00,3.459871603883418079e+00
1.262330488349692281e+01,1.979649996129969749e-06,6.521639060005368202e-12
1.918298768709809421e+00,7.040323076926798818e-01,1.033917816737624645e-01
-4.284557226726937729e-01,4.973056245747925175e+01,7.633071443304574188e+01
5.838613880719756288e+00,4.742527611303233460e-09,1.381440161341391452e-11
7.430583441155943492e-01,3.973207381947043615e+01,1.889883768772812900e+01
1.958409483741844204e+00,7.598260260899030172e-01,1.071982592638324600e-01
-1.615106483747782429e+00,8.730195884914774496e+00,4.389912075330914121e+01
1.746059587428961057e+00,2.507097605955961248e-02,4.373883369272460984e-03
1.450848562735578273e+00,6.524617747860970152e-01,1.529183306141549958e-01
-2.320964862095737935e-01,1.263777830933485902e+01,1.593928940188688159e+01
-4.455427390047668190e+00,9.387477258332598343e-03,8.081954999087163083e-01
