Unnamed: 0,track_id,particle_id,n_shared,n_reco_hits,n_true_hits,pt,event_id,purity_reco,eff_true,hit_id,x,y,z,r,phi_reco,e,z0,eta,phi,dev,cos_val,theta,mapping_pT,chi_square_rz,PID,purity_calc,r_layer_round_0p1,r_layer_round_1p0,r_round_3,r_round_2,r_round_1,x_plot,y_plot,z_plot
5292025,89,387,25,50,25,2.247637203820937,65270,0.5,1.0,744,-0.01371106,-0.058732085,-0.032588385,0.060311284,-1.8001398,0.0002034890612947,0.0001940855046232,-0.3399586405436028,2.94697505970453,0.0027708186103909,-0.3274404703000449,1.904389761475097,2.356351491396369,3.932006e-06,-211,0.5,0.1,0.0,0.06,0.06,0.1,-0.01371106,-0.058732085,-0.032588385
5292050,89,883,25,50,25,8.156898552758886,65270,0.5,1.0,2091,-0.012822844,-0.058932383,-0.034413755,0.060311284,-1.7850426,0.0002034890612947,0.0001940855046232,-0.3399586405436028,2.94697505970453,0.0027708186103909,-0.3274404703000449,1.904389761475097,2.356351491396369,3.932006e-06,-211,0.5,0.1,0.0,0.06,0.06,0.1,-0.012822844,-0.058932383,-0.034413755
5292051,89,883,25,50,25,8.156898552758886,65270,0.5,1.0,2092,-0.021548577,-0.09843089,-0.057495087,0.100761995,-1.7863171,0.0002034890612947,0.0001940855046232,-0.3399586405436028,2.94697505970453,0.0027708186103909,-0.3274404703000449,1.904389761475097,2.356351491396369,3.932006e-06,-211,0.5,0.1,0.0,0.101,0.1,0.1,-0.021548577,-0.09843089,-0.057495087
5292026,89,387,25,50,25,2.247637203820937,65270,0.5,1.0,745,-0.023360671,-0.09801662,-0.054446153,0.100761995,-1.8047652,0.0002034890612947,0.0001940855046232,-0.3399586405436028,2.94697505970453,0.0027708186103909,-0.3274404703000449,1.904389761475097,2.356351491396369,3.932006e-06,-211,0.5,0.1,0.0,0.101,0.1,0.1,-0.023360671,-0.09801662,-0.054446153
5292027,89,387,25,50,25,2.247637203820937,65270,0.5,1.0,746,-0.033373825,-0.13721232,-0.076305084,0.14121272,-1.8093909,0.0002034890612947,0.0001940855046232,-0.3399586405436028,2.94697505970453,0.0027708186103909,-0.3274404703000449,1.904389761475097,2.356351491396369,3.932006e-06,-211,0.5,0.1,0.0,0.141,0.14,0.1,-0.033373825,-0.13721232,-0.076305084
5292052,89,883,25,50,25,8.156898552758886,65270,0.5,1.0,2093,-0.030374996,-0.13790719,-0.08057651,0.14121272,-1.7875916,0.0002034890612947,0.0001940855046232,-0.3399586405436028,2.94697505970453,0.0027708186103909,-0.3274404703000449,1.904389761475097,2.356351491396369,3.932006e-06,-211,0.5,0.1,0.0,0.141,0.14,0.1,-0.030374996,-0.13790719,-0.08057651
5292028,89,387,25,50,25,2.247637203820937,65270,0.5,1.0,747,-0.043749947,-0.1763166,-0.09816565,0.18166342,-1.8140169,0.0002034890612947,0.0001940855046232,-0.3399586405436028,2.94697505970453,0.0027708186103909,-0.3274404703000449,1.904389761475097,2.356351491396369,3.932006e-06,-211,0.5,0.2,0.0,0.182,0.18,0.2,-0.043749947,-0.1763166,-0.09816565
5292053,89,883,25,50,25,8.156898552758886,65270,0.5,1.0,2094,-0.039302077,-0.17736107,-0.103658065,0.18166342,-1.7888662,0.0002034890612947,0.0001940855046232,-0.3399586405436028,2.94697505970453,0.0027708186103909,-0.3274404703000449,1.904389761475097,2.356351491396369,3.932006e-06,-211,0.5,0.2,0.0,0.182,0.18,0.2,-0.039302077,-0.17736107,-0.103658065
5292029,89,387,25,50,25,2.247637203820937,65270,0.5,1.0,748,-0.054488443,-0.21532695,-0.12002832,0.22211413,-1.8186433,0.0002034890612947,0.0001940855046232,-0.3399586405436028,2.94697505970453,0.0027708186103909,-0.3274404703000449,1.904389761475097,2.356351491396369,3.932006e-06,-211,0.5,0.2,0.0,0.222,0.22,0.2,-0.054488443,-0.21532695,-0.12002832
5292054,89,883,25,50,25,8.156898552758886,65270,0.5,1.0,2095,-0.04832974,-0.21679235,-0.1267398,0.22211413,-1.7901406,0.0002034890612947,0.0001940855046232,-0.3399586405436028,2.94697505970453,0.0027708186103909,-0.3274404703000449,1.904389761475097,2.356351491396369,3.932006e-06,-211,0.5,0.2,0.0,0.222,0.22,0.2,-0.04832974,-0.21679235,-0.1267398
5292030,89,387,25,50,25,2.247637203820937,65270,0.5,1.0,749,-0.065588765,-0.25424084,-0.14189355,0.26256484,-1.8232703,0.0002034890612947,0.0001940855046232,-0.3399586405436028,2.94697505970453,0.0027708186103909,-0.3274404703000449,1.904389761475097,2.356351491396369,3.932006e-06,-211,0.5,0.3,0.0,0.263,0.26,0.3,-0.065588765,-0.25424084,-0.14189355
5292055,89,883,25,50,25,8.156898552758886,65270,0.5,1.0,2096,-0.057457965,-0.25620085,-0.14982173,0.26256484,-1.7914151,0.0002034890612947,0.0001940855046232,-0.3399586405436028,2.94697505970453,0.0027708186103909,-0.3274404703000449,1.904389761475097,2.356351491396369,3.932006e-06,-211,0.5,0.3,0.0,0.263,0.26,0.3,-0.057457965,-0.25620085,-0.14982173
5292031,89,387,25,50,25,2.247637203820937,65270,0.5,1.0,750,-0.077050366,-0.29305574,-0.16376182,0.30301556,-1.827898,0.0002034890612947,0.0001940855046232,-0.3399586405436028,2.94697505970453,0.0027708186103909,-0.3274404703000449,1.904389761475097,2.356351491396369,3.932006e-06,-211,0.5,0.3,0.0,0.303,0.3,0.3,-0.077050366,-0.29305574,-0.16376182
5292056,89,883,25,50,25,8.156898552758886,65270,0.5,1.0,2097,-0.06668674,-0.29558638,-0.1729039,0.30301556,-1.7926897,0.0002034890612947,0.0001940855046232,-0.3399586405436028,2.94697505970453,0.0027708186103909,-0.3274404703000449,1.904389761475097,2.356351491396369,3.932006e-06,-211,0.5,0.3,0.0,0.303,0.3,0.3,-0.06668674,-0.29558638,-0.1729039
5292032,89,387,25,50,25,2.247637203820937,65270,0.5,1.0,751,-0.08887263,-0.3317691,-0.18563361,0.34346628,-1.8325264,0.0002034890612947,0.0001940855046232,-0.3399586405436028,2.94697505970453,0.0027708186103909,-0.3274404703000449,1.904389761475097,2.356351491396369,3.932006e-06,-211,0.5,0.3,0.0,0.343,0.34,0.3,-0.08887263,-0.3317691,-0.18563361
5292057,89,883,25,50,25,8.156898552758886,65270,0.5,1.0,2098,-0.076015994,-0.33494872,-0.19598635,0.34346628,-1.7939643,0.0002034890612947,0.0001940855046232,-0.3399586405436028,2.94697505970453,0.0027708186103909,-0.3274404703000449,1.904389761475097,2.356351491396369,3.932006e-06,-211,0.5,0.3,0.0,0.343,0.34,0.3,-0.076015994,-0.33494872,-0.19598635
5292058,89,883,25,50,25,8.156898552758886,65270,0.5,1.0,2099,-0.08544569,-0.37428772,-0.21906912,0.383917,-1.7952389,0.0002034890612947,0.0001940855046232,-0.3399586405436028,2.94697505970453,0.0027708186103909,-0.3274404703000449,1.904389761475097,2.356351491396369,3.932006e-06,-211,0.5,0.4,0.0,0.384,0.38,0.4,-0.08544569,-0.37428772,-0.21906912
5292033,89,387,25,50,25,2.247637203820937,65270,0.5,1.0,752,-0.101054996,-0.37037838,-0.20750938,0.383917,-1.8371557,0.0002034890612947,0.0001940855046232,-0.3399586405436028,2.94697505970453,0.0027708186103909,-0.3274404703000449,1.904389761475097,2.356351491396369,3.932006e-06,-211,0.5,0.4,0.0,0.384,0.38,0.4,-0.101054996,-0.37037838,-0.20750938
5292059,89,883,25,50,25,8.156898552758886,65270,0.5,1.0,2100,-0.094975755,-0.41360313,-0.24215226,0.4243677,-1.7965134,0.0002034890612947,0.0001940855046232,-0.3399586405436028,2.94697505970453,0.0027708186103909,-0.3274404703000449,1.904389761475097,2.356351491396369,3.932006e-06,-211,0.5,0.4,0.0,0.424,0.42,0.4,-0.094975755,-0.41360313,-0.24215226
5292034,89,387,25,50,25,2.247637203820937,65270,0.5,1.0,753,-0.11359683,-0.40888104,-0.2293896,0.4243677,-1.8417858,0.0002034890612947,0.0001940855046232,-0.3399586405436028,2.94697505970453,0.0027708186103909,-0.3274404703000449,1.904389761475097,2.356351491396369,3.932006e-06,-211,0.5,0.4,0.0,0.424,0.42,0.4,-0.11359683,-0.40888104,-0.2293896
5292060,89,883,25,50,25,8.156898552758886,65270,0.5,1.0,2101,-0.10460618,-0.4528948,-0.26523578,0.46481842,-1.797788,0.0002034890612947,0.0001940855046232,-0.3399586405436028,2.94697505970453,0.0027708186103909,-0.3274404703000449,1.904389761475097,2.356351491396369,3.932006e-06,-211,0.5,0.5,0.0,0.465,0.46,0.5,-0.10460618,-0.4528948,-0.26523578
5292035,89,387,25,50,25,2.247637203820937,65270,0.5,1.0,754,-0.12649767,-0.4472745,-0.25127473,0.46481842,-1.8464171,0.0002034890612947,0.0001940855046232,-0.3399586405436028,2.94697505970453,0.0027708186103909,-0.3274404703000449,1.904389761475097,2.356351491396369,3.932006e-06,-211,0.5,0.5,0.0,0.465,0.46,0.5,-0.12649767,-0.4472745,-0.25127473
5292061,89,883,25,50,25,8.156898552758886,65270,0.5,1.0,2102,-0.1143369,-0.49216253,-0.28831974,0.5052691,-1.7990626,0.0002034890612947,0.0001940855046232,-0.3399586405436028,2.94697505970453,0.0027708186103909,-0.3274404703000449,1.904389761475097,2.356351491396369,3.932006e-06,-211,0.5,0.5,1.0,0.505,0.51,0.5,-0.1143369,-0.49216253,-0.28831974
5292036,89,387,25,50,25,2.247637203820937,65270,0.5,1.0,755,-0.13975686,-0.48555627,-0.27316526,0.5052691,-1.8510494,0.0002034890612947,0.0001940855046232,-0.3399586405436028,2.94697505970453,0.0027708186103909,-0.3274404703000449,1.904389761475097,2.356351491396369,3.932006e-06,-211,0.5,0.5,1.0,0.505,0.51,0.5,-0.13975686,-0.48555627,-0.27316526
5292062,89,883,25,50,25,8.156898552758886,65270,0.5,1.0,2103,-0.12416795,-0.5314061,-0.31140414,0.54571986,-1.8003373,0.0002034890612947,0.0001940855046232,-0.3399586405436028,2.94697505970453,0.0027708186103909,-0.3274404703000449,1.904389761475097,2.356351491396369,3.932006e-06,-211,0.5,0.5,1.0,0.546,0.55,0.5,-0.12416795,-0.5314061,-0.31140414
5292037,89,387,25,50,25,2.247637203820937,65270,0.5,1.0,756,-0.15337384,-0.52372384,-0.29506168,0.54571986,-1.855683,0.0002034890612947,0.0001940855046232,-0.3399586405436028,2.94697505970453,0.0027708186103909,-0.3274404703000449,1.904389761475097,2.356351491396369,3.932006e-06,-211,0.5,0.5,1.0,0.546,0.55,0.5,-0.15337384,-0.52372384,-0.29506168
5292063,89,883,25,50,25,8.156898552758886,65270,0.5,1.0,2104,-0.13409922,-0.57062536,-0.33448908,0.58617055,-1.801612,0.0002034890612947,0.0001940855046232,-0.3399586405436028,2.94697505970453,0.0027708186103909,-0.3274404703000449,1.904389761475097,2.356351491396369,3.932006e-06,-211,0.5,0.6,1.0,0.586,0.59,0.6,-0.13409922,-0.57062536,-0.33448908
5292038,89,387,25,50,25,2.247637203820937,65270,0.5,1.0,757,-0.16734804,-0.5617745,-0.31696442,0.58617055,-1.860318,0.0002034890612947,0.0001940855046232,-0.3399586405436028,2.94697505970453,0.0027708186103909,-0.3274404703000449,1.904389761475097,2.356351491396369,3.932006e-06,-211,0.5,0.6,1.0,0.586,0.59,0.6,-0.16734804,-0.5617745,-0.31696442
5292039,89,387,25,50,25,2.247637203820937,65270,0.5,1.0,758,-0.18167889,-0.59970576,-0.33887398,0.62662125,-1.8649544,0.0002034890612947,0.0001940855046232,-0.3399586405436028,2.94697505970453,0.0027708186103909,-0.3274404703000449,1.904389761475097,2.356351491396369,3.932006e-06,-211,0.5,0.6,1.0,0.627,0.63,0.6,-0.18167889,-0.59970576,-0.33887398
5292064,89,883,25,50,25,8.156898552758886,65270,0.5,1.0,2105,-0.14413063,-0.60982007,-0.35757455,0.62662125,-1.8028867,0.0002034890612947,0.0001940855046232,-0.3399586405436028,2.94697505970453,0.0027708186103909,-0.3274404703000449,1.904389761475097,2.356351491396369,3.932006e-06,-211,0.5,0.6,1.0,0.627,0.63,0.6,-0.14413063,-0.60982007,-0.35757455
5292065,89,883,25,50,25,8.156898552758886,65270,0.5,1.0,2106,-0.15426221,-0.64899015,-0.3806606,0.667072,-1.8041614,0.0002034890612947,0.0001940855046232,-0.3399586405436028,2.94697505970453,0.0027708186103909,-0.3274404703000449,1.904389761475097,2.356351491396369,3.932006e-06,-211,0.5,0.7,1.0,0.667,0.67,0.7,-0.15426221,-0.64899015,-0.3806606
5292040,89,387,25,50,25,2.247637203820937,65270,0.5,1.0,759,-0.1963658,-0.6375151,-0.36079085,0.667072,-1.8695923,0.0002034890612947,0.0001940855046232,-0.3399586405436028,2.94697505970453,0.0027708186103909,-0.3274404703000449,1.904389761475097,2.356351491396369,3.932006e-06,-211,0.5,0.7,1.0,0.667,0.67,0.7,-0.1963658,-0.6375151,-0.36079085
5292066,89,883,25,50,25,8.156898552758886,65270,0.5,1.0,2107,-0.16449392,-0.68813527,-0.40374726,0.7075227,-1.8054363,0.0002034890612947,0.0001940855046232,-0.3399586405436028,2.94697505970453,0.0027708186103909,-0.3274404703000449,1.904389761475097,2.356351491396369,3.932006e-06,-211,0.5,0.7,1.0,0.708,0.71,0.7,-0.16449392,-0.68813527,-0.40374726
5292041,89,387,25,50,25,2.247637203820937,65270,0.5,1.0,760,-0.21140814,-0.6751999,-0.38271552,0.7075227,-1.8742318,0.0002034890612947,0.0001940855046232,-0.3399586405436028,2.94697505970453,0.0027708186103909,-0.3274404703000449,1.904389761475097,2.356351491396369,3.932006e-06,-211,0.5,0.7,1.0,0.708,0.71,0.7,-0.21140814,-0.6751999,-0.38271552
5292067,89,883,25,50,25,8.156898552758886,65270,0.5,1.0,2108,-0.17482568,-0.7272552,-0.42683458,0.7479734,-1.8067111,0.0002034890612947,0.0001940855046232,-0.3399586405436028,2.94697505970453,0.0027708186103909,-0.3274404703000449,1.904389761475097,2.356351491396369,3.932006e-06,-211,0.5,0.7,1.0,0.748,0.75,0.7,-0.17482568,-0.7272552,-0.42683458
5292042,89,387,25,50,25,2.247637203820937,65270,0.5,1.0,761,-0.22680543,-0.71275765,-0.40464842,0.7479734,-1.8788732,0.0002034890612947,0.0001940855046232,-0.3399586405436028,2.94697505970453,0.0027708186103909,-0.3274404703000449,1.904389761475097,2.356351491396369,3.932006e-06,-211,0.5,0.7,1.0,0.748,0.75,0.7,-0.22680543,-0.71275765,-0.40464842
5292068,89,883,25,50,25,8.156898552758886,65270,0.5,1.0,2109,-0.18525745,-0.76635,-0.44992262,0.78842413,-1.8079859,0.0002034890612947,0.0001940855046232,-0.3399586405436028,2.94697505970453,0.0027708186103909,-0.3274404703000449,1.904389761475097,2.356351491396369,3.932006e-06,-211,0.5,0.8,1.0,0.788,0.79,0.8,-0.18525745,-0.76635,-0.44992262
5292043,89,387,25,50,25,2.247637203820937,65270,0.5,1.0,762,-0.24255706,-0.7501857,-0.42659006,0.78842413,-1.8835164,0.0002034890612947,0.0001940855046232,-0.3399586405436028,2.94697505970453,0.0027708186103909,-0.3274404703000449,1.904389761475097,2.356351491396369,3.932006e-06,-211,0.5,0.8,1.0,0.788,0.79,0.8,-0.24255706,-0.7501857,-0.42659006
5292044,89,387,25,50,25,2.247637203820937,65270,0.5,1.0,763,-0.25866234,-0.7874816,-0.44854096,0.8288748,-1.8881615,0.0002034890612947,0.0001940855046232,-0.3399586405436028,2.94697505970453,0.0027708186103909,-0.3274404703000449,1.904389761475097,2.356351491396369,3.932006e-06,-211,0.5,0.8,1.0,0.829,0.83,0.8,-0.25866234,-0.7874816,-0.44854096
5292069,89,883,25,50,25,8.156898552758886,65270,0.5,1.0,2110,-0.19578925,-0.80541915,-0.47301137,0.8288748,-1.8092608,0.0002034890612947,0.0001940855046232,-0.3399586405436028,2.94697505970453,0.0027708186103909,-0.3274404703000449,1.904389761475097,2.356351491396369,3.932006e-06,-211,0.5,0.8,1.0,0.829,0.83,0.8,-0.19578925,-0.80541915,-0.47301137
5292070,89,883,25,50,25,8.156898552758886,65270,0.5,1.0,2111,-0.20642096,-0.84446275,-0.4961009,0.8693256,-1.8105358,0.0002034890612947,0.0001940855046232,-0.3399586405436028,2.94697505970453,0.0027708186103909,-0.3274404703000449,1.904389761475097,2.356351491396369,3.932006e-06,-211,0.5,0.9,1.0,0.869,0.87,0.9,-0.20642096,-0.84446275,-0.4961009
5292045,89,387,25,50,25,2.247637203820937,65270,0.5,1.0,764,-0.27512076,-0.82464266,-0.47050154,0.8693256,-1.8928087,0.0002034890612947,0.0001940855046232,-0.3399586405436028,2.94697505970453,0.0027708186103909,-0.3274404703000449,1.904389761475097,2.356351491396369,3.932006e-06,-211,0.5,0.9,1.0,0.869,0.87,0.9,-0.27512076,-0.82464266,-0.47050154
5292071,89,883,25,50,25,8.156898552758886,65270,0.5,1.0,2112,-0.21715252,-0.8834804,-0.5191912,0.9097763,-1.8118107,0.0002034890612947,0.0001940855046232,-0.3399586405436028,2.94697505970453,0.0027708186103909,-0.3274404703000449,1.904389761475097,2.356351491396369,3.932006e-06,-211,0.5,0.9,1.0,0.91,0.91,0.9,-0.21715252,-0.8834804,-0.5191912
5292046,89,387,25,50,25,2.247637203820937,65270,0.5,1.0,765,-0.29193184,-0.8616662,-0.49247232,0.9097763,-1.8974581,0.0002034890612947,0.0001940855046232,-0.3399586405436028,2.94697505970453,0.0027708186103909,-0.3274404703000449,1.904389761475097,2.356351491396369,3.932006e-06,-211,0.5,0.9,1.0,0.91,0.91,0.9,-0.29193184,-0.8616662,-0.49247232
5292072,89,883,25,50,25,8.156898552758886,65270,0.5,1.0,2113,-0.22798401,-0.922472,-0.5422824,0.95022696,-1.8130858,0.0002034890612947,0.0001940855046232,-0.3399586405436028,2.94697505970453,0.0027708186103909,-0.3274404703000449,1.904389761475097,2.356351491396369,3.932006e-06,-211,0.5,1.0,1.0,0.95,0.95,1.0,-0.22798401,-0.922472,-0.5422824
5292047,89,387,25,50,25,2.247637203820937,65270,0.5,1.0,766,-0.30909473,-0.8985498,-0.51445377,0.95022696,-1.9021096,0.0002034890612947,0.0001940855046232,-0.3399586405436028,2.94697505970453,0.0027708186103909,-0.3274404703000449,1.904389761475097,2.356351491396369,3.932006e-06,-211,0.5,1.0,1.0,0.95,0.95,1.0,-0.30909473,-0.8985498,-0.51445377
5292073,89,883,25,50,25,8.156898552758886,65270,0.5,1.0,2114,-0.23891528,-0.96143734,-0.56537443,0.9906777,-1.8143609,0.0002034890612947,0.0001940855046232,-0.3399586405436028,2.94697505970453,0.0027708186103909,-0.3274404703000449,1.904389761475097,2.356351491396369,3.932006e-06,-211,0.5,1.0,1.0,0.991,0.99,1.0,-0.23891528,-0.96143734,-0.56537443
5292048,89,387,25,50,25,2.247637203820937,65270,0.5,1.0,767,-0.3266092,-0.93529075,-0.53644645,0.9906777,-1.9067637,0.0002034890612947,0.0001940855046232,-0.3399586405436028,2.94697505970453,0.0027708186103909,-0.3274404703000449,1.904389761475097,2.356351491396369,3.932006e-06,-211,0.5,1.0,1.0,0.991,0.99,1.0,-0.3266092,-0.93529075,-0.53644645
5292049,89,387,25,50,25,2.247637203820937,65270,0.5,1.0,768,-0.34447432,-0.97188646,-0.5584508,1.0311284,-1.9114201,0.0002034890612947,0.0001940855046232,-0.3399586405436028,2.94697505970453,0.0027708186103909,-0.3274404703000449,1.904389761475097,2.356351491396369,3.932006e-06,-211,0.5,1.0,1.0,1.031,1.03,1.0,-0.34447432,-0.97188646,-0.5584508
5292074,89,883,25,50,25,8.156898552758886,65270,0.5,1.0,2115,-0.24994625,-1.0003762,-0.5884674,1.0311284,-1.8156359,0.0002034890612947,0.0001940855046232,-0.3399586405436028,2.94697505970453,0.0027708186103909,-0.3274404703000449,1.904389761475097,2.356351491396369,3.932006e-06,-211,0.5,1.0,1.0,1.031,1.03,1.0,-0.24994625,-1.0003762,-0.5884674
