sample_index,category,event_num_original,track_id_original,n_hits_extracted,output_file,event_num,track_id,particle_id,PID,n_reco_hits,n_true_hits,purity_reco,eff_true,n_hits,n_truth_contributors,dominant_truth_purity,pid15_hits,pid15_fraction
1,SM,72,1237,18,event000000001-hits.csv,72.0,1237.0,919.0,211.0,18.0,19.0,1.0,0.9473684210526316,,,,,
2,SM,381,1086,25,event000000002-hits.csv,381.0,1086.0,806.0,-211.0,25.0,25.0,1.0,1.0,,,,,
3,SM,419,3499,22,event000000003-hits.csv,419.0,3499.0,2265.0,-211.0,22.0,23.0,1.0,0.9565217391304348,,,,,
4,SM,408,31,24,event000000004-hits.csv,408.0,31.0,28.0,-211.0,24.0,25.0,1.0,0.96,,,,,
5,SM,141,184,25,event000000005-hits.csv,141.0,184.0,151.0,211.0,25.0,25.0,1.0,1.0,,,,,
6,SM,340,158,24,event000000006-hits.csv,340.0,158.0,119.0,211.0,24.0,24.0,1.0,1.0,,,,,
7,SM,386,2669,24,event000000007-hits.csv,386.0,2669.0,1659.0,211.0,24.0,25.0,1.0,0.96,,,,,
8,SM,448,291,17,event000000008-hits.csv,448.0,291.0,224.0,211.0,17.0,17.0,1.0,1.0,,,,,
9,SM,82,1215,23,event000000009-hits.csv,82.0,1215.0,745.0,-211.0,23.0,25.0,1.0,0.92,,,,,
10,SM,368,905,24,event000000010-hits.csv,368.0,905.0,700.0,-321.0,24.0,25.0,1.0,0.96,,,,,
11,SM,29,1457,19,event000000011-hits.csv,29.0,1457.0,940.0,211.0,19.0,22.0,1.0,0.8636363636363636,,,,,
12,SM,157,452,22,event000000012-hits.csv,157.0,452.0,333.0,-211.0,22.0,25.0,1.0,0.88,,,,,
13,SM,105,718,25,event000000013-hits.csv,105.0,718.0,499.0,130.0,25.0,25.0,1.0,1.0,,,,,
14,SM,63,2641,21,event000000014-hits.csv,63.0,2641.0,1838.0,-211.0,21.0,25.0,1.0,0.84,,,,,
15,SM,372,359,25,event000000015-hits.csv,372.0,359.0,255.0,211.0,25.0,25.0,1.0,1.0,,,,,
16,SM,383,528,18,event000000016-hits.csv,383.0,528.0,385.0,211.0,18.0,18.0,1.0,1.0,,,,,
17,SM,64,283,25,event000000017-hits.csv,64.0,283.0,240.0,-321.0,25.0,25.0,1.0,1.0,,,,,
18,SM,54,973,25,event000000018-hits.csv,54.0,973.0,718.0,-321.0,25.0,25.0,1.0,1.0,,,,,
19,SM,313,2909,24,event000000019-hits.csv,313.0,2909.0,1597.0,211.0,24.0,24.0,1.0,1.0,,,,,
20,SM,2,214,25,event000000020-hits.csv,2.0,214.0,167.0,-211.0,25.0,25.0,1.0,1.0,,,,,
21,SM,313,133,25,event000000021-hits.csv,313.0,133.0,97.0,-211.0,25.0,25.0,1.0,1.0,,,,,
22,SM,362,1287,25,event000000022-hits.csv,362.0,1287.0,837.0,-321.0,25.0,25.0,1.0,1.0,,,,,
23,SM,347,346,19,event000000023-hits.csv,347.0,346.0,243.0,-211.0,19.0,19.0,1.0,1.0,,,,,
24,SM,233,890,24,event000000024-hits.csv,233.0,890.0,656.0,-211.0,24.0,25.0,1.0,0.96,,,,,
25,SM,187,2468,25,event000000025-hits.csv,187.0,2468.0,1604.0,-211.0,25.0,25.0,1.0,1.0,,,,,
26,SM,288,172,25,event000000026-hits.csv,288.0,172.0,140.0,-211.0,25.0,25.0,1.0,1.0,,,,,
27,SM,411,1576,25,event000000027-hits.csv,411.0,1576.0,1231.0,-211.0,25.0,25.0,1.0,1.0,,,,,
28,SM,278,78,25,event000000028-hits.csv,278.0,78.0,69.0,130.0,25.0,25.0,1.0,1.0,,,,,
29,SM,18,2730,24,event000000029-hits.csv,18.0,2730.0,1664.0,211.0,24.0,25.0,1.0,0.96,,,,,
30,SM,3,1100,25,event000000030-hits.csv,3.0,1100.0,886.0,-211.0,25.0,25.0,1.0,1.0,,,,,
31,SM,371,2285,22,event000000031-hits.csv,371.0,2285.0,1564.0,321.0,22.0,22.0,1.0,1.0,,,,,
32,SM,52,586,25,event000000032-hits.csv,52.0,586.0,450.0,-211.0,25.0,25.0,1.0,1.0,,,,,
33,SM,27,53,25,event000000033-hits.csv,27.0,53.0,45.0,-321.0,25.0,25.0,1.0,1.0,,,,,
34,SM,254,1325,15,event000000034-hits.csv,254.0,1325.0,987.0,-211.0,15.0,15.0,1.0,1.0,,,,,
35,SM,183,906,17,event000000035-hits.csv,183.0,906.0,687.0,-321.0,17.0,17.0,1.0,1.0,,,,,
36,SM,169,421,21,event000000036-hits.csv,169.0,421.0,315.0,-211.0,21.0,25.0,1.0,0.84,,,,,
37,SM,358,981,20,event000000037-hits.csv,358.0,981.0,702.0,211.0,20.0,21.0,1.0,0.9523809523809524,,,,,
38,SM,129,2895,23,event000000038-hits.csv,129.0,2895.0,2036.0,321.0,23.0,24.0,1.0,0.9583333333333334,,,,,
39,SM,211,1114,24,event000000039-hits.csv,211.0,1114.0,852.0,-321.0,24.0,25.0,1.0,0.96,,,,,
40,SM,12,2528,17,event000000040-hits.csv,12.0,2528.0,1738.0,321.0,17.0,17.0,1.0,1.0,,,,,
41,SM,180,149,24,event000000041-hits.csv,180.0,149.0,136.0,321.0,24.0,25.0,1.0,0.96,,,,,
42,SM,471,18,25,event000000042-hits.csv,471.0,18.0,14.0,211.0,25.0,25.0,1.0,1.0,,,,,
43,SM,78,909,25,event000000043-hits.csv,78.0,909.0,782.0,211.0,25.0,25.0,1.0,1.0,,,,,
44,SM,117,1208,23,event000000044-hits.csv,117.0,1208.0,727.0,211.0,23.0,25.0,1.0,0.92,,,,,
45,SM,39,2214,25,event000000045-hits.csv,39.0,2214.0,1586.0,-211.0,25.0,25.0,1.0,1.0,,,,,
46,SM,438,987,20,event000000046-hits.csv,438.0,987.0,720.0,-211.0,20.0,23.0,1.0,0.8695652173913043,,,,,
47,SM,437,2252,24,event000000047-hits.csv,437.0,2252.0,1626.0,-211.0,24.0,25.0,1.0,0.96,,,,,
48,SM,428,447,22,event000000048-hits.csv,428.0,447.0,310.0,2112.0,22.0,25.0,1.0,0.88,,,,,
49,SM,420,1068,18,event000000049-hits.csv,420.0,1068.0,770.0,211.0,18.0,20.0,1.0,0.9,,,,,
50,SM,349,593,25,event000000050-hits.csv,349.0,593.0,405.0,2212.0,25.0,25.0,1.0,1.0,,,,,
51,SM,195,15,25,event000000051-hits.csv,195.0,15.0,16.0,211.0,25.0,25.0,1.0,1.0,,,,,
52,SM,90,700,25,event000000052-hits.csv,90.0,700.0,521.0,211.0,25.0,25.0,1.0,1.0,,,,,
53,SM,432,496,15,event000000053-hits.csv,432.0,496.0,406.0,211.0,15.0,15.0,1.0,1.0,,,,,
54,SM,220,144,25,event000000054-hits.csv,220.0,144.0,107.0,211.0,25.0,25.0,1.0,1.0,,,,,
55,SM,486,521,19,event000000055-hits.csv,486.0,521.0,390.0,-211.0,19.0,19.0,1.0,1.0,,,,,
56,SM,465,2464,25,event000000056-hits.csv,465.0,2464.0,1590.0,211.0,25.0,25.0,1.0,1.0,,,,,
57,SM,366,1207,17,event000000057-hits.csv,366.0,1207.0,884.0,211.0,17.0,18.0,1.0,0.9444444444444444,,,,,
58,SM,122,558,21,event000000058-hits.csv,122.0,558.0,457.0,130.0,21.0,21.0,1.0,1.0,,,,,
59,SM,480,258,25,event000000059-hits.csv,480.0,258.0,218.0,2212.0,25.0,25.0,1.0,1.0,,,,,
60,SM,42,2033,25,event000000060-hits.csv,42.0,2033.0,1408.0,211.0,25.0,25.0,1.0,1.0,,,,,
61,SM,98,2875,25,event000000061-hits.csv,98.0,2875.0,1987.0,-2112.0,25.0,25.0,1.0,1.0,,,,,
62,SM,143,175,15,event000000062-hits.csv,143.0,175.0,140.0,-211.0,15.0,15.0,1.0,1.0,,,,,
63,SM,343,1144,25,event000000063-hits.csv,343.0,1144.0,886.0,2212.0,25.0,25.0,1.0,1.0,,,,,
64,SM,282,532,25,event000000064-hits.csv,282.0,532.0,403.0,11.0,25.0,25.0,1.0,1.0,,,,,
65,SM,77,2680,24,event000000065-hits.csv,77.0,2680.0,1877.0,-211.0,24.0,25.0,1.0,0.96,,,,,
66,SM,31,2205,24,event000000066-hits.csv,31.0,2205.0,1591.0,211.0,24.0,25.0,1.0,0.96,,,,,
67,SM,203,408,16,event000000067-hits.csv,203.0,408.0,334.0,211.0,16.0,17.0,1.0,0.9411764705882352,,,,,
68,SM,24,1591,17,event000000068-hits.csv,24.0,1591.0,945.0,2112.0,17.0,25.0,1.0,0.68,,,,,
69,SM,109,321,25,event000000069-hits.csv,109.0,321.0,259.0,211.0,25.0,25.0,1.0,1.0,,,,,
70,SM,481,186,25,event000000070-hits.csv,481.0,186.0,165.0,-211.0,25.0,25.0,1.0,1.0,,,,,
71,SM,49,994,25,event000000071-hits.csv,49.0,994.0,733.0,-211.0,25.0,25.0,1.0,1.0,,,,,
72,SM,79,1454,21,event000000072-hits.csv,79.0,1454.0,1107.0,-211.0,21.0,21.0,1.0,1.0,,,,,
73,SM,310,190,25,event000000073-hits.csv,310.0,190.0,164.0,-2212.0,25.0,25.0,1.0,1.0,,,,,
74,SM,340,288,24,event000000074-hits.csv,340.0,288.0,222.0,211.0,24.0,25.0,1.0,0.96,,,,,
75,SM,342,1545,23,event000000075-hits.csv,342.0,1545.0,1063.0,-211.0,23.0,25.0,1.0,0.92,,,,,
76,SM,19,1950,20,event000000076-hits.csv,19.0,1950.0,1350.0,211.0,20.0,21.0,1.0,0.9523809523809524,,,,,
77,SM,437,2068,16,event000000077-hits.csv,437.0,2068.0,1497.0,-2212.0,16.0,25.0,1.0,0.64,,,,,
78,SM,488,1036,25,event000000078-hits.csv,488.0,1036.0,692.0,130.0,25.0,25.0,1.0,1.0,,,,,
79,SM,177,960,24,event000000079-hits.csv,177.0,960.0,722.0,-211.0,24.0,24.0,1.0,1.0,,,,,
80,SM,465,2265,18,event000000080-hits.csv,465.0,2265.0,1453.0,-321.0,18.0,18.0,1.0,1.0,,,,,
81,SM,489,912,24,event000000081-hits.csv,489.0,912.0,695.0,-211.0,24.0,25.0,1.0,0.96,,,,,
82,SM,406,2500,24,event000000082-hits.csv,406.0,2500.0,1671.0,211.0,24.0,25.0,1.0,0.96,,,,,
83,SM,193,1640,25,event000000083-hits.csv,193.0,1640.0,1209.0,-211.0,25.0,25.0,1.0,1.0,,,,,
84,SM,454,204,16,event000000084-hits.csv,454.0,204.0,165.0,130.0,16.0,16.0,1.0,1.0,,,,,
85,SM,408,2086,25,event000000085-hits.csv,408.0,2086.0,1552.0,130.0,25.0,25.0,1.0,1.0,,,,,
86,SM,258,4454,22,event000000086-hits.csv,258.0,4454.0,2632.0,211.0,22.0,25.0,1.0,0.88,,,,,
87,SM,358,595,17,event000000087-hits.csv,358.0,595.0,448.0,-211.0,17.0,21.0,1.0,0.8095238095238095,,,,,
88,SM,77,1920,25,event000000088-hits.csv,77.0,1920.0,1306.0,-211.0,25.0,25.0,1.0,1.0,,,,,
89,SM,120,919,24,event000000089-hits.csv,120.0,919.0,687.0,-321.0,24.0,25.0,1.0,0.96,,,,,
90,SM,11,225,25,event000000090-hits.csv,11.0,225.0,202.0,211.0,25.0,25.0,1.0,1.0,,,,,
91,SM,447,320,25,event000000091-hits.csv,447.0,320.0,239.0,211.0,25.0,25.0,1.0,1.0,,,,,
92,SM,91,1177,21,event000000092-hits.csv,91.0,1177.0,944.0,-211.0,21.0,21.0,1.0,1.0,,,,,
93,SM,344,998,21,event000000093-hits.csv,344.0,998.0,739.0,-211.0,21.0,21.0,1.0,1.0,,,,,
94,SM,321,434,19,event000000094-hits.csv,321.0,434.0,317.0,-321.0,19.0,25.0,1.0,0.76,,,,,
95,SM,284,556,22,event000000095-hits.csv,284.0,556.0,398.0,211.0,22.0,22.0,1.0,1.0,,,,,
96,SM,170,466,16,event000000096-hits.csv,170.0,466.0,376.0,211.0,16.0,17.0,1.0,0.9411764705882352,,,,,
97,SM,317,184,25,event000000097-hits.csv,317.0,184.0,170.0,-321.0,25.0,25.0,1.0,1.0,,,,,
98,SM,3,1520,17,event000000098-hits.csv,3.0,1520.0,1208.0,-211.0,17.0,17.0,1.0,1.0,,,,,
99,SM,193,806,25,event000000099-hits.csv,193.0,806.0,628.0,-211.0,25.0,25.0,1.0,1.0,,,,,
100,SM,164,1487,25,event000000100-hits.csv,164.0,1487.0,965.0,-2112.0,25.0,25.0,1.0,1.0,,,,,
1,PID15,268,1540,25,event000000001-hits.csv,268.0,1540.0,1198.0,15.0,25.0,25.0,1.0,1.0,,,,,
2,PID15,126,2280,20,event000000002-hits.csv,126.0,2280.0,1289.0,15.0,20.0,25.0,1.0,0.8,,,,,
3,PID15,30,3342,20,event000000003-hits.csv,30.0,3342.0,2174.0,15.0,20.0,25.0,1.0,0.8,,,,,
4,PID15,1,776,15,event000000004-hits.csv,1.0,776.0,646.0,15.0,15.0,25.0,1.0,0.6,,,,,
5,PID15,419,3587,24,event000000005-hits.csv,419.0,3587.0,2322.0,15.0,24.0,25.0,1.0,0.96,,,,,
6,PID15,457,1301,24,event000000006-hits.csv,457.0,1301.0,1049.0,15.0,24.0,25.0,1.0,0.96,,,,,
7,PID15,319,3434,24,event000000007-hits.csv,319.0,3434.0,2142.0,15.0,24.0,25.0,1.0,0.96,,,,,
8,PID15,291,2401,18,event000000008-hits.csv,291.0,2401.0,1755.0,15.0,18.0,29.0,1.0,0.6206896551724138,,,,,
9,PID15,413,762,25,event000000009-hits.csv,413.0,762.0,570.0,15.0,25.0,25.0,1.0,1.0,,,,,
10,PID15,57,2995,24,event000000010-hits.csv,57.0,2995.0,2044.0,15.0,24.0,25.0,1.0,0.96,,,,,
11,PID15,118,1811,25,event000000011-hits.csv,118.0,1811.0,1379.0,15.0,25.0,25.0,1.0,1.0,,,,,
12,PID15,266,1940,21,event000000012-hits.csv,266.0,1940.0,1501.0,15.0,21.0,31.0,1.0,0.6774193548387096,,,,,
13,PID15,4,2754,23,event000000013-hits.csv,4.0,2754.0,1783.0,15.0,23.0,25.0,1.0,0.92,,,,,
14,PID15,133,3118,20,event000000014-hits.csv,133.0,3118.0,2199.0,15.0,20.0,25.0,1.0,0.8,,,,,
15,PID15,261,1530,24,event000000015-hits.csv,261.0,1530.0,1148.0,15.0,24.0,25.0,1.0,0.96,,,,,
16,PID15,475,2002,22,event000000016-hits.csv,475.0,2002.0,1478.0,15.0,22.0,25.0,1.0,0.88,,,,,
17,PID15,340,4367,24,event000000017-hits.csv,340.0,4367.0,2676.0,15.0,24.0,25.0,1.0,0.96,,,,,
18,PID15,485,727,25,event000000018-hits.csv,485.0,727.0,596.0,15.0,25.0,25.0,1.0,1.0,,,,,
19,PID15,121,3505,24,event000000019-hits.csv,121.0,3505.0,2245.0,15.0,24.0,25.0,1.0,0.96,,,,,
20,PID15,393,1586,15,event000000020-hits.csv,393.0,1586.0,1225.0,15.0,15.0,25.0,1.0,0.6,,,,,
21,PID15,270,1373,23,event000000021-hits.csv,270.0,1373.0,1050.0,15.0,23.0,25.0,1.0,0.92,,,,,
22,PID15,217,2745,19,event000000022-hits.csv,217.0,2745.0,2011.0,15.0,19.0,25.0,1.0,0.76,,,,,
23,PID15,424,3262,20,event000000023-hits.csv,424.0,3262.0,2162.0,15.0,20.0,35.0,1.0,0.5714285714285714,,,,,
24,PID15,242,2657,24,event000000024-hits.csv,242.0,2657.0,1887.0,15.0,24.0,25.0,1.0,0.96,,,,,
25,PID15,154,1804,25,event000000025-hits.csv,154.0,1804.0,1186.0,15.0,25.0,25.0,1.0,1.0,,,,,
26,PID15,320,831,25,event000000026-hits.csv,320.0,831.0,650.0,15.0,25.0,25.0,1.0,1.0,,,,,
27,PID15,182,1739,25,event000000027-hits.csv,182.0,1739.0,1274.0,15.0,25.0,25.0,1.0,1.0,,,,,
28,PID15,138,3040,25,event000000028-hits.csv,138.0,3040.0,2087.0,15.0,25.0,25.0,1.0,1.0,,,,,
29,PID15,351,2271,20,event000000029-hits.csv,351.0,2271.0,1613.0,15.0,20.0,25.0,1.0,0.8,,,,,
30,PID15,468,1969,21,event000000030-hits.csv,468.0,1969.0,1262.0,15.0,21.0,25.0,1.0,0.84,,,,,
31,PID15,255,1494,25,event000000031-hits.csv,255.0,1494.0,1124.0,15.0,25.0,25.0,1.0,1.0,,,,,
32,PID15,123,1795,23,event000000032-hits.csv,123.0,1795.0,1328.0,15.0,23.0,25.0,1.0,0.92,,,,,
33,PID15,61,634,25,event000000033-hits.csv,61.0,634.0,529.0,15.0,25.0,25.0,1.0,1.0,,,,,
34,PID15,352,1806,20,event000000034-hits.csv,352.0,1806.0,1274.0,15.0,20.0,35.0,1.0,0.5714285714285714,,,,,
35,PID15,447,2802,25,event000000035-hits.csv,447.0,2802.0,1899.0,15.0,25.0,25.0,1.0,1.0,,,,,
36,PID15,267,4891,21,event000000036-hits.csv,267.0,4891.0,2623.0,15.0,21.0,25.0,1.0,0.84,,,,,
37,PID15,130,1678,25,event000000037-hits.csv,130.0,1678.0,1164.0,15.0,25.0,25.0,1.0,1.0,,,,,
38,PID15,35,1992,25,event000000038-hits.csv,35.0,1992.0,1475.0,15.0,25.0,25.0,1.0,1.0,,,,,
39,PID15,209,1786,25,event000000039-hits.csv,209.0,1786.0,1250.0,15.0,25.0,25.0,1.0,1.0,,,,,
40,PID15,269,2446,23,event000000040-hits.csv,269.0,2446.0,1689.0,15.0,23.0,25.0,1.0,0.92,,,,,
41,PID15,188,2966,25,event000000041-hits.csv,188.0,2966.0,1997.0,15.0,25.0,25.0,1.0,1.0,,,,,
42,PID15,356,2435,24,event000000042-hits.csv,356.0,2435.0,1245.0,15.0,24.0,25.0,1.0,0.96,,,,,
43,PID15,309,1856,23,event000000043-hits.csv,309.0,1856.0,1237.0,15.0,23.0,25.0,1.0,0.92,,,,,
44,PID15,88,2999,19,event000000044-hits.csv,88.0,2999.0,2010.0,15.0,19.0,25.0,1.0,0.76,,,,,
45,PID15,232,2171,17,event000000045-hits.csv,232.0,2171.0,1624.0,15.0,17.0,25.0,1.0,0.68,,,,,
46,PID15,202,1860,25,event000000046-hits.csv,202.0,1860.0,1417.0,15.0,25.0,25.0,1.0,1.0,,,,,
47,PID15,481,1484,16,event000000047-hits.csv,481.0,1484.0,1080.0,15.0,16.0,25.0,1.0,0.64,,,,,
48,PID15,454,1758,24,event000000048-hits.csv,454.0,1758.0,1274.0,15.0,24.0,25.0,1.0,0.96,,,,,
49,PID15,66,2852,24,event000000049-hits.csv,66.0,2852.0,2061.0,15.0,24.0,25.0,1.0,0.96,,,,,
50,PID15,279,947,25,event000000050-hits.csv,279.0,947.0,751.0,15.0,25.0,25.0,1.0,1.0,,,,,
51,PID15,162,2238,24,event000000051-hits.csv,162.0,2238.0,1655.0,15.0,24.0,25.0,1.0,0.96,,,,,
52,PID15,412,1904,22,event000000052-hits.csv,412.0,1904.0,1111.0,15.0,22.0,25.0,1.0,0.88,,,,,
53,PID15,195,1848,24,event000000053-hits.csv,195.0,1848.0,1390.0,15.0,24.0,25.0,1.0,0.96,,,,,
54,PID15,56,3323,18,event000000054-hits.csv,56.0,3323.0,1801.0,15.0,18.0,25.0,1.0,0.72,,,,,
55,PID15,349,3413,25,event000000055-hits.csv,349.0,3413.0,2202.0,15.0,25.0,25.0,1.0,1.0,,,,,
56,PID15,36,1828,25,event000000056-hits.csv,36.0,1828.0,1395.0,15.0,25.0,25.0,1.0,1.0,,,,,
57,PID15,455,2329,23,event000000057-hits.csv,455.0,2329.0,1744.0,15.0,23.0,25.0,1.0,0.92,,,,,
58,PID15,116,1287,25,event000000058-hits.csv,116.0,1287.0,958.0,15.0,25.0,25.0,1.0,1.0,,,,,
59,PID15,77,2692,24,event000000059-hits.csv,77.0,2692.0,1882.0,15.0,24.0,25.0,1.0,0.96,,,,,
60,PID15,142,3019,24,event000000060-hits.csv,142.0,3019.0,1752.0,15.0,24.0,25.0,1.0,0.96,,,,,
61,PID15,296,1593,22,event000000061-hits.csv,296.0,1593.0,1217.0,15.0,22.0,25.0,1.0,0.88,,,,,
62,PID15,369,2878,22,event000000062-hits.csv,369.0,2878.0,1914.0,15.0,22.0,25.0,1.0,0.88,,,,,
63,PID15,415,2399,25,event000000063-hits.csv,415.0,2399.0,1661.0,15.0,25.0,25.0,1.0,1.0,,,,,
64,PID15,76,2998,17,event000000064-hits.csv,76.0,2998.0,1873.0,15.0,17.0,27.0,1.0,0.6296296296296297,,,,,
65,PID15,189,3258,15,event000000065-hits.csv,189.0,3258.0,2035.0,15.0,15.0,25.0,1.0,0.6,,,,,
66,PID15,371,3145,25,event000000066-hits.csv,371.0,3145.0,2121.0,15.0,25.0,25.0,1.0,1.0,,,,,
67,PID15,79,2096,21,event000000067-hits.csv,79.0,2096.0,1608.0,15.0,21.0,37.0,1.0,0.5675675675675675,,,,,
68,PID15,290,1411,24,event000000068-hits.csv,290.0,1411.0,1015.0,15.0,24.0,25.0,1.0,0.96,,,,,
69,PID15,210,1243,25,event000000069-hits.csv,210.0,1243.0,951.0,15.0,25.0,25.0,1.0,1.0,,,,,
70,PID15,490,3275,19,event000000070-hits.csv,490.0,3275.0,2049.0,15.0,19.0,25.0,1.0,0.76,,,,,
71,PID15,431,816,19,event000000071-hits.csv,431.0,816.0,665.0,15.0,19.0,25.0,1.0,0.76,,,,,
72,PID15,176,2883,16,event000000072-hits.csv,176.0,2883.0,2112.0,15.0,16.0,25.0,1.0,0.64,,,,,
73,PID15,370,2261,21,event000000073-hits.csv,370.0,2261.0,1598.0,15.0,21.0,25.0,1.0,0.84,,,,,
74,PID15,318,1314,22,event000000074-hits.csv,318.0,1314.0,1028.0,15.0,22.0,25.0,1.0,0.88,,,,,
75,PID15,223,2062,21,event000000075-hits.csv,223.0,2062.0,1265.0,15.0,21.0,25.0,1.0,0.84,,,,,
76,PID15,164,2307,25,event000000076-hits.csv,164.0,2307.0,1506.0,15.0,25.0,25.0,1.0,1.0,,,,,
77,PID15,410,2525,23,event000000077-hits.csv,410.0,2525.0,1610.0,15.0,23.0,43.0,1.0,0.5348837209302325,,,,,
78,PID15,170,1477,24,event000000078-hits.csv,170.0,1477.0,1185.0,15.0,24.0,25.0,1.0,0.96,,,,,
79,PID15,224,1772,25,event000000079-hits.csv,224.0,1772.0,1302.0,15.0,25.0,25.0,1.0,1.0,,,,,
80,PID15,93,3619,25,event000000080-hits.csv,93.0,3619.0,2260.0,15.0,25.0,25.0,1.0,1.0,,,,,
81,PID15,401,2834,16,event000000081-hits.csv,401.0,2834.0,1946.0,15.0,16.0,31.0,1.0,0.5161290322580645,,,,,
82,PID15,420,3202,21,event000000082-hits.csv,420.0,3202.0,2193.0,15.0,21.0,25.0,1.0,0.84,,,,,
83,PID15,262,2989,19,event000000083-hits.csv,262.0,2989.0,2220.0,15.0,19.0,25.0,1.0,0.76,,,,,
84,PID15,362,3886,23,event000000084-hits.csv,362.0,3886.0,2439.0,15.0,23.0,25.0,1.0,0.92,,,,,
85,PID15,292,1003,20,event000000085-hits.csv,292.0,1003.0,790.0,15.0,20.0,25.0,1.0,0.8,,,,,
86,PID15,345,1610,24,event000000086-hits.csv,345.0,1610.0,1130.0,15.0,24.0,25.0,1.0,0.96,,,,,
87,PID15,23,2023,18,event000000087-hits.csv,23.0,2023.0,1392.0,15.0,18.0,25.0,1.0,0.72,,,,,
88,PID15,449,1567,24,event000000088-hits.csv,449.0,1567.0,1071.0,15.0,24.0,25.0,1.0,0.96,,,,,
89,PID15,346,1800,21,event000000089-hits.csv,346.0,1800.0,1226.0,15.0,21.0,25.0,1.0,0.84,,,,,
90,PID15,41,1745,25,event000000090-hits.csv,41.0,1745.0,1236.0,15.0,25.0,25.0,1.0,1.0,,,,,
91,PID15,49,2211,24,event000000091-hits.csv,49.0,2211.0,1566.0,15.0,24.0,37.0,1.0,0.6486486486486487,,,,,
92,PID15,429,906,23,event000000092-hits.csv,429.0,906.0,1731.0,15.0,23.0,25.0,0.9565217391304348,0.88,,,,,
93,PID15,372,4574,25,event000000093-hits.csv,372.0,4574.0,2735.0,15.0,25.0,25.0,1.0,1.0,,,,,
94,PID15,380,1621,21,event000000094-hits.csv,380.0,1621.0,1071.0,15.0,21.0,25.0,1.0,0.84,,,,,
95,PID15,456,3197,24,event000000095-hits.csv,456.0,3197.0,2116.0,15.0,24.0,25.0,1.0,0.96,,,,,
96,PID15,254,2242,18,event000000096-hits.csv,254.0,2242.0,1615.0,15.0,18.0,25.0,1.0,0.72,,,,,
97,PID15,205,2948,21,event000000097-hits.csv,205.0,2948.0,1895.0,15.0,21.0,25.0,1.0,0.84,,,,,
98,PID15,322,1570,21,event000000098-hits.csv,322.0,1570.0,1198.0,15.0,21.0,31.0,1.0,0.6774193548387096,,,,,
99,PID15,19,1881,24,event000000099-hits.csv,19.0,1881.0,1912.0,15.0,24.0,25.0,0.9583333333333334,0.92,,,,,
100,PID15,363,2420,15,event000000100-hits.csv,363.0,2420.0,1831.0,15.0,15.0,25.0,1.0,0.6,,,,,
1,fake,495,1045,48,event000000001-hits.csv,495.0,1045.0,,,,,,,48.0,2.0,0.5,0.0,0.0
2,fake,42,2106,50,event000000002-hits.csv,42.0,2106.0,,,,,,,50.0,2.0,0.5,0.0,0.0
3,fake,112,183,50,event000000003-hits.csv,112.0,183.0,,,,,,,50.0,2.0,0.5,0.0,0.0
4,fake,243,1064,46,event000000004-hits.csv,243.0,1064.0,,,,,,,46.0,2.0,0.5,0.0,0.0
5,fake,454,600,34,event000000005-hits.csv,454.0,600.0,,,,,,,34.0,3.0,0.5,0.0,0.0
6,fake,42,273,36,event000000006-hits.csv,42.0,273.0,,,,,,,36.0,2.0,0.5,0.0,0.0
7,fake,297,2033,48,event000000007-hits.csv,297.0,2033.0,,,,,,,48.0,2.0,0.5,0.0,0.0
8,fake,258,3610,18,event000000008-hits.csv,258.0,3610.0,,,,,,,18.0,2.0,0.5,0.0,0.0
9,fake,475,871,50,event000000009-hits.csv,475.0,871.0,,,,,,,50.0,2.0,0.5,0.0,0.0
10,fake,246,146,46,event000000010-hits.csv,246.0,146.0,,,,,,,46.0,2.0,0.5,0.0,0.0
11,fake,166,1288,50,event000000011-hits.csv,166.0,1288.0,,,,,,,50.0,2.0,0.5,0.0,0.0
12,fake,439,175,50,event000000012-hits.csv,439.0,175.0,,,,,,,50.0,2.0,0.5,0.0,0.0
13,fake,175,180,50,event000000013-hits.csv,175.0,180.0,,,,,,,50.0,2.0,0.5,0.0,0.0
14,fake,161,710,20,event000000014-hits.csv,161.0,710.0,,,,,,,20.0,2.0,0.5,0.0,0.0
15,fake,237,525,48,event000000015-hits.csv,237.0,525.0,,,,,,,48.0,2.0,0.5,0.0,0.0
16,fake,221,76,50,event000000016-hits.csv,221.0,76.0,,,,,,,50.0,2.0,0.5,0.0,0.0
17,fake,287,137,50,event000000017-hits.csv,287.0,137.0,,,,,,,50.0,2.0,0.5,0.0,0.0
18,fake,101,1095,50,event000000018-hits.csv,101.0,1095.0,,,,,,,50.0,2.0,0.5,0.0,0.0
19,fake,418,1273,50,event000000019-hits.csv,418.0,1273.0,,,,,,,50.0,2.0,0.5,0.0,0.0
20,fake,176,2105,50,event000000020-hits.csv,176.0,2105.0,,,,,,,50.0,2.0,0.5,0.0,0.0
21,fake,89,145,48,event000000021-hits.csv,89.0,145.0,,,,,,,48.0,2.0,0.5,0.0,0.0
22,fake,136,1031,50,event000000022-hits.csv,136.0,1031.0,,,,,,,50.0,2.0,0.5,0.0,0.0
23,fake,473,436,50,event000000023-hits.csv,473.0,436.0,,,,,,,50.0,2.0,0.5,0.0,0.0
24,fake,40,480,46,event000000024-hits.csv,40.0,480.0,,,,,,,46.0,2.0,0.5,0.0,0.0
25,fake,207,32,50,event000000025-hits.csv,207.0,32.0,,,,,,,50.0,2.0,0.5,0.0,0.0
26,fake,184,28,50,event000000026-hits.csv,184.0,28.0,,,,,,,50.0,2.0,0.5,0.0,0.0
27,fake,68,233,50,event000000027-hits.csv,68.0,233.0,,,,,,,50.0,2.0,0.5,0.0,0.0
28,fake,44,1663,28,event000000028-hits.csv,44.0,1663.0,,,,,,,28.0,2.0,0.5,0.0,0.0
29,fake,386,2719,73,event000000029-hits.csv,386.0,2719.0,,,,,,,73.0,3.0,0.3424657534246575,0.0,0.0
30,fake,388,426,49,event000000030-hits.csv,388.0,426.0,,,,,,,49.0,4.0,0.4897959183673469,0.0,0.0
31,fake,282,58,44,event000000031-hits.csv,282.0,58.0,,,,,,,44.0,2.0,0.5,0.0,0.0
32,fake,56,440,16,event000000032-hits.csv,56.0,440.0,,,,,,,16.0,2.0,0.5625,0.0,0.0
33,fake,481,96,50,event000000033-hits.csv,481.0,96.0,,,,,,,50.0,2.0,0.5,0.0,0.0
34,fake,27,675,50,event000000034-hits.csv,27.0,675.0,,,,,,,50.0,2.0,0.5,0.0,0.0
35,fake,238,338,50,event000000035-hits.csv,238.0,338.0,,,,,,,50.0,2.0,0.5,0.0,0.0
36,fake,427,219,50,event000000036-hits.csv,427.0,219.0,,,,,,,50.0,2.0,0.5,0.0,0.0
37,fake,311,3025,48,event000000037-hits.csv,311.0,3025.0,,,,,,,48.0,2.0,0.5,0.0,0.0
38,fake,349,242,50,event000000038-hits.csv,349.0,242.0,,,,,,,50.0,2.0,0.5,0.0,0.0
39,fake,372,1203,50,event000000039-hits.csv,372.0,1203.0,,,,,,,50.0,2.0,0.5,0.0,0.0
40,fake,190,184,46,event000000040-hits.csv,190.0,184.0,,,,,,,46.0,2.0,0.5,0.0,0.0
41,fake,301,1222,46,event000000041-hits.csv,301.0,1222.0,,,,,,,46.0,2.0,0.5,0.0,0.0
42,fake,132,780,22,event000000042-hits.csv,132.0,780.0,,,,,,,22.0,2.0,0.5,0.0,0.0
43,fake,165,3118,48,event000000043-hits.csv,165.0,3118.0,,,,,,,48.0,2.0,0.5,0.0,0.0
44,fake,372,521,50,event000000044-hits.csv,372.0,521.0,,,,,,,50.0,2.0,0.5,0.0,0.0
45,fake,245,389,50,event000000045-hits.csv,245.0,389.0,,,,,,,50.0,2.0,0.5,0.0,0.0
46,fake,104,783,48,event000000046-hits.csv,104.0,783.0,,,,,,,48.0,2.0,0.5,0.0,0.0
47,fake,42,3405,50,event000000047-hits.csv,42.0,3405.0,,,,,,,50.0,2.0,0.5,0.0,0.0
48,fake,419,878,50,event000000048-hits.csv,419.0,878.0,,,,,,,50.0,2.0,0.5,0.0,0.0
49,fake,245,1938,16,event000000049-hits.csv,245.0,1938.0,,,,,,,16.0,2.0,0.5,0.0,0.0
50,fake,156,390,42,event000000050-hits.csv,156.0,390.0,,,,,,,42.0,2.0,0.5,0.0,0.0
51,fake,340,974,75,event000000051-hits.csv,340.0,974.0,,,,,,,75.0,3.0,0.3333333333333333,0.0,0.0
52,fake,103,1061,48,event000000052-hits.csv,103.0,1061.0,,,,,,,48.0,2.0,0.5,0.0,0.0
53,fake,382,704,50,event000000053-hits.csv,382.0,704.0,,,,,,,50.0,2.0,0.5,0.0,0.0
54,fake,313,2901,50,event000000054-hits.csv,313.0,2901.0,,,,,,,50.0,2.0,0.5,0.0,0.0
55,fake,261,448,48,event000000055-hits.csv,261.0,448.0,,,,,,,48.0,2.0,0.5,0.0,0.0
56,fake,29,2545,48,event000000056-hits.csv,29.0,2545.0,,,,,,,48.0,2.0,0.5,0.0,0.0
57,fake,247,327,42,event000000057-hits.csv,247.0,327.0,,,,,,,42.0,2.0,0.5,0.0,0.0
58,fake,82,136,50,event000000058-hits.csv,82.0,136.0,,,,,,,50.0,2.0,0.5,0.0,0.0
59,fake,437,1656,50,event000000059-hits.csv,437.0,1656.0,,,,,,,50.0,2.0,0.5,0.0,0.0
60,fake,446,98,50,event000000060-hits.csv,446.0,98.0,,,,,,,50.0,2.0,0.5,0.0,0.0
61,fake,347,1837,16,event000000061-hits.csv,347.0,1837.0,,,,,,,16.0,2.0,0.625,0.0,0.0
62,fake,211,38,50,event000000062-hits.csv,211.0,38.0,,,,,,,50.0,2.0,0.5,0.0,0.0
63,fake,419,773,31,event000000063-hits.csv,419.0,773.0,,,,,,,31.0,3.0,0.3870967741935484,0.0,0.0
64,fake,492,478,50,event000000064-hits.csv,492.0,478.0,,,,,,,50.0,2.0,0.5,0.0,0.0
65,fake,238,478,18,event000000065-hits.csv,238.0,478.0,,,,,,,18.0,2.0,0.5,0.0,0.0
66,fake,347,475,50,event000000066-hits.csv,347.0,475.0,,,,,,,50.0,2.0,0.5,0.0,0.0
67,fake,197,1148,54,event000000067-hits.csv,197.0,1148.0,,,,,,,54.0,3.0,0.4259259259259259,0.0,0.0
68,fake,269,45,50,event000000068-hits.csv,269.0,45.0,,,,,,,50.0,2.0,0.5,0.0,0.0
69,fake,108,941,50,event000000069-hits.csv,108.0,941.0,,,,,,,50.0,2.0,0.5,0.0,0.0
70,fake,203,418,50,event000000070-hits.csv,203.0,418.0,,,,,,,50.0,2.0,0.5,0.0,0.0
71,fake,156,889,44,event000000071-hits.csv,156.0,889.0,,,,,,,44.0,2.0,0.5,0.0,0.0
72,fake,294,617,50,event000000072-hits.csv,294.0,617.0,,,,,,,50.0,2.0,0.5,0.0,0.0
73,fake,313,2443,48,event000000073-hits.csv,313.0,2443.0,,,,,,,48.0,2.0,0.5,0.0,0.0
74,fake,252,67,17,event000000074-hits.csv,252.0,67.0,,,,,,,17.0,2.0,0.5294117647058824,0.0,0.0
75,fake,406,232,36,event000000075-hits.csv,406.0,232.0,,,,,,,36.0,3.0,0.5,0.0,0.0
76,fake,297,568,50,event000000076-hits.csv,297.0,568.0,,,,,,,50.0,2.0,0.5,0.0,0.0
77,fake,106,33,50,event000000077-hits.csv,106.0,33.0,,,,,,,50.0,2.0,0.5,0.0,0.0
78,fake,383,59,50,event000000078-hits.csv,383.0,59.0,,,,,,,50.0,2.0,0.5,0.0,0.0
79,fake,334,11,50,event000000079-hits.csv,334.0,11.0,,,,,,,50.0,2.0,0.5,0.0,0.0
80,fake,119,775,50,event000000080-hits.csv,119.0,775.0,,,,,,,50.0,2.0,0.5,0.0,0.0
81,fake,313,1728,20,event000000081-hits.csv,313.0,1728.0,,,,,,,20.0,2.0,0.5,0.0,0.0
82,fake,347,817,34,event000000082-hits.csv,347.0,817.0,,,,,,,34.0,2.0,0.5,0.0,0.0
83,fake,93,113,44,event000000083-hits.csv,93.0,113.0,,,,,,,44.0,3.0,0.5,0.0,0.0
84,fake,408,2408,50,event000000084-hits.csv,408.0,2408.0,,,,,,,50.0,2.0,0.5,0.0,0.0
85,fake,105,1369,46,event000000085-hits.csv,105.0,1369.0,,,,,,,46.0,2.0,0.5,0.0,0.0
86,fake,68,7,50,event000000086-hits.csv,68.0,7.0,,,,,,,50.0,2.0,0.5,0.0,0.0
87,fake,66,1882,50,event000000087-hits.csv,66.0,1882.0,,,,,,,50.0,2.0,0.5,0.0,0.0
88,fake,66,404,40,event000000088-hits.csv,66.0,404.0,,,,,,,40.0,2.0,0.5,0.0,0.0
89,fake,248,660,16,event000000089-hits.csv,248.0,660.0,,,,,,,16.0,2.0,0.5,0.0,0.0
90,fake,119,1098,50,event000000090-hits.csv,119.0,1098.0,,,,,,,50.0,2.0,0.5,0.0,0.0
91,fake,362,897,36,event000000091-hits.csv,362.0,897.0,,,,,,,36.0,2.0,0.5,0.0,0.0
92,fake,103,184,46,event000000092-hits.csv,103.0,184.0,,,,,,,46.0,2.0,0.5,0.0,0.0
93,fake,474,138,44,event000000093-hits.csv,474.0,138.0,,,,,,,44.0,2.0,0.5,0.0,0.0
94,fake,344,87,34,event000000094-hits.csv,344.0,87.0,,,,,,,34.0,2.0,0.5,0.0,0.0
95,fake,211,20,48,event000000095-hits.csv,211.0,20.0,,,,,,,48.0,2.0,0.5,0.0,0.0
96,fake,51,578,50,event000000096-hits.csv,51.0,578.0,,,,,,,50.0,2.0,0.5,0.0,0.0
97,fake,111,1588,50,event000000097-hits.csv,111.0,1588.0,,,,,,,50.0,2.0,0.5,0.0,0.0
98,fake,75,829,50,event000000098-hits.csv,75.0,829.0,,,,,,,50.0,2.0,0.5,0.0,0.0
99,fake,411,5,30,event000000099-hits.csv,411.0,5.0,,,,,,,30.0,2.0,0.5,0.0,0.0
100,fake,298,1254,46,event000000100-hits.csv,298.0,1254.0,,,,,,,46.0,2.0,0.5,0.0,0.0
