Unnamed: 0,track_id,particle_id,n_shared,n_reco_hits,n_true_hits,pt,event_id,purity_reco,eff_true,hit_id,x,y,z,r,phi_reco,e,z0,eta,phi,dev,cos_val,theta,mapping_pT,chi_square_rz,PID,purity_calc,r_layer_round_0p1,r_layer_round_1p0,r_round_3,r_round_2,r_round_1,sigma_r,sigma_phi,sigma_z
6223075,3,136,24,24,25,14.142135623730953,67467,1.0,0.96,24,-0.014960106,0.09965533,0.030973619,0.10077197,1.7198021,-0.0006453535317839,0.0034190554985724,1.5559088242303354,-0.7343267786365855,-0.0009109484330035,0.914755175936955,0.4158948096641445,1.8933111723446012,7.368264e-07,15,1.0,0.1,0.0,0.101,0.1,0.1,0.01,0.09923394372462899,0.01
6223076,3,136,24,24,25,14.142135623730953,67467,1.0,0.96,25,-0.029576229,0.13808642,0.040909722,0.14121832,1.7817947,-0.0006453535317839,0.0034190554985724,1.5559088242303354,-0.7343267786365855,-0.0009109484330035,0.914755175936955,0.4158948096641445,1.8933111723446012,7.368264e-07,15,1.0,0.1,0.0,0.141,0.14,0.1,0.01,0.07081234219469541,0.01
6223077,3,136,24,24,25,14.142135623730953,67467,1.0,0.96,26,-0.0471212,0.17545016,0.050143506,0.18166773,1.8331778,-0.0006453535317839,0.0034190554985724,1.5559088242303354,-0.7343267786365855,-0.0009109484330035,0.914755175936955,0.4158948096641445,1.8933111723446012,7.368264e-07,15,1.0,0.2,0.0,0.182,0.18,0.2,0.01,0.05504554936641747,0.01
6223078,3,136,24,24,25,14.142135623730953,67467,1.0,0.96,27,-0.06683525,0.21183424,0.05885746,0.22212766,1.8764186,-0.0006453535317839,0.0034190554985724,1.5559088242303354,-0.7343267786365855,-0.0009109484330035,0.914755175936955,0.4158948096641445,1.8933111723446012,7.368264e-07,15,1.0,0.2,0.0,0.222,0.22,0.2,0.01,0.04501915700187901,0.01
6223079,3,136,24,24,25,14.142135623730953,67467,1.0,0.96,28,-0.08817027,0.24733913,0.06716581,0.26258454,1.913228,-0.0006453535317839,0.0034190554985724,1.5559088242303354,-0.7343267786365855,-0.0009109484330035,0.914755175936955,0.4158948096641445,1.8933111723446012,7.368264e-07,15,1.0,0.3,0.0,0.263,0.26,0.3,0.01,0.038082973201697255,0.01
6223080,3,136,24,24,25,14.142135623730953,67467,1.0,0.96,29,-0.11073532,0.28207788,0.07515221,0.30303505,1.9448812,-0.0006453535317839,0.0034190554985724,1.5559088242303354,-0.7343267786365855,-0.0009109484330035,0.914755175936955,0.4158948096641445,1.8933111723446012,7.368264e-07,15,1.0,0.3,0.0,0.303,0.3,0.3,0.01,0.03299948306309782,0.01
6223081,3,136,24,24,25,14.142135623730953,67467,1.0,0.96,30,-0.13424964,0.31615704,0.08288245,0.3434796,1.9723532,-0.0006453535317839,0.0034190554985724,1.5559088242303354,-0.7343267786365855,-0.0009109484330035,0.914755175936955,0.4158948096641445,1.8933111723446012,7.368264e-07,15,1.0,0.3,0.0,0.343,0.34,0.3,0.01,0.02911381054362472,0.01
6223082,3,136,24,24,25,14.142135623730953,67467,1.0,0.96,31,-0.15851374,0.34967262,0.090412125,0.3839239,1.9964081,-0.0006453535317839,0.0034190554985724,1.5559088242303354,-0.7343267786365855,-0.0009109484330035,0.914755175936955,0.4158948096641445,1.8933111723446012,7.368264e-07,15,1.0,0.4,0.0,0.384,0.38,0.4,0.01,0.026046828551179024,0.01
6223083,3,136,24,24,25,14.142135623730953,67467,1.0,0.96,32,-0.18338518,0.3827039,0.09778979,0.42437297,2.017652,-0.0006453535317839,0.0034190554985724,1.5559088242303354,-0.7343267786365855,-0.0009109484330035,0.914755175936955,0.4158948096641445,1.8933111723446012,7.368264e-07,15,1.0,0.4,0.0,0.424,0.42,0.4,0.01,0.023564177520542837,0.01
6223084,3,136,24,24,25,14.142135623730953,67467,1.0,0.96,33,-0.20876674,0.4153174,0.10506051,0.46483555,2.036576,-0.0006453535317839,0.0034190554985724,1.5559088242303354,-0.7343267786365855,-0.0009109484330035,0.914755175936955,0.4158948096641445,1.8933111723446012,7.368264e-07,15,1.0,0.5,0.0,0.465,0.46,0.5,0.01,0.021512984538295317,0.01
6223085,3,136,24,24,25,14.142135623730953,67467,1.0,0.96,34,-0.23456742,0.44753164,0.11225963,0.5052786,2.0535657,-0.0006453535317839,0.0034190554985724,1.5559088242303354,-0.7343267786365855,-0.0009109484330035,0.914755175936955,0.4158948096641445,1.8933111723446012,7.368264e-07,15,1.0,0.5,1.0,0.505,0.51,0.5,0.01,0.019791061802340332,0.01
6223086,3,136,24,24,25,14.142135623730953,67467,1.0,0.96,35,-0.26075983,0.47940096,0.11943233,0.54572976,2.0689662,-0.0006453535317839,0.0034190554985724,1.5559088242303354,-0.7343267786365855,-0.0009109484330035,0.914755175936955,0.4158948096641445,1.8933111723446012,7.368264e-07,15,1.0,0.5,1.0,0.546,0.55,0.5,0.01,0.018324087731627466,0.01
6223087,3,136,24,24,25,14.142135623730953,67467,1.0,0.96,36,-0.2873156,0.5109408,0.12661777,0.5861832,2.083054,-0.0006453535317839,0.0034190554985724,1.5559088242303354,-0.7343267786365855,-0.0009109484330035,0.914755175936955,0.4158948096641445,1.8933111723446012,7.368264e-07,15,1.0,0.6,1.0,0.586,0.59,0.6,0.01,0.017059513135142732,0.01
6223088,3,136,24,24,25,14.142135623730953,67467,1.0,0.96,37,-0.3142332,0.542169,0.13385893,0.6266496,2.0960698,-0.0006453535317839,0.0034190554985724,1.5559088242303354,-0.7343267786365855,-0.0009109484330035,0.914755175936955,0.4158948096641445,1.8933111723446012,7.368264e-07,15,1.0,0.6,1.0,0.627,0.63,0.6,0.01,0.015957881406131913,0.01
6223089,3,136,24,24,25,14.142135623730953,67467,1.0,0.96,38,-0.34149134,0.5730565,0.14119145,0.6670908,2.1082046,-0.0006453535317839,0.0034190554985724,1.5559088242303354,-0.7343267786365855,-0.0009109484330035,0.914755175936955,0.4158948096641445,1.8933111723446012,7.368264e-07,15,1.0,0.7,1.0,0.667,0.67,0.7,0.01,0.014990463067396523,0.01
6223090,3,136,24,24,25,14.142135623730953,67467,1.0,0.96,39,-0.36912122,0.6036161,0.14866479,0.70753294,2.1196408,-0.0006453535317839,0.0034190554985724,1.5559088242303354,-0.7343267786365855,-0.0009109484330035,0.914755175936955,0.4158948096641445,1.8933111723446012,7.368264e-07,15,1.0,0.7,1.0,0.708,0.71,0.7,0.01,0.014133617581112196,0.01
6223091,3,136,24,24,25,14.142135623730953,67467,1.0,0.96,40,-0.39716196,0.63385195,0.15633161,0.74800134,2.1305344,-0.0006453535317839,0.0034190554985724,1.5559088242303354,-0.7343267786365855,-0.0009109484330035,0.914755175936955,0.4158948096641445,1.8933111723446012,7.368264e-07,15,1.0,0.7,1.0,0.748,0.75,0.7,0.01,0.013368960007478062,0.01
6223092,3,136,24,24,25,14.142135623730953,67467,1.0,0.96,41,-0.42559072,0.6636914,0.16423008,0.78842485,2.1409943,-0.0006453535317839,0.0034190554985724,1.5559088242303354,-0.7343267786365855,-0.0009109484330035,0.914755175936955,0.4158948096641445,1.8933111723446012,7.368264e-07,15,1.0,0.8,1.0,0.788,0.79,0.8,0.01,0.012683517014969786,0.01
6223093,3,136,24,24,25,14.142135623730953,67467,1.0,0.96,42,-0.4545005,0.693177,0.17243493,0.82889384,2.1511524,-0.0006453535317839,0.0034190554985724,1.5559088242303354,-0.7343267786365855,-0.0009109484330035,0.914755175936955,0.4158948096641445,1.8933111723446012,7.368264e-07,15,1.0,0.8,1.0,0.829,0.83,0.8,0.01,0.01206427110135117,0.01
6223094,3,136,24,24,25,14.142135623730953,67467,1.0,0.96,43,-0.48386213,0.7222233,0.18099366,0.8693268,2.1610768,-0.0006453535317839,0.0034190554985724,1.5559088242303354,-0.7343267786365855,-0.0009109484330035,0.914755175936955,0.4158948096641445,1.8933111723446012,7.368264e-07,15,1.0,0.9,1.0,0.869,0.87,0.9,0.01,0.01150315393474583,0.01
6223095,3,136,24,24,25,14.142135623730953,67467,1.0,0.96,44,-0.51375985,0.75086105,0.18999684,0.909803,2.1708581,-0.0006453535317839,0.0034190554985724,1.5559088242303354,-0.7343267786365855,-0.0009109484330035,0.914755175936955,0.4158948096641445,1.8933111723446012,7.368264e-07,15,1.0,0.9,1.0,0.91,0.91,0.9,0.01,0.01099139044386532,0.01
6223096,3,136,24,24,25,14.142135623730953,67467,1.0,0.96,45,-0.5441445,0.7790001,0.19951065,0.95022863,2.180526,-0.0006453535317839,0.0034190554985724,1.5559088242303354,-0.7343267786365855,-0.0009109484330035,0.914755175936955,0.4158948096641445,1.8933111723446012,7.368264e-07,15,1.0,1.0,1.0,0.95,0.95,1.0,0.01,0.010523783102599214,0.01
6223097,3,136,24,24,25,14.142135623730953,67467,1.0,0.96,46,-0.5750893,0.8066834,0.20966265,0.9906895,2.1901314,-0.0006453535317839,0.0034190554985724,1.5559088242303354,-0.7343267786365855,-0.0009109484330035,0.914755175936955,0.4158948096641445,1.8933111723446012,7.368264e-07,15,1.0,1.0,1.0,0.991,0.99,1.0,0.01,0.010093980000797425,0.01
6223098,3,136,24,24,25,14.142135623730953,67467,1.0,0.96,47,-0.6065537,0.8338754,0.22058298,1.0311428,2.19967,-0.0006453535317839,0.0034190554985724,1.5559088242303354,-0.7343267786365855,-0.0009109484330035,0.914755175936955,0.4158948096641445,1.8933111723446012,7.368264e-07,15,1.0,1.0,1.0,1.031,1.03,1.0,0.01,0.009697977816457624,0.01
