hit_id,particle_id,x,y,z,r,phi,layer_id,sigma_r,sigma_phi,sigma_z
16943,1497,2.9974597524112836,0.7907180487850375,6.055515257375324,3.099999999999989,0.2579204470338975,1,0.01,0.003225806451612915,0.01
16944,1497,5.027822278198421,1.24288796758301,8.671474485004497,5.179166666666655,0.2423435684841409,2,0.01,0.0019308125502815814,0.01
16945,1497,7.072523955591404,1.6318111641251514,11.289016355057964,7.258333333333332,0.2267572659997248,3,0.01,0.0013777267508610796,0.01
16946,1497,9.130104036483809,1.9570657967943659,13.9087810582176,9.337500000000016,0.2111577275286907,4,0.01,0.001070950468540828,0.01
16947,1497,11.199095557305247,2.2182282290430315,16.531413677008615,11.416666666666655,0.1955411118903183,5,0.01,0.0008759124087591249,0.01
16948,1497,13.278023503987587,2.4148724994634057,19.157565638216965,13.495833333333346,0.1799035401266248,6,0.01,0.0007409694350108051,0.01
16949,1497,15.365402935060946,2.5465697797666165,21.787896204589416,15.575000000000005,0.1642410866199506,7,0.01,0.0006420545746388441,0.01
16950,1497,17.459737052616966,2.612887817706471,24.42307401552484,17.654166666666672,0.1485497699188278,8,0.01,0.0005664385178192115,0.01
16951,1497,19.559515210281422,2.613390361812512,27.063778687069757,19.73333333333334,0.1328255432107113,9,0.01,0.0005067567567567566,0.01
16952,1497,21.663210846612245,2.547636564587153,29.71070248227925,21.812499999999996,0.1170642843757226,10,0.01,0.0004584527220630373,0.01
16953,1497,23.769279331461398,2.4151803605680477,32.364552063904235,23.891666666666676,0.1012617855501735,11,0.01,0.00041855598186257397,0.01
16954,1497,25.87615571179504,2.215569815355559,35.02605034244064,25.97083333333333,0.0854137421222483,12,0.01,0.00038504732873415694,0.01
16955,1497,27.982252342234375,1.9483464413493845,37.695938433850216,28.05,0.069515741074648,13,0.01,0.00035650623885918,0.01
16956,1497,30.085956384130007,1.6130444755195983,40.37497774276044,30.12916666666666,0.0535632485800537,14,0.01,0.00033190430092656627,0.01
16957,1497,32.18562715528779,1.2091901140482273,43.063952188713685,32.20833333333333,0.0375515967448017,15,0.01,0.00031047865459249684,0.01
16958,1497,34.27959331048097,0.7363006981044306,45.76367059509974,34.28750000000001,0.0214759693838466,16,0.01,0.00029165147648559965,0.01
