track_idx,event_id,n_hits,n_obs,kx,ky,kz,k_sr,k_helix,old_log_ratio,old_chi2nu_sr,old_chi2nu_helix,chi2_sr_total_recovered,chi2_helix_total_recovered,chi2nu_sr_K,chi2nu_helix_K,log_ratio_K
0,event100000001-hits,43,129,41,42,39,122,5,-13.405255229674772,7.582034204129387,5030534.294405329,970.5003781285616,648938923.9782875,138.64291116122308,5233378.419179738,-10.538665953567104
1,event100000002-hits,25,75,32,32,32,96,5,-16.18841961257004,0.08207943531370665,880593.8912783848,6.073878213214292,66044541.84587886,6.073878213214292,943493.4549411266,-11.953347390852821
2,event100000003-hits,25,75,32,32,32,96,5,-43.11155221537304,7.446652087805726e-17,393.6137827345865,5.510522544976238e-15,29521.033705093985,5.510522544976238e-15,421.7290529299141,-38.87647999365582
3,event100000004-hits,25,75,32,32,32,96,5,-20.447368012229944,1.5215884165793717e-07,115.47189435050996,1.125975428268735e-05,8660.392076288246,1.125975428268735e-05,123.7198868041178,-16.212295790512727
4,event100000005-hits,53,159,77,39,77,193,5,-6.52563186363638,185.49420508050866,126583.25408558683,29308.084402720368,20126737.399608307,29308.084402720368,130693.09999745653,-1.4949884304160155
5,event100000006-hits,25,75,32,32,32,96,5,-14.535024454868724,0.02996736203843172,61536.02368399933,2.217584790843947,4615201.77629995,2.217584790843947,65931.45394714214,-10.299952233151506
6,event100000007-hits,25,75,32,32,32,96,5,-20.033699996601595,3.369341975625242e-05,16907.151844725806,0.002493313061962679,1268036.3883544353,0.002493313061962679,18114.805547920503,-15.798627774884375
7,event100000008-hits,25,75,32,32,33,97,5,-8.538251444979068,295.5950480414598,1509428.8341203353,21874.033555068025,113207162.55902515,21874.033555068025,1617245.179414645,-4.303179223261848
8,event100000009-hits,49,147,32,39,32,103,5,-11.781869908259464,3.6300407773254917,475020.76122139255,529.9859534895218,69828051.8995447,12.04513530658004,491746.8443629909,-10.617058449646864
9,event100000010-hits,41,123,39,39,39,117,5,-9.383245672322479,76.66962538114225,911412.8744807941,9353.694296499354,112103783.56113768,1558.949049416559,950032.064077438,-6.41248382772403
10,event100000011-hits,25,75,32,32,32,96,5,-14.561412308996738,0.036664302070854846,77300.87979551367,2.7131583532432586,5797565.984663526,2.7131583532432586,82822.37120947894,-10.32634008727952
11,event100000012-hits,29,87,32,32,32,96,5,-12.857351245191719,0.18254212664849367,70022.8533056881,15.698622891770455,6091988.237594864,15.698622891770455,74292.5394828642,-8.462192820328543
12,event100000013-hits,25,75,32,32,32,96,5,-42.42648509404811,1.3115723393690502e-15,3494.4643309769413,9.705635311330972e-14,262084.82482327058,9.705635311330972e-14,3744.0689260467225,-38.191412872330886
13,event100000014-hits,25,75,32,32,32,96,5,-17.234557047556873,0.0020108940920778515,61413.2699452622,0.14880616281376102,4605995.245894665,0.14880616281376102,65799.9320842095,-12.999484825839655
14,event100000015-hits,25,75,32,32,32,96,5,-14.585760894672154,0.1143247645456243,246976.58800533364,8.460032576376198,18523244.100400023,8.460032576376198,264617.7728628575,-10.350688672954936
15,event100000016-hits,61,183,39,32,32,103,5,-4.769027519201696,145.7692473015121,17172.291296709827,26530.003008875203,3142529.3072978985,331.62503761094,17654.659029763476,-3.9747500693481186
16,event100000017-hits,25,75,32,32,32,96,5,-9.964525519787573,0.054584786078485895,1160.4062536789133,4.039274169807956,87030.4690259185,4.039274169807956,1243.2924146559785,-5.729453298070355
17,event100000018-hits,25,75,32,32,32,96,5,-13.850972701005462,0.051811898677374325,53682.22655631675,3.8340805021257003,4026166.9917237563,3.8340805021257003,57516.67131033938,-9.615900479288245
18,event100000019-hits,69,207,32,39,39,110,5,-15.171254642537264,0.4550102800427706,1765279.1169318033,93.73211768881075,365412777.2048833,0.9663104916372242,1808974.14457863,-14.442540548115229
19,event100000020-hits,25,75,32,32,32,96,5,-38.39984353177313,1.9911602248762346e-15,94.61202983806962,1.4734585664084135e-13,7095.902237855221,1.4734585664084135e-13,101.3700319693603,-34.16477131005591
20,event100000021-hits,25,75,39,32,32,103,5,-12.147829255224776,0.17324355160460353,32688.296690288335,12.82002281874066,2451622.251771625,12.82002281874066,35023.175025308934,-7.912757033507558
21,event100000022-hits,25,75,32,32,32,96,5,-11.437161191634308,0.010152015815116044,941.1271012759507,0.7512491703185873,70584.5325956963,0.7512491703185873,1008.3504656528044,-7.20208896991709
22,event100000023-hits,25,75,32,32,32,96,5,-44.517703630898765,1.6526453766228313e-16,3564.287330670047,1.2229575787008951e-14,267321.54980025353,1.2229575787008951e-14,3818.8792828607648,-40.28263140918155
23,event100000024-hits,47,141,32,39,32,103,5,-11.664666243308384,5.172441867502284,601999.0433201706,724.1418614503198,84881865.10814406,19.056364775008415,624131.3610892945,-10.39671498506758
24,event100000025-hits,25,75,32,32,32,96,5,-43.072878057672106,2.809241664863445e-16,1428.5727480224616,2.078838831998949e-14,107142.95610168463,2.078838831998949e-14,1530.6136585954946,-38.83780583595489
25,event100000026-hits,33,99,39,42,39,120,5,-17.36028346302097,0.006670050458661274,230995.98512795634,0.6536649449488049,22868602.52766768,0.6536649449488049,243283.00561348593,-12.827141052214984
26,event100000027-hits,35,105,42,41,39,122,5,-7.088103217418796,4.107297983634236,4919.039686782807,427.1589902979606,516499.1671121947,427.1589902979606,5164.991671121947,-2.4925024824468553
27,event100000028-hits,27,81,32,32,32,96,5,-14.679301741478767,0.019716896291264628,46771.17673318418,1.5773517033011704,3788465.315387918,1.5773517033011704,49848.227834051555,-10.360990921190993
28,event100000029-hits,25,75,32,32,32,96,5,-44.21965851714273,1.1315880701683408e-17,181.1515464563949,8.373751719245722e-16,13586.365984229617,8.373751719245722e-16,194.09094263185168,-39.984586295425515
29,event100000030-hits,25,75,32,32,32,96,5,-18.06460928507334,1.375681217999286e-05,963.5581701334692,0.0010180041013194716,72266.86276001019,0.0010180041013194716,1032.3837537144314,-13.829537063356122
30,event100000031-hits,25,75,32,32,32,96,5,-16.41838505912845,0.0006790863609527549,9169.360358208229,0.05025239071050386,687702.0268656171,0.05025239071050386,9824.314669508816,-12.183312837411231
31,event100000032-hits,27,81,32,32,32,96,5,-17.206694438984687,0.04332275519334077,1286733.2254601282,3.465820415467262,104225391.26227038,3.465820415467262,1371386.7271351365,-12.888383618696913
32,event100000033-hits,25,75,32,32,32,96,5,-37.71416678488068,3.5840532709439937e-16,8.578848143881494,2.6521994204985554e-14,643.4136107911121,2.6521994204985554e-14,9.191623011301601,-33.47909456316346
33,event100000034-hits,25,75,32,32,32,96,5,-14.950570249313476,0.0005559109215479804,1729.6385927119757,0.04113740819455054,129722.89445339817,0.04113740819455054,1853.1842064771167,-10.715498027596258
34,event100000035-hits,51,153,39,39,32,110,5,-12.164176422885417,7.587792006287672,1455291.9097289531,1153.3443849557261,222659662.18852982,26.82196244083084,1504457.1769495257,-10.934721665361023
35,event100000036-hits,25,75,32,32,32,96,5,-15.361790264387597,0.0026999507052130637,12673.500287176099,0.19979635218576672,950512.5215382074,0.19979635218576672,13578.750307688677,-11.12671804267038
36,event100000037-hits,35,105,39,39,42,120,5,-8.406386682770599,2.9010501877694557,12983.823142603907,301.70921952802337,1363301.4299734102,301.70921952802337,13633.014299734103,-3.8107859477986583
37,event100000038-hits,25,75,32,32,32,96,5,-15.904723340735805,0.010780547106296614,87091.22207596063,0.7977604858659494,6531841.655697047,0.7977604858659494,93312.02365281495,-11.669651119018585
38,event100000039-hits,57,171,39,39,32,110,5,-9.144962951109967,136.79869626360426,1281412.3499737661,23255.778364812722,219121511.845514,381.2422682756184,1320009.1075030963,-8.149714146379132
39,event100000040-hits,42,126,32,78,42,152,5,-11.262660027065785,24.372189554853513,1897604.2680921431,3046.5236943566892,239098137.77961004,3046.5236943566892,1976017.667600083,-6.474837651118221
40,event100000041-hits,41,123,39,39,39,117,5,-13.370809849082923,0.8179658557696976,524329.2809587105,99.79183440390311,64492501.55792139,16.63197240065052,546546.6233722152,-10.400048004484475
41,event100000042-hits,25,75,32,32,32,96,5,-43.46788332777294,2.553258798002183e-15,19273.32772933076,1.8894115105216155e-13,1445499.5796998069,1.8894115105216155e-13,20649.993995711528,-39.23281110605572
42,event100000043-hits,25,75,32,32,32,96,5,-46.65429725655125,3.532819529047493e-16,64539.45713112048,2.6142864514951446e-14,4840459.284834036,2.6142864514951446e-14,69149.41835477194,-42.419225034834035
43,event100000044-hits,25,75,32,32,32,96,5,-29.087825627995006,3.223622997664143e-09,13836.505059052524,2.385481018271466e-07,1037737.8794289393,2.385481018271466e-07,14824.826848984847,-24.852753406277788
44,event100000045-hits,123,369,95,33,95,223,5,-3.4869558508960963,36692.1820821308,1199331.4565418656,13502723.006224135,442553307.4639484,92484.4041522201,1215805.7897361221,-2.5761223108392883
45,event100000046-hits,25,75,32,32,32,96,5,-42.456947104396214,1.1264890448306618e-15,3094.1746124461024,8.336018931746898e-14,232063.0959334577,8.336018931746898e-14,3315.1870847636815,-38.221874882678996
46,event100000047-hits,25,75,32,32,32,96,5,-14.398683997745156,0.021322439550012926,38203.741580715934,1.5778605267009564,2865280.6185536953,1.5778605267009564,40932.58026505279,-10.163611776027938
47,event100000048-hits,25,75,32,32,32,96,5,-17.233325331542904,0.0023904308830146434,72914.56469052305,0.17689188534308362,5468592.351789229,0.17689188534308362,78122.74788270326,-12.998253109825686
48,event100000049-hits,31,93,32,32,95,159,5,-16.828424191481226,0.055033145813599346,1119737.1938251394,5.06304941485114,104135559.02573797,5.06304941485114,1183358.625292477,-12.361898293107236
49,event100000050-hits,31,93,32,32,95,159,5,-16.828424191481226,0.055033145813599346,1119737.1938251394,5.06304941485114,104135559.02573797,5.06304941485114,1183358.625292477,-12.361898293107236
50,event100000051-hits,25,75,32,32,32,96,5,-14.0134774804979,0.03555756135959373,43341.896449517015,2.631259540609936,3250642.2337137763,2.631259540609936,46437.74619591109,-9.77840525878068
51,event100000052-hits,25,75,32,32,32,96,5,-39.74115967330091,5.4655900098364805e-16,99.31238265679418,4.044536607278996e-14,7448.4286992595635,4.044536607278996e-14,106.40612427513662,-35.506087451583696
52,event100000053-hits,37,111,32,39,33,104,5,-9.819555788427426,138.960134591652,2555460.1900495985,15285.614805081721,283656081.0955054,2183.6592578688173,2676000.7650519377,-7.111076678890591
53,event100000054-hits,45,135,39,39,77,155,5,-6.524632080747337,1566.753697703016,1068101.2847990158,209944.99549220415,144193673.44786713,209944.99549220415,1109182.1034451318,-1.664532608779273
54,event100000055-hits,27,81,32,32,32,96,5,-15.343556866420265,0.03070035801855381,141502.9584761368,2.4560286414843047,11461739.63656708,2.4560286414843047,150812.36363904053,-11.02524604613249
55,event100000056-hits,25,75,32,32,32,96,5,-15.537702763768854,0.013617288006089063,76213.02411284993,1.0076793124505907,5715976.808463745,1.0076793124505907,81656.81154948207,-11.302630542051634
56,event100000057-hits,25,75,32,32,32,96,5,-46.94408450940524,7.913901125246927e-17,19317.346966077508,5.856286832682726e-15,1448801.0224558131,5.856286832682726e-15,20697.157463654472,-42.709012287688026
57,event100000058-hits,41,123,33,32,39,104,5,-13.8294735148332,0.5508366614966015,558581.9175440947,67.20207270258538,68705575.85792366,3.536951194872915,582250.6428637598,-12.011391180173137
58,event100000059-hits,25,75,32,32,32,96,5,-42.51609247945518,5.456016399666603e-15,15899.373912888175,4.0374521357532857e-13,1192453.0434666132,4.0374521357532857e-13,17035.043478094474,-38.28102025773796
59,event100000060-hits,25,75,32,32,32,96,5,-15.915936323282695,0.001992939973227092,16281.617119292989,0.1474775580188048,1221121.2839469742,0.1474775580188048,17444.58977067106,-11.680864101565476
60,event100000061-hits,25,75,32,32,32,96,5,-15.21616895056849,0.023188122979880457,94094.40621076345,1.7159211005111539,7057080.465807259,1.7159211005111539,100815.43522581799,-10.981096728851272
61,event100000062-hits,25,75,32,32,32,96,5,-43.60765227662518,3.539590817305185e-16,3072.6692361578143,2.619297204805837e-14,230450.19271183608,2.619297204805837e-14,3292.145610169087,-39.372580054907964
62,event100000063-hits,25,75,32,32,32,96,5,-41.05162129236764,2.9637646613146644e-16,199.68080362311662,2.1931858493728516e-14,14976.060271733746,2.1931858493728516e-14,213.94371816762495,-36.816549070650424
63,event100000064-hits,75,225,39,39,39,117,5,-6.741608441894483,739.2759979434093,626109.0073112486,165597.82353932367,140874526.64503092,1533.3131809196636,640338.7574774133,-6.034566473015722
64,event100000065-hits,83,249,32,32,39,103,5,-9.23508928602445,364.68967791037585,3738279.663251627,90443.04012177321,930831636.1496551,619.4728775463918,3814883.754711701,-8.72555183273931
65,event100000066-hits,25,75,32,32,32,96,5,-44.13977591791549,4.3356210096974524e-16,6407.851310924002,3.2083595471761146e-14,480588.84831930016,3.2083595471761146e-14,6865.554975990002,-39.904703696198276
66,event100000067-hits,25,75,32,32,32,96,5,-19.330389572982718,3.970231912514945e-05,9860.465103810617,0.0029379716152610593,739534.8827857963,0.0029379716152610593,10564.78403979709,-15.095317351265502
67,event100000068-hits,25,75,32,32,32,96,5,-14.524973814130636,0.0006244328131866196,1269.409353103849,0.04620802817580985,95205.70148278867,0.04620802817580985,1360.081449754124,-10.289901592413417
68,event100000069-hits,25,75,32,32,32,96,5,-46.41292358975581,7.661759071356289e-17,10995.249666703921,5.669701712803654e-15,824643.7250027941,5.669701712803654e-15,11780.624642897057,-42.177851368038596
69,event100000070-hits,25,75,32,32,32,96,5,-17.84020429519176,0.002623118611543791,146798.02418990966,0.19411077725424053,11009851.814243224,0.19411077725424053,157283.59734633178,-13.605132073474543
70,event100000071-hits,43,129,32,32,32,96,5,-14.888424895889907,0.3040806176066908,889097.7581762398,38.92231905365642,114693610.80473493,1.1794642137471643,924948.4742317334,-13.572433032193405
71,event100000072-hits,25,75,32,32,32,96,5,-13.532554727658633,0.045652756113804364,34401.7745843963,3.378303952421523,2580133.0938297226,3.378303952421523,36859.04419756747,-9.297482505941415
72,event100000073-hits,61,183,39,39,39,117,5,-8.785135001718842,79.07477367808858,516860.819227148,14391.60880941212,94585529.91856809,218.0546789304867,531379.3815649892,-7.798485659217808
73,event100000074-hits,51,153,39,39,32,110,5,-10.480644407874188,20.191290386254376,719200.7106881954,3069.0761387106654,110037708.7352939,71.37386369094571,743498.0319952291,-9.251189650349794
74,event100000075-hits,25,75,32,32,32,96,5,-41.371536224626254,1.0022222215575723e-15,929.8093692087258,7.416444439526035e-14,69735.70269065443,7.416444439526035e-14,996.2243241522062,-37.13646400290904
75,event100000076-hits,33,99,32,32,32,96,5,-13.726004321898222,0.3037754747110285,277766.99712958693,29.769996521680792,27498932.715829108,9.923332173893597,292541.8374024373,-10.291474199760344
76,event100000077-hits,41,123,32,32,95,159,5,-14.190239145999412,0.3776362050918551,549308.3271711746,46.07161702120632,67564924.24205448,46.07161702120632,572584.1037462244,-9.427717832172908
77,event100000078-hits,29,87,32,39,32,103,5,-14.511462746476692,0.06019465881158488,120727.48467540409,5.1767406577963,10503291.166760156,5.1767406577963,128088.91666780678,-10.116304321613516
78,event100000079-hits,37,111,41,42,42,125,5,-10.890373163270942,4.1938951994133795,225033.1733028547,461.3284719354717,24978682.236616872,461.3284719354717,235647.94562846105,-6.235983904678793
79,event100000080-hits,25,75,32,32,32,96,5,-11.643144013120562,0.04351678394349794,4956.898073121067,3.220242011818848,371767.35548408004,3.220242011818848,5310.962221201144,-7.408071791403343
80,event100000081-hits,25,75,32,32,32,96,5,-10.775812085256979,0.029342702331511247,1404.028212494991,2.171359972531832,105302.11593712433,2.171359972531832,1504.315941958919,-6.540739863539761
81,event100000082-hits,25,75,32,32,32,96,5,-45.029704101469406,7.243399156375536e-16,26067.20282845047,5.3601153757178965e-14,1955040.2121337852,5.3601153757178965e-14,27929.145887625502,-40.79463187975219
82,event100000083-hits,25,75,32,32,32,96,5,-38.028873248142,1.2435069658353308e-15,40.77350320851713,9.201951547181448e-14,3058.0127406387846,9.201951547181448e-14,43.68589629483978,-33.79380102642478
83,event100000084-hits,25,75,32,32,32,96,5,-15.34931462576168,0.007025802966892266,32570.063789519787,0.5199094195500277,2442754.784213984,0.5199094195500277,34896.49691734263,-11.114242404044463
84,event100000085-hits,25,75,32,32,32,96,5,-14.058210363045744,0.015204663873178866,19381.17084258193,1.1251451266152361,1453587.8131936449,1.1251451266152361,20765.54018848064,-9.823138141328524
85,event100000086-hits,51,153,39,39,39,117,5,-9.131216305005845,33.31555942468453,307810.8786040626,5063.965032552049,47095064.426421575,140.665695348668,318209.8947731188,-7.724080370243999
86,event100000087-hits,25,75,32,32,32,96,5,-41.21821458466033,2.3607432917998964e-14,18788.491485462513,1.7469500359319234e-12,1409136.8614096884,1.7469500359319234e-12,20130.526591566977,-36.98314236294311
87,event100000088-hits,37,111,32,42,42,116,5,-9.184111197107395,18.814577418603868,183275.0229084618,2069.6035160464253,20343527.54283926,2069.6035160464253,191920.07115886093,-4.529721938515245
88,event100000089-hits,25,75,32,32,32,96,5,-46.62726294277894,9.21769783181555e-17,16390.245912007264,6.821096395543507e-15,1229268.4434005448,6.821096395543507e-15,17560.977762864924,-42.392190721061716
89,event100000090-hits,25,75,32,32,32,96,5,-21.935309476491174,1.5392492194152678e-05,51724.08378229688,0.0011390444223672981,3879306.283672266,0.0011390444223672981,55418.66119531809,-17.700237254773956
90,event100000091-hits,25,75,32,32,32,96,5,-16.457398967337877,0.004712797365963055,66166.22005828643,0.3487470050812661,4962466.504371482,0.3487470050812661,70892.37863387831,-12.22232674562066
91,event100000092-hits,27,81,32,32,32,96,5,-13.567104883315485,0.05864092146402193,45742.4658242061,4.691273717121755,3705139.7317606937,4.691273717121755,48751.8385757986,-9.248794063027711
92,event100000093-hits,25,75,32,32,32,96,5,-21.28787616567383,1.0826119695431737e-05,19040.571284182148,0.0008011328574619485,1428042.8463136612,0.0008011328574619485,20400.61209019516,-17.05280394395661
93,event100000094-hits,77,231,32,41,39,112,5,-8.844542903059716,1123.152073663845,7790668.785523495,258324.97694268433,1799644489.4559274,2170.798125568776,7963028.714406759,-8.207469798497558
94,event100000095-hits,25,75,32,32,32,96,5,-13.673455124869882,0.15653752999693443,135807.760010101,11.583777219773149,10185582.000757575,11.583777219773149,145508.3142965368,-9.438382903152663
95,event100000096-hits,25,75,32,32,32,96,5,-45.12073817889052,1.7569967110872897e-17,692.5618411013937,1.3001775662045944e-15,51942.13808260453,1.3001775662045944e-15,742.0305440372075,-40.8856659571733
96,event100000097-hits,27,81,32,32,32,96,5,-16.621779870259058,0.03840006118685331,635446.794777157,3.0720048949482646,51471190.37694972,3.0720048949482646,677252.5049598648,-12.303469049971284
97,event100000098-hits,25,75,32,32,32,96,5,-15.32594370219231,0.0003878903251575353,1756.6357916001991,0.028703884061657612,131747.68437001493,0.028703884061657612,1882.109776714499,-11.09087148047509
98,event100000099-hits,25,75,32,32,32,96,5,-44.64299197495249,6.303387978814168e-17,1540.9165139592376,4.664507104322485e-15,115568.73854694283,4.664507104322485e-15,1650.9819792420403,-40.40791975323526
99,event100000100-hits,25,75,32,32,32,96,5,-44.64299197495249,6.303387978814168e-17,1540.9165139592376,4.664507104322485e-15,115568.73854694283,4.664507104322485e-15,1650.9819792420403,-40.40791975323526
