definition,n_candidates,n_events,median_purity,median_eff,median_hits,median_extra_hit_frac,median_n_truth_contributors
"PID=15, purity>=0.9, eff>=0.5, hits>=20",1470,1470,1.0,1.0,25.0,0.0,1.0
"PID=15, eff<0.5",58317,2946,1.0,0.0256410256410256,1.0,0.0,1.0
"PID!=15, eff<0.5",24881,3760,1.0,0.0416666666666666,1.0,0.0,1.0
"PID!=15, purity>=0.9, hits>=20",402071,3920,1.0,1.0,25.0,0.0,1.0
"purity<0.5, hits>=20",0,0,,,,,
"0.5<=purity<0.6, hits>=20",102,98,0.5102040816326531,1.0,48.0,0.4897959183673469,2.0
"purity<0.9, hits>=20",160,150,0.542572463768116,1.0,44.0,0.4565217391304348,2.0
"extra-hit contaminated: n_reco_hits>n_shared, hits>=20",438,388,0.9565217391304348,0.96,25.0,0.04166666666666663,2.0
"multi-contributor: n_truth_contributors>=2, hits>=20",358,313,0.9545454545454546,0.96,25.0,0.045454545454545414,2.0
duplicate-like: same dominant particle reconstructed multiple times,103302,3883,1.0,0.04,1.0,0.0,1.0
duplicate-like PID=15,59425,2946,1.0,0.0256410256410256,1.0,0.0,1.0
duplicate-like PID!=15,43877,3759,1.0,0.0454545454545454,1.0,0.0,1.0
