event_id,track_id,particle_id,PID,n_hits_from_contributor,n_shared_value,n_reco_hits,purity_reco,eff_true
65050,174,2105,211,25,25,49,0.5102040816326531,1.0
65050,174,1267,-211,24,24,49,0.4897959183673469,0.96
65142,101,830,-211,25,25,50,0.5,1.0
65142,101,671,-211,24,24,50,0.48,0.96
65142,101,836,-211,1,1,50,0.02,0.04
65156,55,1548,-211,25,25,43,0.5813953488372093,1.0
65169,165,691,211,25,25,43,0.5813953488372093,1.0
65169,165,740,15,18,18,43,0.4186046511627907,0.72
65270,89,387,-211,25,25,50,0.5,1.0
65270,89,883,-211,25,25,50,0.5,1.0
65326,149,1624,-211,25,25,43,0.5813953488372093,1.0
65371,15,259,-211,24,24,46,0.5217391304347826,0.96
65371,15,533,-211,22,22,46,0.4782608695652174,0.88
65386,388,2350,-211,24,24,48,0.5,0.96
65386,388,2351,-211,24,24,48,0.5,0.96
65522,149,924,211,23,23,43,0.5348837209302325,0.9583333333333334
65522,149,1646,211,20,20,43,0.4651162790697674,0.9090909090909092
65528,147,893,-211,25,25,49,0.5102040816326531,1.0
65528,147,1416,-211,24,24,49,0.4897959183673469,1.0
65535,125,723,211,25,25,50,0.5,1.0
65535,125,727,211,25,25,50,0.5,1.0
65576,145,2055,-211,25,25,46,0.5434782608695652,1.0
65576,145,810,-321,21,21,46,0.4565217391304347,0.84
65590,299,1319,-211,25,25,48,0.5208333333333334,1.0
65590,299,1531,-211,23,23,48,0.4791666666666667,0.92
65687,244,1341,211,22,22,40,0.55,0.88
65687,244,1424,211,18,18,40,0.45,0.72
65732,68,523,211,24,24,44,0.5454545454545454,0.96
65732,68,425,211,20,20,44,0.4545454545454545,0.8
65753,25,1731,211,23,23,45,0.5111111111111111,0.92
65753,25,281,211,22,22,45,0.4888888888888889,1.0
65824,62,1825,211,24,24,46,0.5217391304347826,1.0
65824,62,481,211,22,22,46,0.4782608695652174,1.0
65943,334,2105,-211,24,24,47,0.5106382978723404,1.0
65943,334,1713,-211,23,23,47,0.4893617021276595,1.0
65952,12,177,2212,24,24,44,0.5454545454545454,0.96
66001,9,389,-211,25,25,50,0.5,1.0
66001,9,788,-211,25,25,50,0.5,1.0
66071,78,609,-211,25,25,50,0.5,1.0
66071,78,612,-211,25,25,50,0.5,1.0
66071,168,1300,211,25,25,49,0.5102040816326531,1.0
66071,168,1298,211,24,24,49,0.4897959183673469,0.96
66080,50,2170,-211,23,23,45,0.5111111111111111,1.0
66080,50,634,-211,22,22,45,0.4888888888888889,1.0
66093,159,904,211,25,25,50,0.5,1.0
66093,159,919,211,25,25,50,0.5,1.0
66122,279,1433,-2212,25,25,44,0.5681818181818182,1.0
66122,279,1434,-211,19,19,44,0.4318181818181818,0.76
66126,80,924,321,25,25,49,0.5102040816326531,1.0
66126,80,922,211,24,24,49,0.4897959183673469,0.96
66223,50,434,-211,25,25,50,0.5,1.0
66223,50,1256,211,25,25,50,0.5,1.0
66314,100,1172,-211,25,25,42,0.5952380952380952,1.0
66317,376,1911,-2112,25,25,50,0.5,1.0
66317,376,1969,-211,25,25,50,0.5,1.0
66342,15,350,211,25,25,45,0.5555555555555556,1.0
66342,15,1695,15,20,20,45,0.4444444444444444,0.8
66401,60,395,-211,25,25,49,0.5102040816326531,1.0
66401,60,400,-211,24,24,49,0.4897959183673469,0.96
66405,129,660,-211,25,25,50,0.5,1.0
66405,129,954,-211,25,25,50,0.5,1.0
66432,416,1983,211,25,25,50,0.5,1.0
66432,416,2009,211,25,25,50,0.5,1.0
66542,408,1924,-211,25,25,50,0.5,1.0
66542,408,1952,-211,25,25,50,0.5,1.0
66557,123,903,-211,22,22,43,0.5116279069767442,0.88
66557,123,2017,211,21,21,43,0.4883720930232558,0.9545454545454546
66590,253,1693,-211,25,25,50,0.5,1.0
66590,253,1790,-211,25,25,50,0.5,1.0
66644,111,574,-211,25,25,47,0.5319148936170213,1.0
66644,111,571,-321,22,22,47,0.4680851063829787,0.88
66706,270,1656,-211,25,25,49,0.5102040816326531,1.0
66706,270,1662,-211,24,24,49,0.4897959183673469,0.96
66730,247,1022,211,25,25,47,0.5319148936170213,1.0
66730,247,1009,211,22,22,47,0.4680851063829787,0.88
66780,232,1331,-211,25,25,50,0.5,1.0
66780,232,1575,-211,25,25,50,0.5,1.0
66807,234,925,-211,24,24,43,0.5581395348837209,1.0
66807,234,1010,-211,19,19,43,0.4418604651162791,0.8260869565217391
66872,278,702,-211,23,23,45,0.5111111111111111,0.92
66872,278,671,-211,22,22,45,0.4888888888888889,0.88
66889,160,802,211,23,23,46,0.5,1.0
66889,160,845,211,23,23,46,0.5,1.0
66910,16,209,211,25,25,50,0.5,1.0
66910,16,2391,-211,25,25,50,0.5,1.0
66910,35,1691,-211,25,25,47,0.5319148936170213,1.0
66910,35,359,211,22,22,47,0.4680851063829787,0.9166666666666666
66954,7,878,211,25,25,43,0.5813953488372093,1.0
66954,7,48,15,18,18,43,0.4186046511627907,0.72
67010,92,320,211,25,25,50,0.5,1.0
67010,92,458,211,25,25,50,0.5,1.0
67032,177,1143,-211,25,25,50,0.5,1.0
67032,177,1661,2112,25,25,50,0.5,1.0
67044,260,1774,-211,25,25,50,0.5,1.0
67044,260,2421,211,25,25,50,0.5,1.0
67077,61,2324,-211,23,23,44,0.5227272727272727,0.92
67077,61,512,-211,21,21,44,0.4772727272727273,0.9545454545454546
67114,332,2038,211,25,25,50,0.5,1.0
67114,332,2057,211,25,25,50,0.5,1.0
67151,65,716,211,25,25,49,0.5102040816326531,1.0
67151,65,1601,211,24,24,49,0.4897959183673469,0.96
67164,310,1947,211,25,25,46,0.5434782608695652,1.0
67164,310,2354,211,21,21,46,0.4565217391304347,0.9545454545454546
67192,254,1246,-2212,23,23,45,0.5111111111111111,0.92
67192,254,1268,-211,22,22,45,0.4888888888888889,0.88
67222,178,1114,-211,24,24,45,0.5333333333333333,0.96
67222,178,847,-321,21,21,45,0.4666666666666667,0.84
67226,440,2176,11,25,25,49,0.5102040816326531,1.0
67226,440,2166,-211,24,24,49,0.4897959183673469,0.96
67244,322,2233,-211,25,25,46,0.5434782608695652,1.0
67244,322,2236,-321,21,21,46,0.4565217391304347,0.84
67248,173,902,211,25,25,50,0.5,1.0
67248,173,931,321,25,25,50,0.5,1.0
67302,262,1633,-211,25,25,42,0.5952380952380952,1.0
67302,262,1370,-211,17,17,42,0.4047619047619047,0.68
67442,263,1764,211,24,24,46,0.5217391304347826,0.96
67442,263,1749,-211,22,22,46,0.4782608695652174,0.9565217391304348
67516,22,1249,211,25,25,44,0.5681818181818182,1.0
67517,11,1497,-211,25,25,48,0.5208333333333334,1.0
67517,11,187,-211,23,23,48,0.4791666666666667,1.0
67525,214,1299,211,25,25,49,0.5102040816326531,1.0
67525,214,1224,211,24,24,49,0.4897959183673469,0.96
67583,44,267,211,25,25,49,0.5102040816326531,1.0
67583,44,266,211,24,24,49,0.4897959183673469,0.96
67701,130,850,-2212,24,24,48,0.5,0.96
67701,130,910,-211,24,24,48,0.5,0.96
67729,119,1704,-211,25,25,44,0.5681818181818182,1.0
67729,119,922,15,19,19,44,0.4318181818181818,0.6551724137931034
67790,428,2480,211,14,14,25,0.56,0.56
67790,428,2501,211,11,11,25,0.44,0.44
67790,429,2501,211,14,14,25,0.56,0.56
67790,429,2480,211,11,11,25,0.44,0.44
67808,147,882,-211,25,25,50,0.5,1.0
67808,147,1995,-211,25,25,50,0.5,1.0
67821,40,1134,211,13,13,24,0.5416666666666666,0.52
67821,40,486,211,11,11,24,0.4583333333333333,0.44
67831,422,1723,211,25,25,50,0.5,1.0
67831,422,1799,211,25,25,50,0.5,1.0
67846,288,1419,211,25,25,50,0.5,1.0
67846,288,1438,2112,25,25,50,0.5,1.0
67876,352,1309,-211,14,14,27,0.5185185185185185,0.56
67876,352,1304,-211,13,13,27,0.4814814814814814,0.52
67933,7,130,321,25,25,50,0.5,1.0
67933,7,1650,-211,25,25,50,0.5,1.0
67959,205,1589,211,25,25,47,0.5319148936170213,1.0
67959,205,1348,211,22,22,47,0.4680851063829787,0.88
67987,217,983,211,25,25,50,0.5,1.0
67987,217,1018,321,25,25,50,0.5,1.0
68114,168,987,211,25,25,48,0.5208333333333334,1.0
68114,168,958,321,23,23,48,0.4791666666666667,0.92
68132,494,2580,211,25,25,49,0.5102040816326531,1.0
68132,494,2530,321,24,24,49,0.4897959183673469,0.96
68156,311,1863,-211,25,25,49,0.5102040816326531,1.0
68156,311,1974,-321,24,24,49,0.4897959183673469,0.96
68239,103,896,-211,21,21,36,0.5833333333333334,0.9545454545454546
68268,350,2085,-211,25,25,47,0.5319148936170213,1.0
68268,350,2073,-211,22,22,47,0.4680851063829787,0.88
68278,166,1092,-211,25,25,50,0.5,1.0
68278,166,1248,211,25,25,50,0.5,1.0
68282,279,1915,-211,25,25,50,0.5,1.0
68282,279,2264,-211,25,25,50,0.5,1.0
68292,244,1214,-211,25,25,50,0.5,1.0
68292,244,1284,-211,25,25,50,0.5,1.0
68406,140,1034,211,25,25,50,0.5,1.0
68406,140,1374,211,25,25,50,0.5,1.0
68504,85,1191,-211,25,25,43,0.5813953488372093,1.0
68504,85,451,211,18,18,43,0.4186046511627907,0.72
68510,373,1923,-11,25,25,50,0.5,1.0
68510,373,1964,321,25,25,50,0.5,1.0
68548,256,1416,211,25,25,50,0.5,1.0
68548,256,1417,321,25,25,50,0.5,1.0
68569,40,315,-211,25,25,50,0.5,1.0
68569,40,356,-211,25,25,50,0.5,1.0
68595,168,698,-211,25,25,50,0.5,1.0
68595,168,710,-211,25,25,50,0.5,1.0
68603,165,1395,211,21,21,40,0.525,0.9130434782608696
68605,87,480,211,25,25,50,0.5,1.0
68605,87,979,211,25,25,50,0.5,1.0
68671,80,1713,321,25,25,49,0.5102040816326531,1.0
68671,80,564,-211,24,24,49,0.4897959183673469,0.96
68728,228,1606,-2212,25,25,50,0.5,1.0
68728,228,2580,211,25,25,50,0.5,1.0
68865,171,959,-211,22,22,42,0.5238095238095238,1.0
68870,101,809,211,24,24,48,0.5,0.96
68870,101,909,211,24,24,48,0.5,1.0
68878,173,990,-211,25,25,47,0.5319148936170213,1.0
68878,173,1055,11,22,22,47,0.4680851063829787,0.88
68879,47,182,-2112,24,24,46,0.5217391304347826,0.96
68879,47,1503,11,22,22,46,0.4782608695652174,0.9565217391304348
68904,48,477,211,25,25,50,0.5,1.0
68904,48,581,211,25,25,50,0.5,1.0
68904,152,860,-2212,25,25,45,0.5555555555555556,1.0
68904,152,830,-211,20,20,45,0.4444444444444444,0.8
68919,605,3185,211,25,25,50,0.5,1.0
68919,605,3339,211,25,25,50,0.5,1.0
68960,174,1163,211,13,13,25,0.52,0.52
68960,174,1517,-211,12,12,25,0.48,0.48
