event_id,n_hit_rows,n_unique_hits,n_reco_tracks,n_unique_particles
65001,2301,2301,99,93
65002,1439,1439,142,54
65003,1548,1548,69,62
65005,1955,1955,85,79
65006,2912,2912,147,117
65007,3586,3586,151,144
65008,2339,2339,119,95
65009,3341,3341,151,135
65010,2354,2354,156,93
65011,2777,2777,146,111
65012,4981,4981,236,200
65013,1872,1872,88,75
65014,2167,2167,121,86
65015,2335,2335,110,94
65017,2602,2602,111,105
65018,1470,1470,80,59
65019,1883,1883,95,76
65020,2975,2975,133,120
65021,2821,2821,149,113
65022,3093,3093,130,124
65023,1969,1969,87,79
65024,1903,1903,107,76
65025,3570,3570,205,142
65027,2702,2702,125,109
65028,3672,3672,162,148
65029,3554,3554,164,143
65030,1942,1942,97,78
65031,2739,2739,115,110
65032,2316,2316,102,93
65033,1474,1474,60,59
65034,1123,1123,47,45
65035,2290,2290,98,92
65036,2639,2639,114,107
65037,2123,2123,97,86
65038,2991,2991,128,121
65039,4255,4255,193,171
65040,2057,2057,112,83
65042,2650,2650,110,107
65043,4138,4138,193,167
65044,3149,3149,213,124
65045,3133,3133,138,126
65046,2473,2473,108,99
65047,3165,3165,148,127
65048,4103,4103,179,165
65049,1679,1679,81,68
65050,3376,3376,157,136
65051,4088,4088,219,163
65052,2905,2905,121,117
65053,1788,1788,109,71
65054,2492,2492,115,100
65055,3953,3953,168,159
65056,3268,3268,141,131
65057,2713,2713,113,109
65058,1914,1914,80,77
65059,1801,1801,86,73
65061,3488,3488,145,140
65062,1979,1979,81,80
65063,3158,3158,166,127
65064,1391,1391,69,56
65065,3329,3329,141,134
65066,1788,1788,97,72
65067,2532,2532,123,102
65068,3033,3033,141,122
65069,2981,2981,125,120
65070,3032,3032,129,122
65071,3812,3812,170,153
65072,3488,3488,153,140
65073,1711,1711,81,69
65074,2041,2041,84,82
65075,2266,2266,105,91
65076,3542,3542,156,143
65077,4029,4029,220,161
65078,1690,1690,70,68
65079,3075,3075,212,120
65080,3419,3419,232,134
65081,2500,2500,107,100
65082,3027,3027,124,122
65084,3137,3137,130,126
65085,1831,1831,100,72
65086,2605,2605,111,105
65087,4095,4095,175,165
65088,2356,2356,101,95
65089,3112,3112,156,125
65090,3418,3418,195,135
65091,3391,3391,142,136
65092,2303,2303,121,92
65093,2834,2834,126,114
65094,3678,3678,181,148
65095,897,897,39,37
65096,2275,2275,130,91
65097,2641,2641,127,106
65098,2058,2058,94,83
65099,1988,1988,88,80
65100,2586,2586,150,103
65101,2289,2289,95,93
65102,2702,2702,139,108
65103,2464,2464,109,99
65104,3280,3280,141,132
65105,2641,2641,128,106
65106,4226,4226,190,170
65107,2182,2182,90,88
65108,3886,3886,163,156
65109,2119,2119,91,85
65110,3958,3958,175,160
65111,5079,5079,231,204
65112,3185,3185,145,128
65113,3182,3182,136,128
65114,1943,1943,86,78
65115,3685,3685,174,148
65116,2259,2259,115,91
65117,2042,2042,92,82
65118,2935,2935,130,118
65119,2393,2393,108,96
65120,2490,2490,129,99
65121,2367,2367,127,95
65122,2460,2460,101,99
65123,2251,2251,108,90
65124,1278,1278,63,51
65125,2832,2832,122,114
65126,1892,1892,99,76
65127,2454,2454,105,99
65128,2670,2670,136,107
65129,2645,2645,115,106
65130,2672,2672,151,107
65131,2285,2285,99,92
65132,2627,2627,111,106
65133,3103,3103,173,124
65134,3353,3353,148,135
65135,2582,2582,137,103
65136,2027,2027,96,82
65137,1289,1289,67,52
65138,3726,3726,153,150
65139,1920,1920,85,77
65140,3044,3044,135,123
65141,3436,3436,197,136
65142,3895,3895,183,156
65143,2533,2533,111,102
65144,2244,2244,105,90
65146,2407,2407,110,97
65147,2927,2927,125,118
65148,2883,2883,119,116
65149,4024,4024,175,162
65150,2510,2510,105,101
65151,1490,1490,84,59
65152,5107,5107,249,205
65153,2906,2906,121,117
65154,1390,1390,57,56
65155,2256,2256,161,89
65156,3212,3212,168,130
65157,2169,2169,90,87
65158,2820,2820,132,113
65159,2788,2788,118,112
65160,2834,2834,139,114
65161,3762,3762,188,151
65162,3636,3636,171,146
65163,3736,3736,160,150
65164,2669,2669,118,107
65165,2306,2306,97,93
65166,2107,2107,124,84
65168,2882,2882,120,116
65169,1640,1640,71,66
65170,2855,2855,143,115
65171,1170,1170,50,47
65172,1893,1893,82,76
65173,4162,4162,184,168
65174,2260,2260,165,89
65175,2166,2166,95,87
65176,2698,2698,165,107
65177,1489,1489,73,60
65178,2175,2175,130,87
65179,1854,1854,103,75
65180,2417,2417,125,97
65181,3325,3325,167,133
65182,3279,3279,168,132
65183,3797,3797,186,153
65184,3246,3246,138,131
65185,944,944,40,38
65187,4379,4379,249,174
65188,1259,1259,62,51
65189,2498,2498,118,100
65190,1644,1644,71,66
65191,3221,3221,142,130
65192,2936,2936,129,118
65193,1065,1065,45,44
65194,1762,1762,90,71
65195,2351,2351,97,95
65196,2644,2644,114,106
65198,3487,3487,173,141
65199,1423,1423,66,57
65200,1092,1092,49,44
65201,3904,3904,205,156
65202,1985,1985,97,80
65203,2284,2284,154,90
65204,2390,2390,124,96
65205,1618,1618,86,65
65206,2118,2118,107,85
65207,2752,2752,116,111
65208,1865,1865,102,75
65209,1851,1851,96,73
65210,2199,2199,129,88
65211,2952,2952,130,120
65212,3358,3358,151,136
65213,1886,1886,87,76
65214,850,850,42,34
65215,1659,1659,82,67
65216,4385,4385,197,175
65217,1740,1740,71,70
65218,1717,1717,86,69
65220,2956,2956,128,119
65221,1655,1655,93,64
65222,1760,1760,106,69
65223,2057,2057,116,82
65224,2371,2371,115,96
65225,796,796,49,32
65226,1133,1133,81,44
65227,1386,1386,58,56
65228,3233,3233,148,130
65229,3008,3008,122,121
65230,2249,2249,117,92
65231,3530,3530,167,142
65232,3017,3017,130,121
65233,3861,3861,195,155
65234,3146,3146,151,127
65235,3013,3013,134,121
65236,2517,2517,104,101
65237,3562,3562,216,141
65238,3385,3385,167,136
65239,3862,3862,169,156
65240,2459,2459,103,99
65241,1378,1378,76,55
65242,3601,3601,179,144
65243,2200,2200,101,89
65244,2571,2571,148,103
65245,1832,1832,79,74
65246,2108,2108,106,85
65247,2647,2647,137,106
65248,2071,2071,91,84
65249,1124,1124,63,45
65250,2584,2584,110,104
65251,1468,1468,80,59
65252,3216,3216,157,129
65253,2876,2876,173,114
65254,1237,1237,54,50
65255,3242,3242,141,131
65256,3798,3798,164,153
65257,1770,1770,81,71
65258,2183,2183,96,88
65259,3121,3121,165,126
65260,2691,2691,113,108
65261,1993,1993,95,80
65262,685,685,64,26
65263,1549,1549,86,62
65264,2135,2135,95,86
65265,1944,1944,114,77
65266,3210,3210,186,126
65267,910,910,72,36
65268,3699,3699,158,149
65269,3551,3551,151,143
65270,2237,2237,95,90
65271,672,672,38,27
65272,2012,2012,86,81
65273,2135,2135,89,86
65274,3057,3057,131,123
65275,3083,3083,133,124
65276,4664,4664,207,187
65277,3056,3056,157,121
65278,2408,2408,112,97
65279,4714,4714,227,190
65280,2658,2658,147,106
65281,2684,2684,113,108
65282,2274,2274,109,91
65283,1295,1295,65,52
65284,3376,3376,150,136
65287,2688,2688,121,108
65288,3432,3432,149,138
65289,4195,4195,184,169
65291,595,595,66,23
65292,3985,3985,227,159
65293,1616,1616,69,65
65294,2713,2713,142,109
65295,3558,3558,190,142
65296,3635,3635,170,147
65297,2025,2025,95,81
65298,1830,1830,100,73
65299,3517,3517,156,142
65300,2220,2220,91,89
65301,1121,1121,69,44
65302,3706,3706,160,149
65303,2125,2125,143,84
65304,3941,3941,180,158
65305,2245,2245,117,90
65306,2910,2910,134,118
65307,929,929,41,38
65308,1122,1122,88,43
65309,2502,2502,130,100
65310,1097,1097,52,44
65311,2561,2561,108,103
65312,2930,2930,121,118
65313,2733,2733,116,110
65314,3917,3917,171,158
65315,3227,3227,158,130
65316,3371,3371,173,135
65317,2384,2384,124,96
65318,2492,2492,118,100
65319,2489,2489,103,100
65320,1704,1704,75,69
65321,2412,2412,104,99
65322,2040,2040,111,82
65323,2727,2727,129,110
65324,2134,2134,93,86
65326,2733,2733,120,110
65327,1322,1322,55,53
65328,3633,3633,183,145
65329,3123,3123,162,126
65330,2305,2305,99,93
65331,2576,2576,118,104
65332,1763,1763,82,71
65333,3164,3164,147,127
65334,3496,3496,155,141
65335,3418,3418,172,137
65336,3212,3212,165,128
65337,3488,3488,161,141
65338,2084,2084,103,84
65339,2297,2297,122,92
65340,2557,2557,128,103
65341,542,542,26,22
65342,4028,4028,180,162
65343,4326,4326,202,175
65344,2782,2782,123,112
65345,2343,2343,95,94
65346,3919,3919,181,157
65347,3924,3924,187,158
65348,4592,4592,224,184
65349,2188,2188,184,84
65350,2218,2218,114,89
65351,2176,2176,95,88
65352,1911,1911,110,75
65353,2655,2655,129,107
65354,3320,3320,139,134
65355,1983,1983,112,78
65356,3206,3206,144,129
65357,2657,2657,113,107
65358,2610,2610,123,105
65359,3984,3984,207,158
65360,1817,1817,77,73
65361,3181,3181,167,127
65362,2159,2159,92,87
65363,2312,2312,102,93
65364,2289,2289,102,91
65365,3564,3564,184,143
65366,1962,1962,90,79
65367,3338,3338,155,134
65368,3136,3136,203,124
65369,2214,2214,111,87
65370,2290,2290,153,90
65371,2203,2203,114,88
65372,1820,1820,75,73
65373,2920,2920,191,115
65374,1451,1451,74,58
65375,1893,1893,98,76
65376,3067,3067,125,123
65378,2807,2807,116,113
65379,1918,1918,101,77
65380,3043,3043,155,121
65381,3098,3098,127,125
65382,2499,2499,139,101
65383,2832,2832,121,114
65384,3736,3736,158,151
65385,1991,1991,103,80
65386,3889,3889,170,156
65387,2514,2514,139,101
65388,1142,1142,69,46
65389,3320,3320,140,134
65390,1881,1881,98,75
65391,2726,2726,133,110
65392,2228,2228,109,90
65393,3439,3439,157,138
65394,2036,2036,130,80
65395,2488,2488,123,99
65396,2660,2660,115,107
65397,1861,1861,78,75
65398,2288,2288,131,92
65399,2835,2835,125,114
65400,2645,2645,122,106
65401,3326,3326,155,134
65402,3255,3255,140,131
65403,2136,2136,91,86
65404,3708,3708,194,149
65405,5067,5067,238,202
65406,2456,2456,110,99
65407,2221,2221,162,87
65408,2405,2405,127,96
65409,3937,3937,174,159
65410,1711,1711,72,69
65411,1674,1674,71,68
65412,3238,3238,159,130
65413,1748,1748,132,68
65414,3078,3078,153,124
65415,2190,2190,124,87
65416,2911,2911,125,117
65417,1124,1124,59,45
65418,2141,2141,102,86
65419,2023,2023,125,81
65420,2859,2859,143,115
65421,2219,2219,107,89
65422,2182,2182,98,88
65423,2242,2242,101,90
65424,3185,3185,153,127
65425,2143,2143,95,86
65426,1694,1694,152,65
65427,1939,1939,94,78
65428,1216,1216,52,49
65429,975,975,47,40
65430,3631,3631,177,146
65431,2725,2725,128,110
65432,1993,1993,142,78
65433,1419,1419,80,57
65434,1945,1945,102,78
65435,1939,1939,86,78
65436,1543,1543,75,62
65437,2501,2501,157,99
65438,1234,1234,83,49
65439,1009,1009,51,40
65440,3513,3513,166,141
65441,1887,1887,81,76
65442,3848,3848,201,154
65443,3638,3638,166,146
65444,1656,1656,80,67
65445,1970,1970,81,79
65446,4348,4348,207,176
65447,3896,3896,188,157
65448,1916,1916,88,78
65449,1812,1812,78,73
65450,2011,2011,118,80
65451,1561,1561,67,63
65452,2385,2385,97,96
65453,1972,1972,80,79
65454,1018,1018,46,41
65455,1944,1944,126,78
65456,3411,3411,147,138
65457,2874,2874,129,116
65458,3641,3641,151,146
65459,2138,2138,88,86
65460,3314,3314,156,133
65461,2843,2843,153,114
65462,2144,2144,121,86
65463,2804,2804,128,112
65464,1446,1446,85,58
65465,2122,2122,87,85
65466,3054,3054,152,123
65467,1635,1635,69,66
65468,3898,3898,169,158
65469,1992,1992,145,78
65470,2623,2623,120,106
65471,1138,1138,54,46
65472,4154,4154,181,167
65473,3770,3770,161,152
65474,2222,2222,99,89
65475,1814,1814,127,71
65476,4093,4093,198,164
65477,3452,3452,155,139
65478,2524,2524,105,102
65479,3778,3778,190,152
65480,1719,1719,79,69
65481,3170,3170,135,128
65482,620,620,35,25
65483,3756,3756,156,151
65484,4913,4913,227,197
65485,3771,3771,175,151
65486,1217,1217,52,49
65487,1756,1756,77,71
65488,2156,2156,95,86
65489,2029,2029,84,82
65490,2390,2390,115,96
65491,3206,3206,151,129
65492,3010,3010,162,120
65493,2168,2168,93,87
65494,1915,1915,82,77
65495,1566,1566,81,63
65496,2432,2432,111,97
65498,4003,4003,176,161
65499,2321,2321,108,93
65500,2837,2837,116,114
65501,2489,2489,101,100
65502,2087,2087,115,84
65503,4374,4374,229,175
65504,3156,3156,139,127
65505,4229,4229,190,170
65506,1772,1772,110,71
65507,1396,1396,105,55
65508,4544,4544,194,183
65509,2256,2256,93,91
65510,2562,2562,127,103
65511,2546,2546,129,102
65512,1842,1842,78,75
65513,3090,3090,155,125
65515,1486,1486,74,59
65516,3141,3141,138,126
65517,4629,4629,195,186
65518,2427,2427,106,98
65519,3539,3539,170,143
65520,1968,1968,145,76
65521,2687,2687,117,108
65522,3174,3174,149,128
65523,1498,1498,82,60
65524,2540,2540,109,102
65525,2811,2811,144,113
65526,3128,3128,155,126
65527,4488,4488,195,181
65528,2426,2426,111,98
65529,1859,1859,122,73
65530,2456,2456,103,99
65531,3294,3294,160,133
65532,2767,2767,153,111
65533,4562,4562,199,184
65534,1000,1000,51,40
65535,2251,2251,112,90
65536,2033,2033,94,82
65537,1239,1239,61,50
65538,2119,2119,93,85
65539,1851,1851,121,73
65540,3400,3400,187,136
65541,3528,3528,153,143
65542,3479,3479,172,140
65543,2880,2880,131,116
65544,3241,3241,142,130
65545,1492,1492,70,60
65546,3314,3314,153,133
65547,1810,1810,74,73
65548,1109,1109,92,43
65549,2236,2236,98,90
65550,2966,2966,158,118
65551,2384,2384,113,96
65552,819,819,39,33
65553,4016,4016,181,161
65554,4272,4272,204,173
65555,1286,1286,62,52
65556,2557,2557,133,103
65557,1047,1047,52,42
65558,2788,2788,124,112
65559,2964,2964,148,119
65560,2413,2413,103,97
65561,3159,3159,131,127
65562,4869,4869,225,196
65563,3192,3192,165,129
65564,3995,3995,215,159
65565,4710,4710,197,189
65566,3258,3258,145,131
65567,2013,2013,101,81
65568,1233,1233,60,50
65569,1937,1937,110,77
65570,3019,3019,138,121
65571,3161,3161,148,127
65572,3582,3582,153,144
65573,2404,2404,104,97
65574,1003,1003,58,40
65575,1861,1861,100,75
65576,3734,3734,158,150
65577,1892,1892,77,76
65578,1598,1598,125,62
65579,3383,3383,144,137
65580,3959,3959,189,158
65581,1724,1724,70,69
65582,1348,1348,71,54
65583,2230,2230,137,89
65584,2888,2888,141,116
65585,2721,2721,114,110
65586,2029,2029,103,81
65587,2961,2961,120,119
65588,2312,2312,154,92
65589,3683,3683,169,148
65590,2663,2663,153,106
65591,3505,3505,160,141
65592,3019,3019,139,122
65593,2112,2112,100,84
65594,947,947,52,38
65595,2479,2479,117,100
65596,4042,4042,222,162
65597,2482,2482,121,100
65598,693,693,29,28
65600,1994,1994,81,80
65601,1655,1655,103,65
65602,3698,3698,198,147
65603,2615,2615,128,104
65604,3485,3485,150,141
65605,3581,3581,158,144
65606,5615,5615,244,225
65607,1617,1617,70,65
65608,5884,5884,259,236
65609,2025,2025,106,81
65610,3293,3293,144,132
65611,1996,1996,92,80
65612,972,972,41,39
65613,2252,2252,103,90
65614,2759,2759,132,111
65615,2969,2969,150,118
65616,3667,3667,167,148
65617,1650,1650,82,65
65618,3174,3174,140,128
65619,2212,2212,96,90
65620,1628,1628,77,66
65621,1638,1638,90,66
65622,1158,1158,69,46
65623,3272,3272,142,132
65624,1067,1067,57,43
65625,1899,1899,82,76
65626,2329,2329,218,89
65627,3459,3459,149,139
65628,1675,1675,78,67
65629,1559,1559,68,63
65630,3282,3282,149,132
65631,2397,2397,105,97
65632,2018,2018,87,82
65633,3974,3974,177,160
65634,1690,1690,69,68
65635,2330,2330,101,94
65636,2373,2373,120,95
65637,2729,2729,141,109
65638,2716,2716,113,109
65639,3584,3584,173,144
65640,2691,2691,177,108
65641,3211,3211,178,127
65642,3493,3493,179,140
65643,843,843,68,33
65644,3717,3717,169,149
65645,3467,3467,150,139
65646,1805,1805,81,73
65647,3071,3071,171,122
65648,1844,1844,94,74
65649,2028,2028,98,81
65650,3795,3795,197,152
65651,2773,2773,130,111
65652,3264,3264,144,132
65653,5071,5071,223,204
65654,2196,2196,109,88
65655,3525,3525,166,141
65656,2479,2479,136,98
65657,2844,2844,160,113
65658,1665,1665,74,67
65659,2588,2588,107,104
65660,1961,1961,96,79
65661,3394,3394,276,131
65662,3030,3030,140,121
65663,1933,1933,88,78
65664,2242,2242,119,90
65665,1911,1911,107,76
65666,2712,2712,169,108
65667,1340,1340,128,51
65668,3798,3798,167,153
65669,3546,3546,163,143
65670,3066,3066,186,121
65671,3041,3041,133,122
65673,3461,3461,142,139
65675,3177,3177,170,128
65676,4366,4366,193,176
65677,2884,2884,153,115
65678,2588,2588,105,104
65679,1551,1551,65,63
65680,3180,3180,143,128
65681,3044,3044,145,123
65682,2326,2326,98,94
65683,3833,3833,187,154
65684,2739,2739,117,110
65685,3158,3158,129,127
65686,2599,2599,110,105
65687,2310,2310,136,93
65688,2051,2051,85,83
65689,2934,2934,141,118
65690,1413,1413,59,57
65691,3249,3249,186,129
65692,1107,1107,66,45
65693,2615,2615,125,105
65694,3542,3542,164,142
65695,1760,1760,88,71
65696,4475,4475,196,180
65697,2760,2760,115,111
65698,1555,1555,79,63
65699,1709,1709,94,69
65700,2732,2732,122,110
65701,1760,1760,92,71
65702,3039,3039,145,122
65704,3635,3635,187,145
65705,1437,1437,75,58
65706,4906,4906,217,198
65707,4073,4073,181,164
65708,3860,3860,170,155
65709,1836,1836,74,74
65710,2798,2798,123,112
65711,3272,3272,144,132
65712,2714,2714,125,110
65713,1922,1922,104,77
65714,1790,1790,98,72
65715,2139,2139,131,85
65716,2854,2854,123,115
65717,1135,1135,81,45
65718,2351,2351,109,95
65719,4617,4617,229,185
65720,2012,2012,119,80
65721,2383,2383,101,96
65722,2284,2284,122,92
65723,1886,1886,94,75
65724,2755,2755,131,111
65725,1911,1911,91,77
65726,2388,2388,129,95
65727,2784,2784,156,111
65728,766,766,46,31
65729,2022,2022,98,81
65730,2737,2737,120,110
65731,1977,1977,124,79
65732,2719,2719,118,109
65733,2038,2038,99,82
65734,1723,1723,99,69
65735,2134,2134,102,86
65736,2743,2743,184,108
65737,2772,2772,124,112
65738,2031,2031,94,82
65739,3896,3896,176,156
65740,2121,2121,95,85
65741,2290,2290,112,92
65742,1930,1930,174,74
65743,2073,2073,87,83
65744,745,745,49,30
65745,2668,2668,112,107
65746,2080,2080,87,84
65747,1502,1502,80,59
65748,5073,5073,221,204
65749,2295,2295,93,92
65750,1470,1470,63,59
65751,1696,1696,76,68
65752,2911,2911,126,117
65753,3727,3727,163,151
65754,2641,2641,114,106
65755,2817,2817,131,114
65756,3782,3782,195,152
65757,2254,2254,116,90
65758,3564,3564,162,144
65759,1768,1768,72,71
65760,1493,1493,61,60
65761,1593,1593,68,64
65762,2111,2111,95,85
65763,1969,1969,115,79
65764,1428,1428,135,55
65765,1224,1224,50,49
65766,1913,1913,79,77
65767,1800,1800,88,73
65768,1579,1579,111,62
65769,2890,2890,244,113
65770,1456,1456,91,57
65771,3168,3168,137,128
65772,2142,2142,91,86
65773,1665,1665,101,67
65774,2093,2093,94,84
65775,3155,3155,150,127
65776,2245,2245,102,90
65777,3221,3221,173,129
65778,3879,3879,194,156
65779,3210,3210,132,129
65780,1838,1838,79,74
65781,1934,1934,123,76
65782,2959,2959,146,119
65783,1325,1325,111,52
65784,3164,3164,175,126
65785,1344,1344,68,54
65786,2663,2663,139,106
65787,1205,1205,81,48
65788,2824,2824,174,112
65789,4361,4361,216,175
65790,2620,2620,140,106
65791,2412,2412,108,97
65792,3463,3463,168,138
65793,3282,3282,158,132
65794,1690,1690,77,68
65795,3137,3137,151,127
65796,2958,2958,132,119
65797,2417,2417,100,97
65798,3390,3390,150,136
65799,5013,5013,221,200
65800,3836,3836,163,154
65801,3593,3593,161,144
65802,3382,3382,184,134
65803,2423,2423,118,97
65804,3068,3068,128,124
65805,3696,3696,168,148
65806,2296,2296,112,91
65807,2884,2884,147,116
65808,1170,1170,51,47
65809,2478,2478,177,97
65810,2242,2242,92,90
65811,1924,1924,98,77
65812,2797,2797,150,112
65813,4201,4201,199,169
65814,3566,3566,161,144
65815,1718,1718,102,68
65816,3663,3663,157,148
65817,2231,2231,114,90
65818,1741,1741,91,70
65819,1787,1787,79,72
65820,2540,2540,104,102
65821,2701,2701,126,109
65822,2488,2488,111,99
65823,1441,1441,61,58
65824,3445,3445,149,139
65825,1808,1808,90,73
65826,1538,1538,64,62
65827,3959,3959,167,159
65829,2463,2463,104,99
65830,2791,2791,129,112
65831,3732,3732,158,150
65832,3762,3762,178,152
65833,3819,3819,163,154
65834,2448,2448,143,98
65835,2861,2861,169,114
65836,1019,1019,43,41
65837,1920,1920,112,77
65838,3065,3065,125,123
65839,2707,2707,133,109
65840,2140,2140,115,86
65841,1986,1986,170,76
65842,3607,3607,149,145
65843,1572,1572,80,64
65844,1615,1615,90,65
65845,3093,3093,156,124
65846,2097,2097,126,84
65847,3172,3172,184,126
65848,2522,2522,113,102
65849,3075,3075,133,124
65850,1542,1542,74,62
65851,1642,1642,69,66
65852,2535,2535,124,102
65853,3254,3254,154,131
65854,2605,2605,116,105
65855,3619,3619,154,146
65856,2639,2639,113,106
65857,1125,1125,101,44
65858,1186,1186,49,48
65859,1223,1223,84,48
65860,1833,1833,86,74
65861,2036,2036,88,82
65862,4037,4037,180,163
65863,2507,2507,123,101
65864,3143,3143,187,124
65865,3828,3828,161,154
65866,2059,2059,113,83
65867,2586,2586,113,104
65868,2699,2699,119,109
65869,2278,2278,142,91
65870,1712,1712,131,66
65871,2901,2901,150,117
65872,2826,2826,121,115
65873,2267,2267,105,91
65874,2121,2121,101,84
65875,3410,3410,149,137
65876,2050,2050,97,83
65877,2769,2769,128,111
65878,2765,2765,117,111
65879,2437,2437,105,98
65880,2174,2174,153,85
65881,3302,3302,153,133
65882,2882,2882,125,116
65883,1646,1646,82,66
65884,3018,3018,212,119
65885,1544,1544,72,62
65886,2913,2913,166,114
65887,2071,2071,124,83
65888,2173,2173,103,87
65889,1669,1669,91,67
65890,1742,1742,77,70
65891,4290,4290,236,171
65892,2494,2494,104,100
65893,3258,3258,156,132
65894,2606,2606,120,106
65895,373,373,27,15
65896,2582,2582,119,104
65897,2319,2319,125,93
65898,1268,1268,55,51
65899,2458,2458,142,99
65900,3156,3156,163,126
65901,2120,2120,106,85
65902,1572,1572,77,63
65903,3193,3193,140,129
65904,2121,2121,87,85
65905,1821,1821,128,72
65906,1645,1645,89,66
65907,2181,2181,96,88
65908,2944,2944,133,119
65909,2189,2189,115,88
65910,3174,3174,168,126
65911,4275,4275,204,172
65912,2648,2648,118,107
65913,2258,2258,98,91
65914,2103,2103,146,83
65915,2013,2013,84,81
65916,299,299,14,12
65917,1447,1447,60,58
65918,2560,2560,108,103
65919,1484,1484,76,60
65920,3536,3536,154,143
65921,2012,2012,124,80
65922,3614,3614,164,145
65923,2368,2368,108,95
65924,3731,3731,202,149
65925,2199,2199,107,89
65926,2861,2861,127,115
65927,2205,2205,141,87
65928,2441,2441,104,98
65929,2169,2169,87,87
65930,1859,1859,83,75
65931,2912,2912,132,117
65932,2037,2037,90,82
65933,2021,2021,130,80
65934,3737,3737,173,150
65935,1695,1695,70,68
65936,3079,3079,146,123
65937,1647,1647,77,67
65938,3290,3290,150,132
65939,2032,2032,117,82
65940,2970,2970,127,120
65941,1588,1588,65,64
65942,2578,2578,109,104
65943,3377,3377,198,134
65944,3945,3945,182,159
65945,1997,1997,81,80
65946,2068,2068,91,83
65947,3705,3705,170,148
65948,1940,1940,78,78
65949,2479,2479,132,100
65950,3883,3883,184,155
65951,2933,2933,134,118
65952,3329,3329,144,134
65953,2746,2746,149,110
65954,1632,1632,91,66
65955,3086,3086,157,124
65956,2425,2425,116,98
65957,2378,2378,119,94
65958,2335,2335,101,94
65959,4523,4523,248,180
65960,2257,2257,105,91
65961,4494,4494,203,180
65962,2013,2013,100,80
65963,2059,2059,101,83
65964,1657,1657,162,64
65965,3313,3313,139,133
65966,2845,2845,122,115
65967,1968,1968,108,79
65968,3359,3359,164,135
65969,2897,2897,164,115
65970,2938,2938,140,118
65971,2565,2565,133,103
65972,1964,1964,86,79
65973,3241,3241,158,130
65974,4062,4062,201,164
65975,2035,2035,87,82
65976,3554,3554,178,142
65977,3271,3271,180,130
65978,2924,2924,130,118
65979,4268,4268,199,172
65980,3265,3265,174,130
65981,2860,2860,125,115
65982,2146,2146,96,87
65983,4154,4154,210,165
65984,3428,3428,153,138
65985,3245,3245,162,130
65986,2572,2572,117,103
65987,2776,2776,148,111
65988,1267,1267,60,51
65989,3029,3029,126,122
65990,918,918,52,37
65991,3742,3742,168,151
65993,3852,3852,172,155
65994,2641,2641,127,106
65995,2536,2536,113,102
65996,3465,3465,157,139
65997,2012,2012,103,81
65998,1704,1704,79,69
65999,2941,2941,121,118
66000,1931,1931,86,78
66001,2660,2660,119,107
66002,1309,1309,75,53
66003,2874,2874,134,117
66004,2404,2404,174,94
66005,2911,2911,140,117
66006,1558,1558,71,62
66007,2270,2270,115,92
66008,2699,2699,125,109
66009,3327,3327,142,134
66010,1605,1605,70,65
66011,2472,2472,131,99
66012,2321,2321,129,92
66013,3832,3832,176,154
66014,4917,4917,232,198
66015,1594,1594,67,64
66016,4499,4499,203,181
66018,2610,2610,109,105
66019,2822,2822,137,113
66020,1127,1127,57,45
66021,2619,2619,111,105
66022,1658,1658,79,67
66023,2600,2600,111,105
66024,2731,2731,125,110
66025,811,811,37,33
66026,3399,3399,173,137
66027,2269,2269,105,91
66028,3678,3678,164,148
66029,1220,1220,63,49
66030,3001,3001,141,121
66031,1841,1841,78,74
66032,2818,2818,135,114
66033,2921,2921,152,116
66034,2677,2677,133,107
66035,3305,3305,146,133
66036,369,369,15,15
66037,3577,3577,150,144
66038,3407,3407,148,137
66039,2112,2112,107,85
66040,3639,3639,182,145
66041,2475,2475,105,99
66042,2504,2504,134,101
66043,2465,2465,121,100
66044,4172,4172,184,168
66045,1881,1881,115,75
66046,2074,2074,121,82
66047,1891,1891,85,77
66048,3087,3087,129,124
66049,1648,1648,85,66
66050,1978,1978,116,78
66051,2359,2359,210,90
66052,3680,3680,159,148
66053,1723,1723,109,69
66054,2861,2861,139,115
66055,3121,3121,141,126
66056,1564,1564,65,63
66057,2639,2639,113,106
66058,2179,2179,97,88
66059,2932,2932,128,118
66060,3816,3816,173,154
66061,3537,3537,176,143
66062,2578,2578,131,104
66063,2192,2192,114,88
66064,1954,1954,99,78
66065,1222,1222,59,49
66066,2258,2258,93,91
66067,2236,2236,106,90
66068,2420,2420,110,98
66069,1590,1590,71,64
66070,3460,3460,144,140
66071,4827,4827,212,194
66072,1818,1818,89,73
66073,2522,2522,111,102
66074,2529,2529,142,101
66075,1695,1695,96,68
66076,2293,2293,121,92
66077,2887,2887,153,116
66078,3952,3952,196,159
66079,1538,1538,67,62
66080,3573,3573,159,144
66081,2609,2609,109,105
66082,1757,1757,80,71
66083,2365,2365,128,95
66084,1445,1445,60,58
66085,2634,2634,137,105
66086,2179,2179,113,87
66087,3265,3265,147,133
66088,2960,2960,134,119
66089,2147,2147,90,86
66090,4393,4393,197,177
66091,5110,5110,231,205
66092,2658,2658,114,107
66093,2838,2838,174,113
66095,1872,1872,75,75
66096,895,895,50,36
66097,1285,1285,54,52
66098,2306,2306,103,93
66099,3990,3990,184,161
66100,2578,2578,149,103
66101,1800,1800,142,69
66102,1265,1265,54,51
66103,3165,3165,133,128
66104,1698,1698,82,68
66105,1936,1936,88,78
66106,3601,3601,154,145
66107,5000,5000,223,201
66108,2183,2183,93,87
66109,1066,1066,55,43
66110,3551,3551,151,143
66111,2997,2997,123,121
66112,1942,1942,107,77
66113,2089,2089,86,84
66114,2692,2692,133,108
66115,2870,2870,123,116
66116,3215,3215,184,127
66117,2442,2442,121,98
66119,1045,1045,49,42
66120,3905,3905,194,157
66121,2556,2556,126,103
66122,3646,3646,170,147
66123,3741,3741,182,150
66124,2686,2686,138,108
66125,2545,2545,105,102
66126,4182,4182,179,168
66127,2742,2742,125,110
66128,3045,3045,134,123
66129,3211,3211,152,129
66130,1224,1224,53,49
66131,1764,1764,132,68
66132,1660,1660,97,66
66133,1220,1220,50,49
66134,3241,3241,142,132
66135,4778,4778,215,192
66136,2077,2077,100,84
66137,872,872,46,35
66138,2224,2224,97,90
66139,2952,2952,147,119
66140,3460,3460,163,139
66141,1618,1618,94,64
66142,1715,1715,76,69
66143,2074,2074,134,82
66144,3433,3433,142,138
66145,1821,1821,77,74
66146,2565,2565,106,103
66147,3001,3001,144,121
66148,1595,1595,89,62
66149,1120,1120,47,45
66150,1909,1909,104,77
66151,2751,2751,138,110
66152,3758,3758,176,152
66153,1307,1307,63,52
66154,3289,3289,141,132
66155,4393,4393,204,177
66156,2490,2490,127,100
66157,2142,2142,90,86
66158,1592,1592,129,62
66159,4230,4230,182,170
66160,1510,1510,67,61
66161,2425,2425,111,98
66162,4411,4411,225,177
66163,2976,2976,137,120
66164,2533,2533,139,102
66165,3346,3346,167,134
66166,1842,1842,85,74
66167,1598,1598,85,64
66168,3342,3342,159,134
66169,3450,3450,150,139
66170,3256,3256,139,131
66171,1535,1535,103,61
66172,1690,1690,72,68
66173,3881,3881,175,156
66174,1214,1214,51,49
66175,3359,3359,144,135
66176,1994,1994,82,80
66177,3754,3754,171,151
66178,2436,2436,130,97
66179,3262,3262,152,131
66180,3658,3658,155,147
66181,2767,2767,124,111
66182,1164,1164,59,47
66183,2016,2016,108,82
66184,2191,2191,118,88
66185,4574,4574,201,184
66186,3097,3097,166,123
66187,1907,1907,98,76
66188,2990,2990,145,120
66189,3947,3947,177,159
66190,2853,2853,118,115
66191,3688,3688,179,148
66192,5220,5220,247,209
66193,2017,2017,90,81
66194,3558,3558,174,144
66195,2233,2233,124,90
66196,1983,1983,83,80
66197,1094,1094,58,44
66198,2103,2103,97,85
66199,2225,2225,103,90
66200,2192,2192,126,86
66201,1899,1899,77,76
66202,5074,5074,213,204
66203,2143,2143,117,87
66204,3094,3094,130,124
66205,2640,2640,110,106
66206,2476,2476,114,98
66207,3241,3241,158,130
66208,1936,1936,117,77
66209,1937,1937,87,78
66210,3333,3333,162,134
66211,2611,2611,112,105
66212,1594,1594,74,64
66214,3539,3539,179,142
66215,3283,3283,138,132
66216,2561,2561,153,102
66217,3060,3060,124,123
66219,2098,2098,95,84
66220,2361,2361,106,95
66221,3351,3351,152,135
66222,2386,2386,100,96
66223,2419,2419,161,96
66224,859,859,85,33
66225,1127,1127,117,43
66226,3246,3246,167,130
66227,3098,3098,133,125
66228,2301,2301,97,93
66229,4085,4085,191,164
66230,3382,3382,174,136
66231,3833,3833,177,154
66232,864,864,45,35
66233,3468,3468,149,140
66234,1366,1366,70,55
66235,1875,1875,126,74
66236,3136,3136,143,126
66237,3184,3184,157,128
66238,2679,2679,113,108
66239,2608,2608,125,105
66240,2066,2066,91,83
66241,2182,2182,89,88
66242,1686,1686,81,68
66243,1513,1513,77,61
66244,3376,3376,165,136
66245,2436,2436,104,98
66246,3077,3077,170,124
66247,3180,3180,141,128
66248,1512,1512,78,61
66249,5372,5372,231,216
66250,2216,2216,128,88
66251,2653,2653,128,107
66252,2466,2466,116,99
66253,773,773,32,31
66254,1243,1243,75,50
66255,3216,3216,216,125
66256,3029,3029,131,122
66257,2852,2852,157,114
66258,1943,1943,105,78
66259,3039,3039,127,122
66260,1224,1224,78,49
66261,2240,2240,112,90
66262,3178,3178,151,128
66263,1700,1700,71,68
66264,2329,2329,131,93
66265,2086,2086,122,83
66266,2667,2667,116,107
66267,3312,3312,153,133
66268,1319,1319,66,53
66269,4115,4115,182,165
66271,2423,2423,126,97
66272,3346,3346,147,135
66273,1571,1571,77,62
66274,4734,4734,265,187
66275,2621,2621,154,103
66276,2722,2722,122,110
66277,2777,2777,129,112
66278,4598,4598,193,185
66279,3039,3039,127,123
66280,1142,1142,62,46
66281,2837,2837,145,114
66282,1563,1563,88,63
66283,2446,2446,111,98
66284,2255,2255,153,88
66285,2042,2042,119,82
66286,2929,2929,169,117
66287,2050,2050,92,82
66288,1513,1513,71,62
66289,2510,2510,111,102
66290,3400,3400,151,137
66291,3321,3321,160,134
66292,2486,2486,118,100
66293,2069,2069,91,83
66294,3522,3522,169,142
66295,3695,3695,174,149
66296,2005,2005,90,81
66297,1861,1861,125,74
66298,2295,2295,143,91
66299,1548,1548,63,62
66300,1434,1434,63,58
66301,3059,3059,130,123
66302,2634,2634,120,106
66303,2881,2881,150,114
66304,3229,3229,170,129
66305,3161,3161,137,127
66306,3726,3726,166,150
66307,2303,2303,130,92
66308,4068,4068,177,164
66309,1465,1465,65,59
66310,2840,2840,132,114
66311,3347,3347,180,133
66312,2716,2716,111,109
66313,2410,2410,109,97
66314,2668,2668,115,107
66315,2539,2539,129,102
66316,2352,2352,109,95
66317,3679,3679,163,148
66318,1160,1160,98,45
66319,3276,3276,144,131
66320,2160,2160,91,87
66321,3299,3299,139,132
66322,2403,2403,118,97
66323,2838,2838,122,114
66324,3618,3618,181,145
66325,621,621,51,25
66326,2204,2204,100,89
66327,2970,2970,119,119
66328,2378,2378,118,96
66329,2120,2120,91,86
66330,2424,2424,102,98
66331,2309,2309,150,92
66332,2390,2390,106,96
66333,2116,2116,92,85
66334,2887,2887,185,114
66335,2580,2580,128,104
66336,3035,3035,143,122
66337,2696,2696,126,108
66338,2264,2264,96,91
66339,2486,2486,144,99
66340,2358,2358,123,95
66341,1838,1838,90,74
66342,3627,3627,157,146
66343,2651,2651,111,107
66344,2084,2084,110,84
66345,2470,2470,140,99
66346,3157,3157,146,127
66347,3759,3759,172,151
66348,4636,4636,223,186
66349,3186,3186,153,128
66350,1723,1723,75,70
66351,2720,2720,123,109
66352,3594,3594,206,143
66354,3410,3410,161,137
66355,2897,2897,133,117
66356,2715,2715,150,109
66357,3960,3960,191,159
66358,2801,2801,126,113
66359,3970,3970,188,159
66360,3059,3059,170,122
66361,4124,4124,224,165
66362,3306,3306,163,133
66363,1290,1290,53,52
66364,3780,3780,169,152
66365,1246,1246,54,50
66366,2866,2866,119,115
66367,2253,2253,146,89
66368,1969,1969,109,79
66369,1978,1978,104,80
66370,1734,1734,83,70
66371,3178,3178,142,128
66372,2383,2383,98,96
66373,2757,2757,123,111
66374,2082,2082,111,84
66375,2598,2598,137,105
66376,1654,1654,76,67
66377,3338,3338,182,134
66378,3101,3101,154,125
66379,3919,3919,178,158
66380,3637,3637,154,146
66381,3710,3710,184,149
66382,3873,3873,189,156
66383,1595,1595,76,64
66384,3176,3176,140,128
66385,2597,2597,131,103
66386,4357,4357,191,175
66387,2271,2271,109,91
66388,1670,1670,82,67
66389,1164,1164,59,47
66390,2931,2931,129,118
66391,2340,2340,106,94
66392,2487,2487,105,100
66393,1912,1912,95,77
66394,1864,1864,91,76
66395,2619,2619,109,105
66396,1765,1765,105,70
66397,2365,2365,113,95
66398,2299,2299,115,92
66399,3064,3064,167,122
66400,1470,1470,62,59
66401,1019,1019,42,41
66402,2500,2500,128,100
66403,3753,3753,195,151
66404,3623,3623,187,144
66405,2235,2235,95,90
66406,2609,2609,134,105
66407,2210,2210,116,89
66408,2091,2091,105,84
66409,3092,3092,152,124
66410,3962,3962,180,160
66411,2441,2441,127,97
66412,4093,4093,174,166
66413,1781,1781,86,72
66415,2041,2041,83,82
66416,1439,1439,59,58
66417,2400,2400,109,97
66418,3230,3230,171,130
66419,1895,1895,94,75
66420,3216,3216,141,130
66422,2495,2495,127,100
66423,2584,2584,184,101
66424,2496,2496,134,101
66425,1918,1918,81,77
66426,3480,3480,150,140
66427,2754,2754,139,109
66428,3586,3586,179,145
66429,2926,2926,178,115
66430,1915,1915,78,77
66431,2146,2146,98,87
66432,2394,2394,144,95
66433,1473,1473,64,59
66435,1930,1930,102,77
66436,2949,2949,132,119
66437,2666,2666,117,107
66438,2147,2147,95,86
66439,2644,2644,120,107
66440,1947,1947,114,79
66441,1828,1828,86,73
66442,3336,3336,187,134
66443,2816,2816,119,114
66444,3193,3193,135,129
66445,1430,1430,59,58
66446,2355,2355,121,95
66447,2226,2226,97,90
66448,1449,1449,93,56
66449,1695,1695,88,68
66450,3685,3685,163,149
66451,891,891,40,36
66452,2753,2753,125,110
66453,2168,2168,90,87
66454,1504,1504,92,60
66455,4538,4538,205,182
66456,2209,2209,94,89
66457,3076,3076,140,125
66458,1568,1568,67,63
66459,3483,3483,172,140
66460,3265,3265,159,131
66462,2376,2376,132,95
66463,1072,1072,44,43
66464,2123,2123,104,86
66465,1959,1959,148,76
66466,2525,2525,119,101
66467,1488,1488,63,60
66468,2221,2221,154,88
66469,3383,3383,145,136
66470,2604,2604,128,105
66471,2694,2694,123,108
66472,3416,3416,150,138
66473,3576,3576,157,144
66474,3123,3123,135,126
66475,2677,2677,140,108
66476,1876,1876,100,75
66477,3058,3058,129,123
66478,2533,2533,109,102
66479,3702,3702,165,149
66480,2830,2830,132,113
66481,4022,4022,199,161
66482,1336,1336,60,54
66483,2589,2589,135,104
66484,1392,1392,61,56
66485,4119,4119,186,166
66486,3122,3122,138,126
66487,2450,2450,121,99
66488,3146,3146,149,127
66489,2583,2583,108,105
66490,2532,2532,130,100
66491,1970,1970,90,79
66492,3864,3864,173,155
66493,3069,3069,157,123
66494,2784,2784,132,112
66495,1144,1144,54,46
66496,4061,4061,179,164
66497,2669,2669,140,107
66498,1752,1752,76,71
66499,2063,2063,102,83
66500,1237,1237,54,50
66501,2193,2193,99,88
66502,2477,2477,117,100
66503,2660,2660,152,106
66504,3444,3444,156,140
66505,3578,3578,155,144
66506,1399,1399,60,57
66507,3113,3113,130,125
66508,2033,2033,90,82
66509,3062,3062,154,123
66510,2859,2859,135,115
66511,2714,2714,119,110
66512,2917,2917,130,118
66513,4152,4152,185,167
66514,2087,2087,92,84
66515,2958,2958,131,119
66516,1544,1544,70,62
66517,2362,2362,117,95
66518,2036,2036,90,82
66519,2817,2817,142,113
66520,2911,2911,140,117
66521,3173,3173,159,128
66522,3458,3458,151,139
66523,2862,2862,122,115
66524,2310,2310,103,93
66525,1540,1540,75,62
66526,2107,2107,90,85
66527,2309,2309,146,92
66528,990,990,49,40
66529,3527,3527,176,140
66530,3548,3548,196,143
66531,924,924,41,37
66532,2364,2364,99,95
66533,3273,3273,158,131
66534,3078,3078,141,124
66535,3641,3641,228,144
66536,3602,3602,164,145
66537,4059,4059,183,163
66538,2489,2489,127,100
66540,2037,2037,87,82
66541,2659,2659,113,107
66542,3306,3306,143,133
66543,674,674,54,27
66544,567,567,29,23
66545,2076,2076,94,84
66546,2450,2450,119,97
66547,3245,3245,138,131
66548,3205,3205,164,128
66549,1817,1817,78,73
66550,1844,1844,84,74
66551,2558,2558,114,103
66552,1893,1893,103,75
66553,2305,2305,95,93
66554,2071,2071,138,82
66555,2253,2253,111,91
66556,3246,3246,143,131
66557,3647,3647,176,147
66558,1699,1699,130,66
66559,2473,2473,108,100
66560,1463,1463,68,59
66561,1893,1893,78,76
66562,2253,2253,98,91
66563,2668,2668,142,106
66564,2627,2627,199,102
66565,3186,3186,131,128
66566,3085,3085,127,124
66567,2111,2111,95,85
66568,614,614,64,23
66569,3175,3175,144,128
66570,3333,3333,163,134
66571,2178,2178,121,87
66572,2614,2614,108,105
66573,2138,2138,94,86
66574,1966,1966,92,79
66575,1166,1166,51,47
66576,2228,2228,104,90
66577,1560,1560,88,63
66578,2160,2160,89,87
66579,1606,1606,73,65
66580,1491,1491,66,60
66581,1971,1971,133,78
66582,4320,4320,187,174
66583,1425,1425,57,57
66584,2564,2564,105,103
66585,4298,4298,177,173
66586,1089,1089,53,44
66587,2755,2755,133,111
66588,3908,3908,171,158
66589,1899,1899,111,75
66590,3536,3536,146,142
66591,1859,1859,103,75
66592,1342,1342,91,52
66593,4542,4542,242,181
66594,2905,2905,125,117
66595,2733,2733,123,110
66596,3135,3135,144,126
66597,2040,2040,86,82
66598,1722,1722,130,67
66599,1913,1913,82,77
66600,1096,1096,65,44
66601,1392,1392,60,56
66602,2806,2806,157,111
66603,1696,1696,80,68
66604,3913,3913,198,156
66605,3215,3215,156,129
66606,2941,2941,152,118
66607,2980,2980,139,120
66608,544,544,26,22
66609,1421,1421,69,57
66610,1852,1852,92,75
66611,3630,3630,158,146
66612,1659,1659,78,67
66613,3247,3247,144,131
66614,1632,1632,73,66
66615,3394,3394,156,137
66616,2386,2386,112,96
66617,3128,3128,133,126
66618,1446,1446,59,58
66619,2947,2947,124,119
66620,2767,2767,114,111
66621,3219,3219,160,129
66622,973,973,49,39
66623,3439,3439,150,139
66624,2314,2314,102,93
66625,3164,3164,138,127
66626,3179,3179,135,128
66627,1985,1985,105,80
66628,2010,2010,89,81
66629,2716,2716,120,109
66630,3116,3116,163,125
66631,1665,1665,81,67
66632,2425,2425,107,98
66633,1091,1091,59,44
66634,1735,1735,72,70
66635,2171,2171,115,87
66636,1467,1467,66,59
66637,2739,2739,131,110
66638,2758,2758,137,111
66639,3732,3732,185,151
66640,1608,1608,66,65
66641,5004,5004,222,201
66642,2507,2507,158,98
66643,1711,1711,98,69
66644,1418,1418,66,57
66645,2430,2430,115,98
66646,4710,4710,237,188
66647,1143,1143,55,46
66648,1788,1788,85,72
66649,1816,1816,83,73
66650,3551,3551,162,143
66651,2032,2032,122,82
66652,2951,2951,130,119
66653,2087,2087,92,84
66654,4388,4388,206,176
66655,860,860,43,35
66656,2203,2203,132,88
66657,4638,4638,230,186
66658,2785,2785,156,112
66659,1938,1938,83,78
66660,3361,3361,145,135
66661,3787,3787,197,152
66662,2055,2055,85,83
66663,5929,5929,306,237
66664,2677,2677,111,108
66665,2608,2608,127,105
66666,2779,2779,140,110
66667,1437,1437,61,58
66668,1957,1957,85,79
66669,2060,2060,135,82
66670,3157,3157,137,127
66671,2140,2140,97,86
66672,3229,3229,176,129
66673,3002,3002,139,121
66674,1825,1825,113,73
66675,3134,3134,139,126
66676,1783,1783,75,72
66677,1295,1295,59,52
66678,1289,1289,55,52
66679,1787,1787,82,72
66680,3427,3427,172,138
66681,2764,2764,124,110
66682,3061,3061,165,123
66683,2491,2491,129,100
66684,2988,2988,130,120
66685,1591,1591,65,64
66686,3231,3231,143,130
66687,3172,3172,146,128
66688,5051,5051,246,203
66689,2430,2430,111,98
66690,1962,1962,126,78
66691,1996,1996,96,81
66692,2681,2681,125,108
66693,1790,1790,78,72
66694,2621,2621,119,106
66695,3605,3605,166,145
66696,2317,2317,104,93
66697,1940,1940,85,78
66698,3076,3076,168,123
66699,4720,4720,214,190
66700,3164,3164,135,128
66701,2157,2157,105,87
66702,2951,2951,154,120
66703,2715,2715,127,109
66704,3131,3131,135,126
66705,2230,2230,122,89
66706,3711,3711,192,149
66707,3728,3728,161,151
66708,2645,2645,115,106
66709,1621,1621,111,65
66710,2706,2706,123,110
66712,2865,2865,124,116
66713,1393,1393,63,56
66714,3242,3242,133,130
66715,3969,3969,171,160
66716,2443,2443,112,99
66717,2748,2748,127,111
66718,890,890,39,36
66719,1291,1291,80,51
66720,3578,3578,185,143
66721,3406,3406,168,136
66722,1827,1827,112,73
66723,1706,1706,80,69
66724,3312,3312,144,133
66725,3552,3552,170,144
66726,3472,3472,146,140
66727,2294,2294,98,92
66728,2842,2842,152,114
66729,3963,3963,183,160
66730,2151,2151,109,87
66732,3237,3237,133,130
66733,2906,2906,127,117
66734,2068,2068,97,83
66735,3422,3422,153,138
66736,2306,2306,142,92
66737,1904,1904,87,76
66738,3650,3650,154,147
66739,3370,3370,189,134
66740,2828,2828,118,114
66741,3214,3214,131,129
66742,2060,2060,99,83
66743,1886,1886,95,76
66744,2659,2659,123,107
66745,1912,1912,97,78
66746,2420,2420,116,98
66747,2706,2706,117,109
66748,1359,1359,87,54
66749,1395,1395,77,56
66750,3049,3049,150,123
66751,858,858,46,34
66752,2231,2231,97,90
66753,2451,2451,107,99
66754,3072,3072,132,124
66755,3804,3804,221,152
66756,3707,3707,181,149
66757,1314,1314,65,53
66758,1718,1718,80,69
66759,2495,2495,102,100
66760,2307,2307,102,92
66761,1368,1368,59,55
66762,2687,2687,123,108
66763,3020,3020,130,122
66764,1320,1320,56,53
66765,3190,3190,145,128
66766,2436,2436,111,98
66767,2578,2578,119,103
66768,2021,2021,83,81
66769,1820,1820,74,73
66770,2245,2245,128,89
66771,3908,3908,194,157
66772,1303,1303,55,53
66773,1963,1963,82,79
66774,4655,4655,201,187
66775,1880,1880,78,76
66776,2862,2862,127,116
66777,2791,2791,122,112
66778,2576,2576,107,104
66779,2231,2231,106,90
66780,3222,3222,141,129
66781,1757,1757,77,71
66782,2760,2760,151,110
66783,3183,3183,151,127
66784,2363,2363,129,94
66785,2736,2736,131,110
66786,1672,1672,82,68
66787,2286,2286,106,92
66788,3658,3658,167,147
66789,3016,3016,166,120
66790,2425,2425,143,96
66791,2582,2582,123,104
66792,2044,2044,109,82
66793,980,980,41,40
66794,1554,1554,102,62
66795,3896,3896,173,157
66796,2413,2413,124,97
66797,2959,2959,132,119
66798,3236,3236,149,130
66799,2083,2083,91,84
66800,1676,1676,84,68
66801,2060,2060,89,83
66802,2220,2220,129,88
66803,3109,3109,156,124
66805,974,974,73,39
66806,3239,3239,169,130
66807,1807,1807,134,70
66808,2603,2603,156,104
66809,2539,2539,109,102
66810,2563,2563,109,103
66811,2420,2420,116,98
66812,2921,2921,151,117
66813,3810,3810,167,153
66814,1636,1636,75,66
66815,927,927,56,37
66816,3231,3231,140,130
66817,4396,4396,193,177
66818,2491,2491,119,100
66819,2540,2540,123,102
66820,2436,2436,129,97
66821,1064,1064,67,43
66822,2408,2408,136,96
66823,2447,2447,158,97
66824,2510,2510,102,101
66825,2554,2554,111,103
66826,3602,3602,148,145
66827,3040,3040,128,123
66828,3481,3481,149,140
66829,3665,3665,184,146
66830,2919,2919,145,117
66831,2749,2749,125,111
66832,3343,3343,150,134
66833,3433,3433,155,138
66834,2524,2524,182,99
66835,3532,3532,164,142
66836,3505,3505,156,141
66837,2003,2003,140,79
66838,2703,2703,130,109
66839,3347,3347,154,135
66840,1724,1724,82,69
66841,2178,2178,107,88
66842,1418,1418,77,57
66843,4112,4112,169,165
66844,2640,2640,109,106
66845,2373,2373,183,92
66846,3277,3277,139,132
66847,3765,3765,183,150
66848,3813,3813,214,152
66849,2343,2343,103,94
66850,2068,2068,87,83
66851,3323,3323,142,134
66852,2064,2064,87,83
66853,4142,4142,193,166
66854,3638,3638,163,146
66855,3600,3600,159,145
66856,2130,2130,105,86
66857,2189,2189,91,88
66858,2578,2578,119,104
66859,2707,2707,124,109
66860,2958,2958,144,119
66861,3181,3181,134,128
66863,3046,3046,165,122
66864,1836,1836,84,74
66865,2578,2578,125,104
66866,3704,3704,165,149
66867,2805,2805,145,113
66868,2149,2149,113,87
66870,2453,2453,106,99
66871,2884,2884,145,116
66872,2633,2633,236,101
66873,2499,2499,114,101
66874,1402,1402,59,57
66875,2459,2459,110,99
66876,3133,3133,138,126
66877,2188,2188,110,88
66878,2082,2082,152,80
66879,2815,2815,130,113
66880,4256,4256,186,171
66881,1665,1665,71,67
66882,2790,2790,135,112
66883,1291,1291,59,52
66884,2435,2435,191,94
66885,4333,4333,196,174
66886,1783,1783,84,72
66887,2414,2414,110,97
66888,1959,1959,102,79
66889,1257,1257,54,51
66890,3448,3448,182,138
66891,3503,3503,153,141
66892,3266,3266,174,130
66893,4171,4171,180,167
66894,1837,1837,85,74
66895,3016,3016,146,121
66896,2554,2554,105,103
66897,1235,1235,53,50
66898,2014,2014,103,81
66899,1746,1746,92,70
66900,1744,1744,88,70
66901,2704,2704,136,108
66902,2122,2122,93,85
66903,3178,3178,143,128
66904,1577,1577,80,64
66905,2771,2771,150,111
66906,1683,1683,95,67
66907,1985,1985,106,79
66908,2650,2650,120,107
66909,2084,2084,91,84
66910,4267,4267,187,172
66911,2846,2846,131,114
66912,3340,3340,149,135
66913,2921,2921,133,118
66914,1595,1595,77,64
66915,2856,2856,132,115
66916,2225,2225,104,90
66917,1105,1105,66,44
66918,3241,3241,169,129
66919,2331,2331,117,93
66920,2796,2796,131,112
66921,2678,2678,128,106
66922,2660,2660,123,107
66923,1512,1512,61,61
66924,1793,1793,75,72
66925,1800,1800,95,72
66926,1239,1239,53,50
66927,1839,1839,75,74
66928,3817,3817,170,153
66929,3328,3328,149,134
66930,1991,1991,84,80
66931,3181,3181,146,128
66932,2838,2838,122,115
66933,1046,1046,43,42
66934,2797,2797,115,112
66935,2660,2660,116,107
66936,1589,1589,67,64
66937,1318,1318,63,53
66938,3023,3023,164,121
66939,3065,3065,139,123
66940,3335,3335,136,134
66941,4759,4759,224,191
66942,5146,5146,222,207
66943,1018,1018,62,41
66944,1806,1806,80,73
66945,4019,4019,181,162
66946,4528,4528,191,182
66947,2497,2497,105,100
66948,2475,2475,141,98
66949,4155,4155,181,167
66950,2067,2067,107,83
66951,2188,2188,94,88
66952,2694,2694,118,108
66953,2460,2460,127,98
66954,2960,2960,133,119
66955,2510,2510,116,101
66956,3538,3538,169,143
66957,3683,3683,157,149
66958,1601,1601,77,65
66959,1838,1838,77,74
66960,3240,3240,141,130
66961,3108,3108,127,125
66962,2109,2109,92,85
66963,2316,2316,100,93
66964,4062,4062,207,163
66965,1741,1741,107,69
66966,2453,2453,115,99
66967,2667,2667,119,108
66968,2533,2533,110,102
66969,2639,2639,125,106
66970,1123,1123,65,45
66971,3378,3378,167,135
66972,3491,3491,169,139
66973,3060,3060,134,123
66974,2780,2780,133,112
66975,1390,1390,65,56
66976,3847,3847,178,155
66977,3722,3722,211,149
66978,1786,1786,92,71
66979,3945,3945,178,159
66980,1365,1365,63,55
66981,3380,3380,165,136
66982,2239,2239,96,89
66983,2883,2883,122,116
66984,3679,3679,167,148
66985,2482,2482,107,100
66986,873,873,51,35
66987,2235,2235,96,90
66988,3773,3773,177,152
66989,1447,1447,80,58
66990,3256,3256,148,131
66991,4143,4143,186,167
66992,1849,1849,123,73
66993,1540,1540,93,62
66994,2272,2272,132,91
66995,1786,1786,87,71
66996,1842,1842,77,74
66997,1482,1482,88,58
66998,2727,2727,165,109
66999,3873,3873,182,156
67000,2559,2559,127,103
67001,3052,3052,162,122
67002,1523,1523,84,60
67003,1219,1219,85,49
67004,2314,2314,98,93
67005,2741,2741,116,110
67006,1689,1689,85,68
67007,3419,3419,161,137
67008,2630,2630,137,105
67009,3422,3422,150,138
67010,3267,3267,165,131
67011,1867,1867,95,75
67012,4240,4240,191,170
67013,2222,2222,157,87
67014,3227,3227,140,130
67015,3261,3261,148,131
67016,1490,1490,108,58
67017,2267,2267,126,91
67018,2419,2419,98,97
67019,1468,1468,59,59
67020,2100,2100,93,85
67021,3273,3273,164,132
67022,1943,1943,79,78
67023,1582,1582,81,64
67024,1577,1577,70,64
67025,3483,3483,172,140
67026,2754,2754,125,111
67027,2201,2201,122,88
67028,2519,2519,116,101
67029,3316,3316,143,133
67030,2035,2035,89,82
67031,1899,1899,85,76
67032,2744,2744,121,111
67033,3443,3443,173,138
67034,2398,2398,110,96
67035,2015,2015,86,81
67036,1902,1902,104,77
67037,1668,1668,72,67
67038,2081,2081,92,83
67039,3754,3754,169,151
67040,1719,1719,90,69
67041,1190,1190,58,48
67042,2453,2453,127,99
67043,2388,2388,113,96
67044,4143,4143,191,166
67045,1480,1480,71,60
67046,2786,2786,129,112
67047,2931,2931,127,118
67048,2951,2951,170,119
67049,2797,2797,123,113
67050,2680,2680,109,108
67051,1608,1608,101,64
67052,2180,2180,89,88
67053,2169,2169,123,86
67054,801,801,87,30
67055,3032,3032,129,122
67056,1424,1424,63,57
67057,5049,5049,229,203
67058,2982,2982,152,120
67059,3877,3877,180,156
67060,3162,3162,155,127
67061,1316,1316,53,53
67062,3995,3995,193,161
67063,2871,2871,124,115
67065,3411,3411,162,137
67066,3819,3819,180,154
67067,2213,2213,97,89
67068,2961,2961,122,119
67069,2438,2438,111,98
67070,2279,2279,101,92
67072,574,574,35,23
67073,3223,3223,136,130
67074,2965,2965,132,120
67075,2414,2414,105,97
67076,2377,2377,102,96
67077,3610,3610,167,145
67078,2752,2752,148,111
67079,2045,2045,84,82
67080,2009,2009,95,81
67081,1062,1062,99,40
67082,2707,2707,124,109
67083,2041,2041,115,81
67084,3530,3530,151,143
67085,676,676,41,27
67087,2316,2316,100,93
67088,1063,1063,47,43
67089,3296,3296,159,132
67091,3176,3176,164,128
67092,1933,1933,86,78
67095,2608,2608,126,104
67096,1225,1225,64,49
67097,2482,2482,136,99
67098,1338,1338,58,54
67099,1343,1343,76,54
67100,4544,4544,239,182
67101,2962,2962,169,118
67102,2737,2737,137,111
67103,1241,1241,75,50
67104,2606,2606,121,105
67105,2162,2162,90,88
67106,2170,2170,94,88
67107,2475,2475,107,100
67108,4568,4568,231,183
67109,3280,3280,138,132
67110,2499,2499,188,98
67111,2853,2853,118,115
67112,3674,3674,156,148
67113,2776,2776,122,112
67114,2834,2834,125,114
67115,2549,2549,117,102
67116,2290,2290,101,92
67117,2769,2769,139,112
67118,1346,1346,54,54
67119,1342,1342,55,54
67120,2839,2839,126,115
67121,1958,1958,95,79
67122,1989,1989,81,80
67123,2291,2291,99,93
67124,4279,4279,202,172
67125,2047,2047,108,82
67126,2546,2546,117,103
67127,1718,1718,92,69
67128,3883,3883,173,156
67129,2826,2826,125,115
67130,2702,2702,117,109
67131,2969,2969,126,120
67132,3989,3989,194,160
67133,517,517,23,21
67134,3037,3037,127,122
67135,2501,2501,160,99
67136,3461,3461,194,138
67137,2984,2984,120,120
67138,2187,2187,115,87
67139,1785,1785,94,70
67140,3004,3004,138,121
67141,2021,2021,107,81
67142,3155,3155,171,127
67143,3156,3156,141,127
67144,3815,3815,159,154
67145,2811,2811,141,113
67146,1764,1764,100,71
67147,2812,2812,158,112
67148,1240,1240,85,49
67149,2516,2516,121,101
67150,1519,1519,67,61
67151,3655,3655,151,147
67152,3749,3749,161,151
67153,1962,1962,96,79
67154,2255,2255,170,87
67155,3227,3227,146,130
67156,1733,1733,75,70
67157,3114,3114,154,125
67158,3129,3129,135,126
67159,2729,2729,121,110
67160,3801,3801,173,153
67161,2150,2150,90,87
67162,1912,1912,132,75
67163,2753,2753,128,110
67164,3412,3412,164,137
67165,2838,2838,115,114
67166,2593,2593,125,104
67167,2851,2851,121,115
67168,4451,4451,232,178
67169,2479,2479,127,100
67170,4237,4237,195,170
67171,948,948,44,38
67172,1982,1982,111,80
67173,3055,3055,155,122
67174,1188,1188,80,48
67175,926,926,61,38
67176,3381,3381,153,136
67177,2243,2243,98,90
67178,3521,3521,147,142
67179,3159,3159,159,127
67180,2430,2430,111,98
67181,3464,3464,152,140
67182,2234,2234,93,90
67183,3596,3596,153,145
67184,2139,2139,102,86
67185,1712,1712,71,69
67186,2881,2881,122,116
67187,1616,1616,87,64
67188,1488,1488,65,60
67189,2717,2717,141,109
67190,739,739,48,29
67191,3260,3260,157,131
67192,2780,2780,173,111
67193,3148,3148,131,127
67194,989,989,44,40
67195,4251,4251,183,171
67197,2975,2975,127,120
67198,4503,4503,213,181
67199,1096,1096,45,44
67200,4049,4049,177,163
67201,2641,2641,110,106
67202,2932,2932,199,115
67203,1571,1571,85,63
67204,2262,2262,104,91
67205,1071,1071,53,43
67206,1739,1739,82,70
67207,4139,4139,176,167
67208,2716,2716,148,108
67209,2900,2900,178,113
67210,2367,2367,98,95
67211,1663,1663,139,65
67212,3803,3803,187,154
67213,2497,2497,168,99
67214,2102,2102,103,85
67215,2418,2418,98,97
67216,1781,1781,98,72
67217,2861,2861,118,115
67218,3275,3275,164,131
67219,2127,2127,88,86
67220,3200,3200,155,129
67221,3730,3730,178,150
67222,2693,2693,153,108
67223,1661,1661,73,67
67224,2386,2386,136,95
67226,3322,3322,172,133
67227,2822,2822,141,112
67228,2319,2319,95,93
67229,3820,3820,167,154
67230,4472,4472,196,180
67231,2664,2664,114,107
67232,3339,3339,159,134
67233,2465,2465,118,98
67234,3366,3366,140,135
67235,2274,2274,112,92
67236,1813,1813,107,72
67237,2368,2368,132,94
67238,1469,1469,68,59
67240,1365,1365,120,53
67241,1239,1239,95,48
67242,1798,1798,82,72
67243,2737,2737,137,110
67244,5445,5445,252,219
67245,3881,3881,164,157
67246,3551,3551,163,143
67248,1339,1339,54,54
67249,2283,2283,96,92
67250,3923,3923,173,158
67251,3225,3225,161,129
67252,2350,2350,103,95
67253,2445,2445,115,98
67254,1039,1039,68,42
67255,2927,2927,150,118
67256,2734,2734,120,110
67257,3574,3574,219,142
67258,2467,2467,114,99
67259,2478,2478,122,100
67260,2675,2675,114,108
67261,2401,2401,115,97
67262,1679,1679,85,67
67263,2105,2105,97,85
67264,3928,3928,185,158
67265,1733,1733,148,67
67266,1749,1749,120,69
67267,1490,1490,71,60
67268,2491,2491,128,100
67269,1428,1428,68,58
67271,1542,1542,82,62
67272,3582,3582,180,144
67273,2627,2627,120,106
67274,2142,2142,98,86
67275,3085,3085,131,124
67276,2020,2020,109,81
67277,3937,3937,175,159
67278,1926,1926,100,77
67279,3472,3472,158,140
67280,3031,3031,138,123
67281,3107,3107,146,125
67282,3759,3759,174,152
67283,2011,2011,92,81
67284,2655,2655,135,107
67285,3048,3048,162,123
67286,2535,2535,114,102
67287,3716,3716,161,149
67288,2963,2963,133,120
67289,1936,1936,91,78
67290,1257,1257,54,51
67291,3364,3364,163,136
67292,2085,2085,99,84
67293,2324,2324,150,91
67294,1615,1615,65,65
67295,2564,2564,115,103
67296,2142,2142,98,86
67297,2767,2767,117,111
67298,2793,2793,131,111
67299,2754,2754,131,111
67300,4131,4131,179,166
67301,2090,2090,94,84
67302,2730,2730,125,110
67303,2294,2294,122,92
67304,3302,3302,172,133
67305,2813,2813,152,112
67306,2460,2460,103,99
67307,1515,1515,81,61
67308,2490,2490,114,100
67309,969,969,45,39
67310,809,809,40,32
67311,2088,2088,106,85
67312,2956,2956,188,116
67313,4099,4099,181,165
67314,1890,1890,110,75
67315,1568,1568,68,63
67316,1818,1818,91,73
67317,2544,2544,109,102
67318,5067,5067,219,204
67319,3776,3776,225,150
67320,2763,2763,114,111
67321,3130,3130,133,126
67322,3697,3697,157,149
67323,2871,2871,130,116
67324,1272,1272,66,51
67325,2533,2533,109,102
67326,2635,2635,128,106
67327,3382,3382,152,137
67328,3373,3373,151,136
67329,3294,3294,141,133
67330,1867,1867,75,75
67331,3262,3262,205,129
67332,1966,1966,107,79
67333,2087,2087,87,84
67334,3802,3802,166,153
67335,1618,1618,66,65
67336,2459,2459,118,99
67337,2217,2217,91,89
67339,2541,2541,127,102
67340,3473,3473,163,140
67341,2090,2090,91,84
67342,3056,3056,146,122
67343,2831,2831,128,114
67344,2509,2509,125,101
67345,2023,2023,103,82
67346,3155,3155,133,127
67347,1543,1543,72,62
67348,2312,2312,135,92
67349,4132,4132,200,166
67350,2566,2566,120,103
67351,2567,2567,149,103
67352,1849,1849,101,75
67353,3681,3681,182,147
67354,2186,2186,93,88
67355,2523,2523,105,102
67356,2712,2712,113,109
67357,1911,1911,78,77
67358,1804,1804,74,73
67359,2762,2762,127,111
67360,3103,3103,137,126
67361,3259,3259,151,131
67362,2776,2776,143,109
67363,2560,2560,111,103
67364,1713,1713,72,69
67365,3264,3264,150,131
67366,4207,4207,190,169
67367,2757,2757,199,107
67368,1910,1910,80,77
67369,3951,3951,186,159
67370,2564,2564,125,103
67371,3508,3508,155,142
67372,1812,1812,83,73
67373,3223,3223,135,130
67374,2651,2651,139,106
67375,4172,4172,174,168
67376,2021,2021,81,81
67377,3353,3353,173,135
67378,2195,2195,120,88
67379,2781,2781,124,112
67380,3311,3311,216,131
67381,1818,1818,75,73
67382,2053,2053,115,82
67383,2962,2962,123,119
67384,2694,2694,108,108
67385,2459,2459,122,99
67386,2600,2600,140,104
67387,2951,2951,123,119
67388,3606,3606,161,145
67389,881,881,71,35
67390,1946,1946,80,78
67391,3873,3873,174,156
67392,1739,1739,87,70
67393,2690,2690,117,109
67394,2064,2064,93,83
67396,2537,2537,118,102
67397,1707,1707,97,68
67398,2711,2711,114,110
67399,2704,2704,115,109
67400,2909,2909,138,117
67401,1665,1665,74,67
67402,3755,3755,176,151
67403,915,915,39,37
67404,2917,2917,142,117
67405,1715,1715,76,69
67406,2274,2274,98,92
67407,2467,2467,112,99
67408,3137,3137,160,126
67409,2164,2164,111,86
67410,778,778,44,30
67411,2232,2232,103,90
67412,3859,3859,244,150
67413,1568,1568,66,63
67414,2569,2569,131,103
67415,3607,3607,160,145
67416,3989,3989,182,161
67417,3530,3530,173,142
67418,2874,2874,150,116
67419,1152,1152,61,46
67420,1205,1205,83,48
67421,3429,3429,168,137
67422,3842,3842,185,154
67423,3289,3289,160,132
67424,3154,3154,138,127
67425,3282,3282,184,130
67426,3834,3834,169,154
67427,2694,2694,141,108
67428,3264,3264,177,130
67429,2486,2486,120,100
67430,3332,3332,151,135
67431,1429,1429,96,56
67432,1749,1749,88,70
67433,1359,1359,93,54
67434,1368,1368,60,55
67435,2841,2841,130,114
67436,2036,2036,92,82
67437,3543,3543,181,142
67438,2840,2840,120,114
67439,2308,2308,103,93
67440,2562,2562,136,102
67441,4602,4602,256,183
67442,2662,2662,126,107
67443,2783,2783,141,112
67444,1021,1021,45,41
67445,4575,4575,212,184
67446,3119,3119,133,126
67447,2924,2924,131,118
67448,2772,2772,158,111
67449,2909,2909,121,117
67450,3820,3820,205,153
67451,2127,2127,97,86
67452,2696,2696,116,109
67453,4117,4117,177,166
67454,2640,2640,140,106
67455,3984,3984,180,161
67456,3896,3896,163,157
67457,2615,2615,125,105
67458,3009,3009,123,121
67459,2173,2173,101,87
67460,2749,2749,120,111
67461,1614,1614,97,65
67462,2520,2520,126,101
67463,3190,3190,145,128
67464,1893,1893,115,75
67465,1253,1253,55,51
67466,2280,2280,107,92
67467,2767,2767,121,112
67468,2506,2506,141,99
67469,3378,3378,149,136
67470,2067,2067,155,80
67471,3053,3053,151,122
67472,2300,2300,112,92
67473,3071,3071,134,124
67474,1396,1396,64,56
67475,2263,2263,109,91
67476,1555,1555,72,63
67477,1739,1739,75,70
67478,2102,2102,124,83
67479,2126,2126,95,86
67480,2124,2124,97,85
67481,3422,3422,150,138
67482,4252,4252,184,171
67483,1790,1790,73,72
67484,3185,3185,131,128
67485,2727,2727,139,109
67486,2564,2564,110,103
67487,3045,3045,128,123
67488,4127,4127,202,166
67489,3044,3044,150,122
67490,2134,2134,95,86
67491,2164,2164,108,87
67492,2746,2746,119,111
67493,1844,1844,90,74
67494,1970,1970,101,79
67495,2655,2655,149,105
67496,1959,1959,88,79
67497,1802,1802,93,73
67498,2167,2167,88,87
67499,4096,4096,195,165
67500,3032,3032,159,121
67501,3363,3363,140,135
67502,2232,2232,106,90
67503,2686,2686,127,108
67504,1596,1596,75,64
67505,2371,2371,156,93
67506,2434,2434,169,96
67507,1454,1454,62,59
67508,2126,2126,92,86
67509,2637,2637,156,106
67510,1603,1603,85,64
67511,2575,2575,142,103
67512,1212,1212,54,50
67513,3735,3735,165,150
67514,2363,2363,101,95
67515,298,298,14,12
67516,2947,2947,122,119
67517,2535,2535,122,102
67518,1846,1846,120,74
67519,3661,3661,191,146
67520,1345,1345,57,54
67521,3360,3360,150,136
67522,2169,2169,115,87
67523,1690,1690,76,68
67524,3546,3546,155,143
67525,3702,3702,154,149
67526,3042,3042,129,122
67527,1955,1955,106,78
67528,1164,1164,70,46
67529,2385,2385,128,95
67530,2262,2262,101,91
67531,2449,2449,108,98
67532,2930,2930,124,118
67533,1571,1571,66,63
67534,3964,3964,193,160
67535,1773,1773,79,71
67536,1203,1203,79,47
67537,2850,2850,125,115
67538,867,867,35,35
67539,1649,1649,81,67
67540,2839,2839,131,115
67542,2154,2154,101,87
67543,3313,3313,155,133
67544,3525,3525,164,142
67545,3770,3770,176,152
67546,4213,4213,225,169
67547,2781,2781,127,112
67548,2320,2320,111,93
67549,2132,2132,97,86
67550,1836,1836,80,74
67551,1826,1826,91,74
67552,1863,1863,83,75
67553,3658,3658,152,147
67554,2860,2860,126,115
67555,2346,2346,115,94
67556,2621,2621,116,105
67557,4166,4166,195,167
67558,2291,2291,118,92
67559,2884,2884,145,116
67560,2907,2907,142,117
67561,3810,3810,177,153
67562,1983,1983,98,79
67563,2347,2347,150,94
67564,3303,3303,167,132
67565,2481,2481,109,100
67566,2688,2688,125,108
67567,3125,3125,145,126
67568,2621,2621,162,103
67569,1684,1684,76,68
67570,2361,2361,112,95
67571,1658,1658,106,66
67572,2490,2490,131,101
67573,3435,3435,142,138
67574,2218,2218,97,90
67575,2997,2997,142,121
67576,2701,2701,145,108
67577,4163,4163,180,168
67578,1648,1648,79,66
67579,3418,3418,146,138
67580,3704,3704,162,150
67581,2397,2397,118,96
67582,2967,2967,130,119
67583,2599,2599,130,104
67584,2257,2257,97,91
67585,1850,1850,102,74
67586,2205,2205,93,89
67587,2072,2072,101,83
67588,2209,2209,95,89
67589,1354,1354,56,55
67590,2034,2034,93,82
67591,2445,2445,115,99
67592,3321,3321,138,134
67593,4090,4090,215,164
67594,2033,2033,93,82
67595,4449,4449,201,179
67596,3152,3152,138,127
67597,849,849,39,34
67598,1769,1769,87,71
67599,2347,2347,124,93
67600,2019,2019,138,80
67601,3254,3254,151,131
67602,3503,3503,148,141
67603,2331,2331,113,93
67604,2187,2187,102,88
67605,1432,1432,68,57
67606,3807,3807,194,152
67607,3215,3215,153,128
67608,1116,1116,57,45
67609,3047,3047,205,120
67610,828,828,45,33
67611,1990,1990,87,80
67612,3439,3439,155,138
67613,1988,1988,83,80
67614,3339,3339,161,134
67615,2394,2394,97,96
67616,2011,2011,125,79
67617,2444,2444,105,98
67618,1187,1187,56,48
67619,1892,1892,93,76
67620,2954,2954,119,119
67621,2972,2972,125,120
67622,3960,3960,212,158
67623,3246,3246,141,131
67624,4033,4033,172,162
67625,3327,3327,140,134
67626,3740,3740,164,150
67627,2965,2965,154,119
67628,1516,1516,62,61
67629,3039,3039,130,123
67630,3562,3562,151,143
67631,1972,1972,92,80
67632,2505,2505,131,101
67633,1574,1574,75,63
67634,3006,3006,159,121
67635,2181,2181,153,84
67636,875,875,41,35
67637,2438,2438,126,98
67638,820,820,79,32
67639,3318,3318,149,132
67640,4159,4159,207,166
67641,2920,2920,148,117
67642,1534,1534,79,62
67643,2739,2739,121,110
67644,1862,1862,155,72
67645,2296,2296,119,92
67646,4017,4017,183,161
67647,1542,1542,67,62
67648,2115,2115,91,86
67649,3710,3710,152,149
67650,3745,3745,181,151
67651,2475,2475,111,99
67652,2742,2742,125,110
67653,2561,2561,111,103
67654,3955,3955,190,160
67655,3229,3229,132,130
67656,3891,3891,169,157
67657,2357,2357,117,95
67658,1123,1123,95,43
67659,4120,4120,224,165
67660,2250,2250,100,91
67661,4148,4148,198,167
67662,2437,2437,107,98
67663,4970,4970,219,200
67664,2276,2276,100,92
67665,2579,2579,118,104
67666,3440,3440,184,138
67667,1527,1527,95,61
67668,2387,2387,138,94
67669,4942,4942,229,199
67670,3997,3997,175,161
67671,1120,1120,48,45
67672,2929,2929,128,118
67673,2819,2819,142,114
67674,1749,1749,115,69
67675,1577,1577,99,63
67676,2709,2709,115,109
67677,3014,3014,125,121
67678,2033,2033,117,80
67679,2099,2099,101,84
67680,2438,2438,103,98
67681,3799,3799,187,152
67682,2503,2503,139,99
67683,3125,3125,134,126
67684,3320,3320,188,133
67685,1994,1994,96,80
67686,1745,1745,85,70
67687,2216,2216,99,89
67688,2260,2260,98,91
67689,2499,2499,108,100
67690,1668,1668,132,65
67691,1533,1533,92,62
67692,2284,2284,120,92
67693,2475,2475,154,98
67694,2812,2812,122,113
67695,2677,2677,158,106
67696,3039,3039,129,122
67697,2252,2252,106,91
67698,2225,2225,110,89
67699,742,742,41,30
67700,3142,3142,130,126
67701,2636,2636,117,106
67702,3505,3505,156,141
67703,2152,2152,104,87
67704,2581,2581,142,104
67705,3160,3160,132,127
67706,436,436,57,16
67707,3724,3724,161,150
67708,3813,3813,172,154
67710,3306,3306,155,133
67711,1718,1718,70,69
67712,3015,3015,136,121
67713,3636,3636,180,147
67714,1331,1331,72,52
67715,2019,2019,112,81
67716,2932,2932,153,118
67717,2735,2735,118,110
67718,1709,1709,71,69
67719,3018,3018,189,119
67720,1684,1684,85,68
67722,3158,3158,137,127
67723,1639,1639,90,66
67724,2367,2367,105,95
67725,2875,2875,156,115
67727,2773,2773,118,111
67728,2392,2392,123,94
67729,3309,3309,145,133
67730,3929,3929,172,159
67731,3493,3493,146,141
67732,1844,1844,109,74
67733,3000,3000,147,121
67734,1721,1721,71,69
67735,2550,2550,127,102
67736,1204,1204,81,48
67737,3384,3384,152,136
67738,2488,2488,108,100
67739,2786,2786,115,112
67740,1347,1347,66,54
67741,3125,3125,131,126
67742,4177,4177,177,168
67743,1625,1625,87,64
67744,3589,3589,162,144
67745,1826,1826,79,74
67746,2220,2220,102,88
67747,2680,2680,113,108
67748,2764,2764,130,111
67749,3206,3206,155,130
67750,838,838,34,34
67751,2133,2133,93,86
67752,1803,1803,76,73
67753,3972,3972,182,160
67754,3274,3274,137,132
67755,3402,3402,143,137
67756,2568,2568,137,103
67757,1220,1220,59,49
67758,1439,1439,89,57
67759,2065,2065,107,83
67760,2106,2106,90,85
67761,3518,3518,153,142
67762,1980,1980,127,78
67763,1614,1614,80,64
67764,3348,3348,141,135
67765,3626,3626,158,146
67766,1274,1274,53,51
67767,3341,3341,142,134
67768,4456,4456,201,179
67769,2577,2577,122,104
67771,2467,2467,122,99
67772,623,623,31,25
67773,2531,2531,133,102
67774,3047,3047,134,123
67775,2045,2045,96,83
67776,1765,1765,74,71
67777,2493,2493,126,100
67778,1916,1916,91,77
67779,1993,1993,112,79
67780,1623,1623,82,66
67781,2341,2341,96,95
67782,4415,4415,195,178
67783,2729,2729,121,110
67784,2989,2989,167,119
67785,3023,3023,156,122
67786,3607,3607,158,145
67787,1498,1498,88,60
67788,2726,2726,127,110
67789,4226,4226,196,170
67790,3450,3450,156,139
67791,2280,2280,112,92
67792,3489,3489,166,140
67793,2841,2841,154,114
67794,2537,2537,121,102
67795,727,727,52,29
67796,1613,1613,67,65
67797,1829,1829,128,73
67798,4892,4892,215,196
67799,2940,2940,192,117
67800,3755,3755,180,151
67801,3263,3263,137,131
67802,2785,2785,145,112
67803,2966,2966,184,118
67804,2747,2747,128,111
67805,2481,2481,118,100
67806,3138,3138,158,126
67807,1923,1923,90,78
67808,3207,3207,156,129
67809,3743,3743,181,151
67810,1917,1917,84,78
67811,2963,2963,154,119
67812,2753,2753,122,111
67813,1768,1768,73,71
67814,1415,1415,59,57
67815,3346,3346,190,133
67816,2682,2682,125,108
67817,2083,2083,113,84
67818,3270,3270,147,132
67819,1388,1388,58,56
67820,1683,1683,75,69
67821,4156,4156,177,167
67822,3130,3130,190,124
67823,2337,2337,110,94
67824,2906,2906,144,117
67825,1573,1573,109,62
67826,4007,4007,187,162
67827,4437,4437,214,178
67828,2998,2998,136,121
67829,3196,3196,139,129
67830,3555,3555,158,142
67831,3692,3692,206,147
67832,2294,2294,117,92
67833,4303,4303,179,173
67835,2911,2911,154,117
67836,1736,1736,73,70
67837,2664,2664,121,107
67838,2660,2660,133,106
67839,2823,2823,138,113
67840,2239,2239,93,90
67841,4432,4432,224,180
67842,2216,2216,145,87
67843,4219,4219,196,170
67844,3798,3798,167,153
67845,4144,4144,176,167
67846,2586,2586,110,104
67847,1868,1868,97,74
67848,1801,1801,91,72
67849,3803,3803,188,153
67850,3354,3354,152,135
67851,3287,3287,146,132
67852,2074,2074,141,81
67853,2411,2411,140,97
67854,2035,2035,88,82
67855,1870,1870,78,75
67856,3934,3934,179,158
67857,2415,2415,121,97
67858,1834,1834,76,74
67859,2309,2309,112,93
67860,1809,1809,91,73
67861,2255,2255,98,91
67862,1635,1635,77,66
67863,1118,1118,51,45
67864,2520,2520,137,101
67865,836,836,44,34
67866,1902,1902,141,74
67867,1541,1541,77,62
67868,1802,1802,92,72
67869,1782,1782,82,72
67870,1983,1983,113,79
67871,1672,1672,116,65
67872,1244,1244,52,50
67873,1834,1834,85,73
67874,2404,2404,104,97
67875,1928,1928,93,78
67876,2607,2607,167,104
67877,2507,2507,116,101
67878,4073,4073,172,164
67879,3270,3270,157,132
67880,1524,1524,93,61
67881,2612,2612,137,105
67882,2120,2120,101,86
67883,1231,1231,71,50
67884,2072,2072,119,83
67885,1865,1865,85,76
67886,2564,2564,107,103
67887,1346,1346,72,54
67888,2557,2557,107,103
67889,2861,2861,127,115
67890,1970,1970,97,79
67891,3022,3022,142,121
67893,2307,2307,109,93
67894,2872,2872,136,115
67895,3669,3669,175,147
67896,3410,3410,164,136
67897,1642,1642,68,66
67898,1840,1840,103,73
67899,1807,1807,86,73
67900,2010,2010,85,81
67901,3010,3010,139,121
67902,2653,2653,140,106
67903,1235,1235,52,50
67904,1885,1885,89,76
67905,2643,2643,112,107
67906,3114,3114,136,125
67907,1235,1235,67,50
67908,2640,2640,139,105
67909,3585,3585,151,144
67910,2930,2930,134,119
67911,1874,1874,85,75
67912,3745,3745,197,149
67913,3025,3025,130,122
67914,2293,2293,105,92
67915,2906,2906,129,117
67916,4509,4509,222,180
67917,2340,2340,103,94
67918,3579,3579,159,144
67919,2869,2869,134,115
67920,1982,1982,85,81
67921,2610,2610,130,105
67922,4893,4893,209,197
67923,2557,2557,107,103
67924,763,763,31,31
67925,3106,3106,147,126
67926,2092,2092,102,84
67927,3271,3271,165,130
67928,2361,2361,105,95
67929,3090,3090,158,124
67930,2965,2965,139,120
67931,3936,3936,186,157
67932,3257,3257,179,130
67933,2425,2425,125,98
67934,2130,2130,112,84
67935,2964,2964,130,119
67936,1313,1313,71,53
67937,1542,1542,70,62
67938,3438,3438,142,138
67940,2619,2619,121,105
67941,1572,1572,70,63
67942,1319,1319,75,52
67943,2341,2341,95,94
67944,2964,2964,162,119
67945,1365,1365,60,55
67946,2882,2882,138,115
67947,3828,3828,183,154
67948,2125,2125,97,85
67949,4085,4085,188,164
67950,1784,1784,76,72
67951,1198,1198,80,48
67952,2153,2153,108,87
67953,2812,2812,115,113
67954,4295,4295,187,173
67955,4052,4052,190,164
67956,1703,1703,77,68
67957,4229,4229,184,171
67958,797,797,44,32
67959,4444,4444,196,179
67960,5331,5331,260,215
67961,1303,1303,80,52
67962,2063,2063,94,83
67963,3778,3778,155,152
67964,3526,3526,160,142
67965,1683,1683,74,68
67966,2062,2062,87,83
67967,911,911,39,37
67968,2693,2693,175,106
67969,1742,1742,125,69
67970,2880,2880,145,116
67971,2346,2346,104,94
67972,4010,4010,183,161
67973,1731,1731,79,70
67974,3494,3494,145,141
67975,1707,1707,89,69
67976,3609,3609,182,144
67977,1341,1341,54,54
67978,2781,2781,155,111
67979,3188,3188,132,128
67980,1471,1471,75,59
67981,2105,2105,88,85
67982,2090,2090,88,84
67983,3735,3735,173,151
67984,2931,2931,123,118
67985,2409,2409,100,98
67986,5307,5307,242,214
67987,2395,2395,157,96
67988,1359,1359,84,55
67989,2437,2437,119,98
67990,2781,2781,117,112
67991,4427,4427,214,178
67992,2224,2224,103,89
67993,2618,2618,125,105
67994,775,775,55,31
67995,3288,3288,167,133
67996,3255,3255,164,130
67997,2691,2691,115,108
67998,2605,2605,143,104
67999,1393,1393,69,56
68000,3884,3884,173,156
68001,3120,3120,224,121
68002,2467,2467,111,100
68003,3227,3227,137,130
68004,872,872,36,35
68005,992,992,45,40
68006,1929,1929,84,77
68007,3341,3341,169,133
68008,1144,1144,53,46
68009,3122,3122,161,125
68010,1148,1148,67,46
68011,2550,2550,120,103
68012,2554,2554,120,103
68013,3956,3956,168,159
68014,1786,1786,78,72
68015,2623,2623,108,105
68016,1399,1399,69,56
68017,3394,3394,169,137
68018,2458,2458,108,99
68019,3436,3436,142,138
68020,2767,2767,116,111
68022,2565,2565,105,103
68023,1041,1041,63,42
68024,1991,1991,100,80
68025,2868,2868,148,116
68026,3934,3934,169,158
68027,2069,2069,87,83
68028,1964,1964,83,79
68029,2583,2583,117,104
68030,2060,2060,89,83
68031,2371,2371,103,96
68032,3462,3462,156,139
68033,2508,2508,106,101
68034,2039,2039,96,82
68035,1791,1791,85,72
68036,1632,1632,66,66
68037,1888,1888,89,76
68038,2426,2426,107,98
68039,1325,1325,105,51
68040,3688,3688,162,149
68041,1167,1167,59,47
68042,2761,2761,182,110
68043,1027,1027,70,41
68044,1467,1467,89,58
68045,3524,3524,154,142
68046,1933,1933,142,76
68047,3107,3107,130,125
68048,1295,1295,53,52
68049,1951,1951,115,77
68050,3252,3252,145,131
68051,2144,2144,100,86
68052,2186,2186,94,88
68054,2453,2453,109,99
68055,1123,1123,56,45
68056,4199,4199,189,169
68057,3029,3029,129,122
68058,924,924,48,37
68059,1692,1692,76,68
68060,2244,2244,93,90
68061,4648,4648,198,187
68062,4574,4574,206,184
68063,2444,2444,103,98
68064,975,975,55,40
68065,1141,1141,46,46
68066,3756,3756,169,151
68067,2619,2619,136,105
68068,1100,1100,49,45
68069,2296,2296,124,92
68070,3568,3568,183,144
68071,3273,3273,146,131
68072,689,689,39,28
68073,2351,2351,107,95
68074,3582,3582,182,143
68075,2340,2340,104,94
68076,2364,2364,104,95
68077,2854,2854,178,113
68078,2694,2694,129,108
68079,2235,2235,101,90
68080,1858,1858,83,75
68081,2221,2221,94,89
68082,2343,2343,117,94
68083,2879,2879,162,115
68084,2208,2208,96,89
68085,1463,1463,65,59
68086,3586,3586,156,144
68087,3728,3728,170,150
68088,3333,3333,149,134
68089,2539,2539,121,102
68090,1865,1865,79,75
68091,3034,3034,144,122
68092,3798,3798,187,153
68093,3165,3165,153,127
68094,838,838,83,33
68095,2478,2478,112,101
68096,2138,2138,97,86
68097,4202,4202,183,169
68098,2343,2343,123,95
68099,1681,1681,79,68
68100,4533,4533,203,182
68101,2904,2904,122,117
68102,2221,2221,98,89
68103,3899,3899,168,157
68104,1786,1786,75,72
68105,3612,3612,184,146
68106,1209,1209,51,49
68107,2341,2341,100,95
68108,1629,1629,76,67
68109,3540,3540,148,142
68110,1444,1444,81,58
68111,2051,2051,103,82
68112,2071,2071,154,81
68113,3208,3208,134,129
68114,2682,2682,117,108
68115,2648,2648,138,107
68116,2520,2520,114,102
68117,2926,2926,144,117
68118,1720,1720,85,69
68119,3403,3403,223,134
68120,3382,3382,146,136
68121,2418,2418,119,97
68122,2566,2566,119,103
68123,2452,2452,145,98
68124,2764,2764,137,111
68125,2438,2438,121,98
68126,3064,3064,133,123
68127,2734,2734,192,108
68128,3807,3807,153,153
68129,4669,4669,219,188
68130,1952,1952,96,79
68131,2527,2527,128,102
68132,4389,4389,190,177
68133,3170,3170,153,127
68134,2590,2590,136,104
68135,2465,2465,153,98
68136,3091,3091,147,125
68137,1936,1936,80,78
68138,2481,2481,124,99
68139,2199,2199,114,88
68140,2358,2358,115,95
68141,1985,1985,189,76
68142,2346,2346,119,94
68143,2985,2985,149,121
68144,4575,4575,211,184
68145,959,959,55,39
68146,2324,2324,101,94
68147,2347,2347,117,94
68148,1740,1740,104,70
68149,3330,3330,169,132
68150,2849,2849,150,114
68151,2759,2759,182,106
68152,2400,2400,127,95
68153,3172,3172,149,127
68154,2477,2477,117,100
68155,4566,4566,193,184
68156,2658,2658,134,107
68157,3162,3162,135,127
68158,2031,2031,85,82
68159,2742,2742,124,110
68160,1789,1789,81,72
68161,2441,2441,133,98
68162,1638,1638,79,66
68163,3712,3712,182,149
68164,2490,2490,162,98
68165,2310,2310,120,93
68166,2553,2553,108,103
68167,2410,2410,115,96
68168,1407,1407,96,55
68169,2906,2906,137,117
68170,1434,1434,68,58
68171,3061,3061,127,123
68172,3603,3603,195,144
68173,2354,2354,112,95
68174,1362,1362,57,55
68175,3459,3459,160,139
68176,2665,2665,130,107
68177,2866,2866,135,116
68178,2160,2160,148,85
68179,1911,1911,85,77
68180,3231,3231,151,129
68181,4207,4207,200,169
68182,3101,3101,134,125
68183,3399,3399,164,136
68184,3163,3163,158,128
68185,2910,2910,127,117
68186,2353,2353,139,94
68187,2874,2874,118,116
68188,3262,3262,140,131
68189,1089,1089,58,44
68190,3240,3240,137,131
68191,3099,3099,129,125
68193,3728,3728,173,150
68194,3816,3816,189,153
68195,966,966,40,39
68196,1801,1801,95,72
68197,3233,3233,166,130
68198,1919,1919,97,77
68199,2760,2760,128,111
68200,2680,2680,114,108
68201,3216,3216,176,128
68202,3386,3386,172,136
68203,1379,1379,64,56
68204,4503,4503,204,181
68205,3632,3632,160,146
68206,2320,2320,113,93
68207,3310,3310,142,133
68208,2117,2117,88,85
68209,4452,4452,203,179
68210,1184,1184,51,48
68211,2851,2851,120,115
68212,1744,1744,77,70
68213,3801,3801,174,153
68214,1283,1283,68,52
68215,3514,3514,150,141
68216,2695,2695,136,108
68217,1078,1078,44,44
68218,2963,2963,149,119
68219,2560,2560,120,103
68220,1649,1649,105,65
68221,2521,2521,104,101
68222,2831,2831,121,114
68223,3314,3314,153,132
68224,3289,3289,158,132
68225,1698,1698,125,67
68226,2011,2011,100,81
68227,3009,3009,124,121
68228,1111,1111,45,45
68229,2675,2675,132,108
68230,4476,4476,184,180
68231,2794,2794,135,112
68232,4085,4085,205,164
68233,3029,3029,127,122
68234,2154,2154,103,85
68235,1618,1618,65,65
68236,3124,3124,132,126
68237,3376,3376,173,136
68238,1697,1697,71,68
68239,3146,3146,140,127
68240,2010,2010,84,81
68241,1487,1487,66,60
68242,1220,1220,82,48
68243,3727,3727,170,150
68244,2549,2549,144,103
68245,2242,2242,106,90
68247,4335,4335,209,174
68248,3064,3064,127,123
68249,2171,2171,95,87
68250,1927,1927,99,77
68251,2029,2029,177,78
68252,1761,1761,75,71
68253,1357,1357,60,55
68254,1964,1964,90,79
68255,2618,2618,114,106
68256,2233,2233,124,89
68257,3221,3221,144,130
68258,4526,4526,206,182
68259,2001,2001,110,81
68260,1917,1917,80,77
68261,2408,2408,102,97
68262,2391,2391,113,96
68263,2664,2664,123,107
68264,2363,2363,115,94
68265,1638,1638,111,65
68266,2519,2519,108,102
68267,2816,2816,114,113
68268,3391,3391,143,136
68270,1759,1759,78,70
68271,1901,1901,97,76
68272,2265,2265,97,91
68273,4428,4428,187,178
68275,2517,2517,102,101
68276,2445,2445,107,99
68277,2703,2703,143,108
68278,3180,3180,165,127
68279,2242,2242,100,91
68280,1088,1088,51,44
68281,3636,3636,184,146
68282,3350,3350,166,135
68283,2683,2683,120,108
68284,4140,4140,206,167
68285,3813,3813,164,153
68286,2432,2432,150,95
68287,1757,1757,92,70
68288,1390,1390,96,54
68289,971,971,40,39
68290,1763,1763,84,71
68291,4707,4707,287,186
68292,3315,3315,150,132
68293,1984,1984,84,80
68294,1873,1873,91,75
68295,4585,4585,210,184
68296,2362,2362,100,95
68297,2773,2773,116,112
68298,2531,2531,175,99
68299,5273,5273,279,212
68300,3009,3009,132,121
68301,2414,2414,110,97
68302,2282,2282,101,92
68303,3380,3380,149,136
68304,2866,2866,140,116
68305,2436,2436,117,98
68306,3002,3002,126,121
68307,4485,4485,191,180
68308,2358,2358,99,96
68309,2287,2287,96,92
68310,3063,3063,158,123
68311,2595,2595,122,104
68312,3110,3110,147,125
68313,2343,2343,125,95
68314,2879,2879,139,116
68315,3093,3093,153,124
68316,1293,1293,85,52
68317,4022,4022,171,162
68318,2173,2173,110,88
68319,3948,3948,172,159
68320,1095,1095,51,44
68321,2317,2317,110,93
68322,3282,3282,142,132
68323,2812,2812,119,113
68324,2579,2579,112,104
68325,3104,3104,138,125
68326,2632,2632,114,106
68327,2129,2129,107,86
68328,2779,2779,118,112
68329,2518,2518,167,99
68330,2634,2634,138,106
68331,3654,3654,180,147
68332,2862,2862,150,115
68333,1884,1884,84,76
68334,2466,2466,108,100
68335,1748,1748,99,70
68336,2261,2261,97,90
68337,2406,2406,124,97
68338,1374,1374,55,55
68339,2608,2608,145,104
68340,771,771,57,31
68341,3937,3937,184,158
68342,1587,1587,89,63
68343,5003,5003,219,201
68344,1240,1240,50,50
68345,1993,1993,96,80
68346,3827,3827,175,153
68347,2729,2729,136,110
68348,1241,1241,52,50
68349,642,642,50,26
68350,2175,2175,105,86
68351,1319,1319,54,53
68352,3947,3947,175,159
68353,2235,2235,96,90
68354,1760,1760,94,71
68355,2105,2105,138,83
68356,1616,1616,67,65
68357,5555,5555,246,223
68358,1388,1388,87,56
68359,2415,2415,102,98
68360,2326,2326,114,93
68361,3556,3556,154,144
68362,2590,2590,115,104
68363,1220,1220,49,49
68364,2828,2828,155,114
68365,2418,2418,103,97
68366,2414,2414,123,97
68367,1724,1724,74,69
68368,3075,3075,164,124
68369,1996,1996,81,80
68370,2900,2900,124,117
68371,1943,1943,82,78
68372,3307,3307,135,133
68373,2041,2041,82,82
68374,1679,1679,103,67
68375,1868,1868,84,75
68376,2412,2412,111,97
68377,2734,2734,129,110
68378,2931,2931,148,117
68379,2939,2939,131,118
68380,2306,2306,106,93
68381,2915,2915,142,117
68382,2056,2056,119,83
68383,1342,1342,80,54
68384,1066,1066,50,43
68385,2174,2174,97,88
68386,2637,2637,114,106
68387,2714,2714,134,109
68388,3002,3002,125,121
68389,2746,2746,112,110
68390,2497,2497,123,100
68391,1711,1711,80,69
68392,1972,1972,97,79
68393,2168,2168,89,87
68394,2275,2275,129,91
68395,1480,1480,70,60
68396,2843,2843,142,115
68397,3453,3453,162,139
68398,2167,2167,108,87
68399,1350,1350,75,54
68400,3031,3031,131,122
68401,2599,2599,129,104
68402,3032,3032,160,120
68403,3892,3892,165,156
68404,2876,2876,128,116
68405,3222,3222,174,129
68406,1974,1974,108,80
68407,1787,1787,98,72
68408,3450,3450,193,137
68409,2393,2393,133,97
68410,2542,2542,147,101
68411,2397,2397,133,96
68412,2886,2886,130,116
68413,2150,2150,108,86
68414,2988,2988,129,120
68415,2856,2856,125,115
68416,4087,4087,171,164
68417,2267,2267,100,91
68418,2315,2315,112,93
68419,3548,3548,147,143
68420,3340,3340,164,135
68421,3280,3280,149,132
68422,3605,3605,173,145
68423,1366,1366,68,55
68424,3005,3005,153,121
68425,3384,3384,141,136
68426,3447,3447,160,139
68427,3316,3316,154,134
68428,3013,3013,182,118
68429,1090,1090,45,44
68430,3577,3577,152,144
68431,2300,2300,123,92
68432,2496,2496,111,101
68433,3912,3912,167,157
68434,3746,3746,165,152
68435,3874,3874,221,154
68436,2965,2965,125,119
68437,2289,2289,97,92
68438,4089,4089,175,164
68439,3373,3373,172,136
68440,2615,2615,122,105
68441,1267,1267,61,51
68442,2588,2588,136,104
68443,2077,2077,112,83
68444,2559,2559,111,103
68445,3059,3059,140,123
68446,2252,2252,95,91
68447,2943,2943,130,119
68448,3710,3710,251,145
68449,2095,2095,140,83
68450,1151,1151,72,46
68451,3226,3226,168,129
68452,2911,2911,136,118
68453,3603,3603,150,145
68454,2142,2142,104,87
68455,3113,3113,132,125
68456,3821,3821,183,154
68457,4443,4443,197,179
68458,3586,3586,158,144
68459,3930,3930,208,157
68460,2906,2906,197,114
68461,2002,2002,89,81
68462,1409,1409,79,56
68463,3532,3532,173,142
68464,2368,2368,120,96
68465,2112,2112,94,85
68466,1204,1204,66,49
68467,1615,1615,76,65
68468,1519,1519,63,61
68469,1369,1369,68,55
68470,2965,2965,167,118
68471,2077,2077,106,83
68472,2620,2620,116,106
68473,1717,1717,84,69
68474,1933,1933,101,77
68475,2758,2758,125,112
68476,2474,2474,110,101
68477,2602,2602,128,105
68478,4151,4151,180,167
68480,2302,2302,108,92
68481,2639,2639,166,105
68482,4623,4623,224,185
68483,2157,2157,97,87
68484,1979,1979,93,80
68485,3547,3547,190,142
68486,3241,3241,150,130
68487,2027,2027,92,82
68488,3456,3456,149,139
68489,2155,2155,94,87
68490,2171,2171,94,87
68491,1518,1518,108,60
68492,3382,3382,165,136
68493,3034,3034,165,121
68494,2476,2476,112,100
68495,1189,1189,55,48
68496,1119,1119,47,45
68497,2447,2447,116,98
68498,1330,1330,67,54
68499,2430,2430,127,97
68500,2623,2623,120,106
68501,2351,2351,105,93
68502,2901,2901,127,117
68503,2288,2288,103,92
68504,3139,3139,129,126
68505,1282,1282,85,51
68506,4946,4946,208,200
68507,1901,1901,96,77
68509,2906,2906,121,117
68510,2880,2880,141,116
68511,2627,2627,123,106
68512,2714,2714,159,108
68513,4193,4193,177,168
68514,1752,1752,99,71
68515,2105,2105,94,85
68516,3105,3105,161,125
68517,2683,2683,118,108
68518,1992,1992,82,80
68519,2267,2267,127,90
68520,1812,1812,87,73
68521,2058,2058,88,83
68522,4008,4008,175,161
68523,2060,2060,118,83
68524,2434,2434,112,98
68525,1743,1743,76,70
68526,2796,2796,128,111
68527,1572,1572,73,64
68528,1768,1768,107,70
68529,2179,2179,115,87
68530,3249,3249,138,131
68531,2717,2717,119,109
68532,1917,1917,107,76
68533,2931,2931,123,118
68534,3810,3810,170,153
68535,2202,2202,122,88
68536,1862,1862,80,75
68537,3171,3171,137,127
68538,3080,3080,146,124
68539,2172,2172,158,85
68540,1902,1902,95,77
68541,3146,3146,136,127
68542,2029,2029,88,82
68543,1265,1265,55,51
68544,2300,2300,109,92
68545,3261,3261,145,132
68546,2744,2744,132,111
68547,1712,1712,87,69
68548,2757,2757,115,111
68549,1619,1619,71,65
68550,2321,2321,125,93
68551,2651,2651,119,107
68552,2410,2410,112,95
68553,2671,2671,130,107
68554,3438,3438,171,138
68555,3025,3025,131,122
68556,4188,4188,178,168
68557,2256,2256,114,91
68558,2639,2639,135,105
68559,2085,2085,85,84
68560,2606,2606,115,105
68561,2598,2598,115,105
68562,3125,3125,130,126
68563,3763,3763,175,151
68565,3350,3350,149,135
68566,3762,3762,177,152
68567,1929,1929,81,78
68568,2122,2122,89,85
68569,2693,2693,118,108
68570,2440,2440,104,98
68571,3207,3207,160,129
68572,1445,1445,60,58
68573,2394,2394,118,96
68574,2526,2526,133,101
68575,2232,2232,125,89
68576,3346,3346,202,132
68577,1812,1812,83,73
68578,1931,1931,81,78
68579,3091,3091,163,123
68580,3189,3189,158,128
68581,3420,3420,160,138
68582,3168,3168,138,128
68583,3905,3905,163,157
68584,3364,3364,144,135
68585,1266,1266,54,51
68586,1265,1265,80,50
68587,3007,3007,132,121
68588,3888,3888,175,156
68589,2782,2782,151,111
68590,1853,1853,114,74
68591,2114,2114,93,85
68592,3378,3378,193,135
68593,3417,3417,175,136
68594,3002,3002,125,121
68595,1960,1960,91,79
68596,2827,2827,145,112
68597,1995,1995,103,79
68598,2209,2209,99,89
68599,1795,1795,110,71
68600,2011,2011,101,80
68602,2777,2777,142,111
68603,2253,2253,115,90
68604,3135,3135,139,127
68605,2526,2526,114,102
68606,2927,2927,156,117
68607,2678,2678,136,107
68608,3133,3133,144,126
68609,4642,4642,202,187
68610,1615,1615,76,65
68611,2742,2742,191,108
68612,3422,3422,143,138
68613,3936,3936,185,158
68614,3084,3084,144,124
68615,3201,3201,144,129
68616,1955,1955,97,79
68617,2796,2796,139,112
68618,1985,1985,86,80
68619,1965,1965,119,79
68620,1532,1532,72,62
68621,1971,1971,103,79
68622,2919,2919,141,118
68623,1537,1537,67,62
68624,2546,2546,154,101
68625,2154,2154,124,86
68626,1675,1675,67,67
68627,1807,1807,81,73
68629,961,961,42,39
68630,1937,1937,78,78
68631,2747,2747,111,110
68632,2837,2837,142,114
68633,3362,3362,142,136
68634,3472,3472,203,137
68635,5198,5198,226,209
68636,1657,1657,78,67
68637,4168,4168,233,166
68638,2797,2797,119,112
68639,2543,2543,114,102
68640,2637,2637,185,103
68641,2869,2869,136,116
68642,2656,2656,133,107
68643,3930,3930,177,158
68644,1905,1905,135,74
68645,2592,2592,122,104
68646,1966,1966,103,79
68647,2168,2168,88,87
68648,2036,2036,100,82
68649,2378,2378,118,95
68651,2113,2113,91,85
68652,4029,4029,173,162
68653,2150,2150,98,86
68654,2666,2666,139,106
68655,1989,1989,109,79
68656,3300,3300,158,133
68657,3519,3519,165,142
68658,2227,2227,141,89
68659,1990,1990,108,79
68660,3019,3019,146,120
68661,3736,3736,173,150
68662,2026,2026,92,82
68663,1249,1249,91,50
68664,1164,1164,88,46
68665,2478,2478,104,100
68666,1817,1817,81,73
68668,2261,2261,103,91
68669,2270,2270,97,91
68670,3390,3390,148,137
68671,2899,2899,122,117
68672,4723,4723,197,190
68673,3333,3333,143,134
68674,2656,2656,114,107
68675,3505,3505,194,140
68676,2631,2631,138,106
68677,2715,2715,141,109
68678,1451,1451,82,58
68679,2925,2925,133,118
68680,2865,2865,142,115
68681,1843,1843,88,74
68682,4315,4315,188,174
68683,2000,2000,107,80
68684,3464,3464,173,139
68685,2563,2563,111,103
68686,3498,3498,149,141
68687,2957,2957,124,119
68688,2109,2109,93,85
68689,1993,1993,101,79
68690,3244,3244,155,131
68691,2336,2336,100,94
68692,3351,3351,145,135
68693,1916,1916,79,77
68694,2834,2834,116,114
68695,3155,3155,139,127
68696,3370,3370,169,134
68697,1753,1753,106,70
68698,1780,1780,75,72
68699,2436,2436,106,98
68700,3796,3796,158,153
68701,2120,2120,96,84
68702,1341,1341,71,53
68703,3366,3366,138,135
68704,2244,2244,150,88
68705,1863,1863,87,75
68706,2268,2268,135,89
68707,1465,1465,59,59
68708,1706,1706,71,69
68709,2089,2089,95,84
68710,2235,2235,212,84
68711,1919,1919,117,76
68712,1554,1554,79,63
68713,4141,4141,181,168
68714,4093,4093,174,165
68715,1303,1303,69,52
68716,1241,1241,60,49
68717,2026,2026,96,82
68718,2373,2373,108,96
68719,3550,3550,163,143
68720,1959,1959,105,78
68721,2121,2121,96,85
68722,3921,3921,173,158
68723,3507,3507,175,140
68724,2792,2792,140,112
68725,2643,2643,119,106
68726,1754,1754,131,69
68727,3494,3494,175,139
68728,4002,4002,169,161
68729,3748,3748,164,151
68730,1196,1196,51,48
68731,3011,3011,134,121
68732,442,442,18,18
68733,3938,3938,213,157
68734,2310,2310,102,93
68735,3172,3172,134,128
68736,2841,2841,116,114
68737,2379,2379,99,96
68738,2090,2090,88,84
68739,2667,2667,170,105
68740,3747,3747,171,150
68741,1945,1945,90,78
68742,2152,2152,92,87
68743,1746,1746,87,70
68744,1987,1987,114,79
68746,2539,2539,110,103
68747,2414,2414,119,97
68748,3073,3073,140,124
68749,2718,2718,136,109
68750,1477,1477,102,58
68751,2031,2031,96,82
68752,2569,2569,116,104
68754,3078,3078,134,124
68755,1836,1836,82,74
68756,1417,1417,79,57
68757,1866,1866,86,75
68758,2032,2032,174,79
68759,1789,1789,76,72
68760,3384,3384,154,136
68761,2365,2365,100,95
68762,1890,1890,77,76
68763,2156,2156,133,85
68764,2894,2894,125,117
68765,4094,4094,193,165
68766,3103,3103,161,124
68767,2286,2286,107,92
68768,3603,3603,178,145
68769,4150,4150,194,167
68770,3022,3022,145,122
68771,1421,1421,85,57
68772,1993,1993,91,80
68773,2597,2597,122,105
68774,1727,1727,76,70
68775,3689,3689,160,149
68776,2102,2102,114,84
68777,2801,2801,125,112
68778,2707,2707,171,109
68779,3679,3679,175,148
68780,3111,3111,172,123
68781,2759,2759,116,111
68782,2264,2264,99,91
68783,3567,3567,173,144
68784,2917,2917,157,117
68785,1378,1378,86,55
68786,1612,1612,80,65
68787,2876,2876,134,116
68788,2443,2443,103,98
68789,2544,2544,159,101
68790,3342,3342,173,133
68791,2763,2763,137,111
68792,1891,1891,83,76
68793,4586,4586,213,184
68794,3030,3030,143,122
68795,1896,1896,120,75
68796,2211,2211,105,90
68797,1829,1829,77,74
68798,2622,2622,114,106
68799,3490,3490,178,140
68800,2197,2197,124,87
68801,2405,2405,102,97
68802,3409,3409,165,137
68803,2084,2084,87,84
68804,2881,2881,138,116
68805,3261,3261,138,131
68806,2245,2245,139,90
68807,1869,1869,94,75
68808,3106,3106,137,125
68809,1017,1017,47,41
68810,2162,2162,102,87
68812,748,748,47,30
68813,2294,2294,110,92
68814,2559,2559,107,103
68815,3487,3487,213,137
68816,2866,2866,132,115
68817,2169,2169,95,88
68818,3348,3348,172,134
68819,1332,1332,57,54
68820,522,522,25,21
68821,3239,3239,172,130
68822,2462,2462,115,99
68823,3830,3830,207,153
68824,3818,3818,175,154
68825,3190,3190,161,128
68826,4273,4273,185,172
68827,2642,2642,110,106
68829,2051,2051,129,81
68830,3400,3400,145,137
68831,3824,3824,166,154
68832,3446,3446,150,139
68833,2616,2616,122,105
68834,2354,2354,119,94
68835,1342,1342,108,53
68836,2412,2412,110,97
68838,1767,1767,75,71
68839,2963,2963,124,119
68840,2537,2537,114,102
68841,3695,3695,155,149
68842,3163,3163,160,127
68843,2351,2351,116,94
68844,3083,3083,178,123
68845,2223,2223,109,89
68846,2762,2762,119,111
68847,3327,3327,167,134
68848,2415,2415,102,97
68849,2743,2743,118,111
68850,2362,2362,99,95
68851,3036,3036,150,122
68852,3320,3320,177,132
68853,3219,3219,171,129
68854,2266,2266,96,91
68855,1200,1200,51,48
68856,2885,2885,133,116
68857,3407,3407,148,137
68858,2992,2992,152,120
68859,3158,3158,135,127
68860,621,621,28,25
68861,1746,1746,77,70
68862,1744,1744,88,70
68863,3373,3373,171,136
68864,2868,2868,122,115
68865,3397,3397,196,134
68866,4095,4095,186,165
68867,2099,2099,86,84
68868,3517,3517,161,141
68869,1619,1619,85,65
68870,3918,3918,181,158
68871,2509,2509,107,101
68872,2789,2789,214,108
68873,3005,3005,134,121
68874,1878,1878,96,75
68875,2186,2186,94,88
68876,840,840,48,34
68877,4076,4076,198,164
68878,2462,2462,111,99
68879,3092,3092,142,124
68880,1948,1948,108,78
68881,2269,2269,93,91
68882,421,421,19,17
68883,2040,2040,93,82
68884,3595,3595,157,144
68885,1565,1565,63,63
68886,3239,3239,142,130
68887,2083,2083,133,81
68888,1670,1670,80,67
68889,2211,2211,97,89
68890,1396,1396,56,56
68891,2766,2766,125,111
68892,1229,1229,57,50
68893,1358,1358,94,54
68894,4037,4037,186,163
68895,2988,2988,135,121
68896,1998,1998,87,81
68897,2482,2482,121,99
68898,1404,1404,60,57
68899,2457,2457,143,99
68900,3024,3024,162,121
68901,2162,2162,114,87
68902,1902,1902,98,75
68903,1987,1987,100,80
68904,2116,2116,100,85
68905,1440,1440,65,58
68906,2598,2598,113,105
68907,3364,3364,195,136
68908,3955,3955,170,159
68909,2057,2057,84,83
68910,2360,2360,101,95
68911,3269,3269,139,132
68912,1847,1847,77,74
68913,3588,3588,181,144
68914,3233,3233,139,131
68915,3819,3819,184,153
68916,2577,2577,119,104
68917,2932,2932,144,118
68918,1590,1590,67,64
68919,5652,5652,267,228
68920,2722,2722,175,107
68921,1698,1698,86,68
68922,4153,4153,213,166
68923,2374,2374,133,96
68924,1499,1499,79,59
68925,2034,2034,91,82
68926,2076,2076,97,84
68927,3441,3441,181,137
68928,621,621,28,25
68929,2835,2835,121,114
68930,2558,2558,113,103
68931,2072,2072,95,83
68932,3325,3325,166,132
68933,2709,2709,116,109
68934,3615,3615,163,146
68935,2851,2851,126,115
68936,2552,2552,111,102
68937,3912,3912,179,157
68938,3292,3292,154,132
68939,716,716,55,28
68940,2469,2469,115,99
68941,2948,2948,137,119
68942,1489,1489,109,58
68943,2168,2168,91,87
68944,2912,2912,136,117
68945,1374,1374,75,55
68946,2130,2130,135,85
68947,2612,2612,116,105
68948,1718,1718,87,69
68949,1491,1491,64,60
68950,914,914,47,37
68951,2433,2433,124,98
68952,2833,2833,144,113
68953,3325,3325,221,131
68954,3625,3625,163,146
68955,3820,3820,160,154
68956,4665,4665,255,185
68957,2542,2542,105,102
68958,4302,4302,205,173
68959,1590,1590,91,64
68960,2724,2724,111,110
68961,2861,2861,129,115
68962,1568,1568,76,63
68963,4178,4178,193,168
68964,2573,2573,138,103
68965,1998,1998,102,80
68966,1883,1883,86,76
68967,2063,2063,99,83
68968,1984,1984,105,80
68969,1671,1671,88,67
68970,2266,2266,131,90
68971,948,948,48,38
68972,1822,1822,84,73
68973,1184,1184,80,47
68974,1025,1025,47,42
68975,2318,2318,149,92
68976,2786,2786,124,112
68977,1563,1563,82,63
68978,2156,2156,104,87
68979,3655,3655,167,148
68980,1512,1512,74,61
68981,2461,2461,121,98
68982,2138,2138,138,84
68983,2276,2276,129,91
68984,1909,1909,102,77
68985,3721,3721,169,150
68986,3197,3197,145,129
68987,1577,1577,91,63
68988,2964,2964,171,117
68989,3679,3679,206,147
68990,2682,2682,140,108
68991,2756,2756,146,111
68992,3858,3858,175,155
68993,1538,1538,89,62
68994,1636,1636,75,66
68995,967,967,108,36
68996,3221,3221,145,130
68997,2362,2362,127,95
68998,3048,3048,148,122
68999,3161,3161,134,127
69000,2281,2281,101,92
