event_id,track_id,n_truth_contributors,contributor_PIDs,contributor_particle_ids,contributor_hit_counts,includes_PID15,n_PID15_contributors,dominant_PID,dominant_particle_id,purity_reco,eff_true,n_rows,n_shared,n_reco_hits,n_true_hits,extra_hit_frac
65050,174,2,"(-211, 211)","(2105, 1267)","(25, 24)",False,0,211,2105,0.5102040816326531,1.0,49,25,49,25,0.4897959183673469
65142,101,3,"(-211,)","(830, 671, 836)","(25, 24, 1)",False,0,-211,830,0.5,1.0,50,25,50,25,0.5
65156,55,1,"(-211,)","(1548,)","(25,)",False,0,-211,1548,0.5813953488372093,1.0,25,25,43,25,0.0
65169,165,2,"(15, 211)","(691, 740)","(25, 18)",True,1,211,691,0.5813953488372093,1.0,43,25,43,25,0.41860465116279066
65270,89,2,"(-211,)","(387, 883)","(25, 25)",False,0,-211,387,0.5,1.0,50,25,50,25,0.5
65326,149,1,"(-211,)","(1624,)","(25,)",False,0,-211,1624,0.5813953488372093,1.0,25,25,43,25,0.0
65371,15,2,"(-211,)","(259, 533)","(24, 22)",False,0,-211,259,0.5217391304347826,0.96,46,24,46,25,0.4782608695652174
65386,388,2,"(-211,)","(2350, 2351)","(24, 24)",False,0,-211,2350,0.5,0.96,48,24,48,25,0.5
65522,149,2,"(211,)","(924, 1646)","(23, 20)",False,0,211,924,0.5348837209302325,0.9583333333333334,43,23,43,24,0.4651162790697675
65528,147,2,"(-211,)","(893, 1416)","(25, 24)",False,0,-211,893,0.5102040816326531,1.0,49,25,49,25,0.4897959183673469
65535,125,2,"(211,)","(723, 727)","(25, 25)",False,0,211,723,0.5,1.0,50,25,50,25,0.5
65576,145,2,"(-321, -211)","(2055, 810)","(25, 21)",False,0,-211,2055,0.5434782608695652,1.0,46,25,46,25,0.4565217391304348
65590,299,2,"(-211,)","(1319, 1531)","(25, 23)",False,0,-211,1319,0.5208333333333334,1.0,48,25,48,25,0.47916666666666663
65687,244,2,"(211,)","(1341, 1424)","(22, 18)",False,0,211,1341,0.55,0.88,40,22,40,25,0.44999999999999996
65732,68,2,"(211,)","(523, 425)","(24, 20)",False,0,211,523,0.5454545454545454,0.96,44,24,44,25,0.4545454545454546
65753,25,2,"(211,)","(1731, 281)","(23, 22)",False,0,211,1731,0.5111111111111111,0.92,45,23,45,25,0.48888888888888893
65824,62,2,"(211,)","(1825, 481)","(24, 22)",False,0,211,1825,0.5217391304347826,1.0,46,24,46,24,0.4782608695652174
65943,334,2,"(-211,)","(2105, 1713)","(24, 23)",False,0,-211,2105,0.5106382978723404,1.0,47,24,47,24,0.4893617021276596
65952,12,1,"(2212,)","(177,)","(24,)",False,0,2212,177,0.5454545454545454,0.96,24,24,44,25,0.0
66001,9,2,"(-211,)","(389, 788)","(25, 25)",False,0,-211,389,0.5,1.0,50,25,50,25,0.5
66071,78,2,"(-211,)","(609, 612)","(25, 25)",False,0,-211,609,0.5,1.0,50,25,50,25,0.5
66071,168,2,"(211,)","(1300, 1298)","(25, 24)",False,0,211,1300,0.5102040816326531,1.0,49,25,49,25,0.4897959183673469
66080,50,2,"(-211,)","(2170, 634)","(23, 22)",False,0,-211,2170,0.5111111111111111,1.0,45,23,45,23,0.48888888888888893
66093,159,2,"(211,)","(904, 919)","(25, 25)",False,0,211,904,0.5,1.0,50,25,50,25,0.5
66122,279,2,"(-2212, -211)","(1433, 1434)","(25, 19)",False,0,-2212,1433,0.5681818181818182,1.0,44,25,44,25,0.43181818181818177
66126,80,2,"(211, 321)","(924, 922)","(25, 24)",False,0,321,924,0.5102040816326531,1.0,49,25,49,25,0.4897959183673469
66223,50,2,"(-211, 211)","(434, 1256)","(25, 25)",False,0,-211,434,0.5,1.0,50,25,50,25,0.5
66314,100,1,"(-211,)","(1172,)","(25,)",False,0,-211,1172,0.5952380952380952,1.0,25,25,42,25,0.0
66317,376,2,"(-2112, -211)","(1911, 1969)","(25, 25)",False,0,-2112,1911,0.5,1.0,50,25,50,25,0.5
66342,15,2,"(15, 211)","(350, 1695)","(25, 20)",True,1,211,350,0.5555555555555556,1.0,45,25,45,25,0.4444444444444444
66401,60,2,"(-211,)","(395, 400)","(25, 24)",False,0,-211,395,0.5102040816326531,1.0,49,25,49,25,0.4897959183673469
66405,129,2,"(-211,)","(660, 954)","(25, 25)",False,0,-211,660,0.5,1.0,50,25,50,25,0.5
66432,416,2,"(211,)","(1983, 2009)","(25, 25)",False,0,211,1983,0.5,1.0,50,25,50,25,0.5
66542,408,2,"(-211,)","(1924, 1952)","(25, 25)",False,0,-211,1924,0.5,1.0,50,25,50,25,0.5
66557,123,2,"(-211, 211)","(903, 2017)","(22, 21)",False,0,-211,903,0.5116279069767442,0.88,43,22,43,25,0.4883720930232558
66590,253,2,"(-211,)","(1693, 1790)","(25, 25)",False,0,-211,1693,0.5,1.0,50,25,50,25,0.5
66644,111,2,"(-321, -211)","(574, 571)","(25, 22)",False,0,-211,574,0.5319148936170213,1.0,47,25,47,25,0.46808510638297873
66706,270,2,"(-211,)","(1656, 1662)","(25, 24)",False,0,-211,1656,0.5102040816326531,1.0,49,25,49,25,0.4897959183673469
66730,247,2,"(211,)","(1022, 1009)","(25, 22)",False,0,211,1022,0.5319148936170213,1.0,47,25,47,25,0.46808510638297873
66780,232,2,"(-211,)","(1331, 1575)","(25, 25)",False,0,-211,1331,0.5,1.0,50,25,50,25,0.5
66807,234,2,"(-211,)","(925, 1010)","(24, 19)",False,0,-211,925,0.5581395348837209,1.0,43,24,43,24,0.4418604651162791
66872,278,2,"(-211,)","(702, 671)","(23, 22)",False,0,-211,702,0.5111111111111111,0.92,45,23,45,25,0.48888888888888893
66889,160,2,"(211,)","(802, 845)","(23, 23)",False,0,211,802,0.5,1.0,46,23,46,23,0.5
66910,16,2,"(-211, 211)","(209, 2391)","(25, 25)",False,0,211,209,0.5,1.0,50,25,50,25,0.5
66910,35,2,"(-211, 211)","(1691, 359)","(25, 22)",False,0,-211,1691,0.5319148936170213,1.0,47,25,47,25,0.46808510638297873
66954,7,2,"(15, 211)","(878, 48)","(25, 18)",True,1,211,878,0.5813953488372093,1.0,43,25,43,25,0.41860465116279066
67010,92,2,"(211,)","(320, 458)","(25, 25)",False,0,211,320,0.5,1.0,50,25,50,25,0.5
67032,177,2,"(-211, 2112)","(1143, 1661)","(25, 25)",False,0,-211,1143,0.5,1.0,50,25,50,25,0.5
67044,260,2,"(-211, 211)","(1774, 2421)","(25, 25)",False,0,-211,1774,0.5,1.0,50,25,50,25,0.5
67077,61,2,"(-211,)","(2324, 512)","(23, 21)",False,0,-211,2324,0.5227272727272727,0.92,44,23,44,25,0.4772727272727273
67114,332,2,"(211,)","(2038, 2057)","(25, 25)",False,0,211,2038,0.5,1.0,50,25,50,25,0.5
67151,65,2,"(211,)","(716, 1601)","(25, 24)",False,0,211,716,0.5102040816326531,1.0,49,25,49,25,0.4897959183673469
67164,310,2,"(211,)","(1947, 2354)","(25, 21)",False,0,211,1947,0.5434782608695652,1.0,46,25,46,25,0.4565217391304348
67192,254,2,"(-2212, -211)","(1246, 1268)","(23, 22)",False,0,-2212,1246,0.5111111111111111,0.92,45,23,45,25,0.48888888888888893
67222,178,2,"(-321, -211)","(1114, 847)","(24, 21)",False,0,-211,1114,0.5333333333333333,0.96,45,24,45,25,0.4666666666666667
67226,440,2,"(-211, 11)","(2176, 2166)","(25, 24)",False,0,11,2176,0.5102040816326531,1.0,49,25,49,25,0.4897959183673469
67244,322,2,"(-321, -211)","(2233, 2236)","(25, 21)",False,0,-211,2233,0.5434782608695652,1.0,46,25,46,25,0.4565217391304348
67248,173,2,"(211, 321)","(902, 931)","(25, 25)",False,0,211,902,0.5,1.0,50,25,50,25,0.5
67302,262,2,"(-211,)","(1633, 1370)","(25, 17)",False,0,-211,1633,0.5952380952380952,1.0,42,25,42,25,0.40476190476190477
67442,263,2,"(-211, 211)","(1764, 1749)","(24, 22)",False,0,211,1764,0.5217391304347826,0.96,46,24,46,25,0.4782608695652174
67516,22,1,"(211,)","(1249,)","(25,)",False,0,211,1249,0.5681818181818182,1.0,25,25,44,25,0.0
67517,11,2,"(-211,)","(1497, 187)","(25, 23)",False,0,-211,1497,0.5208333333333334,1.0,48,25,48,25,0.47916666666666663
67525,214,2,"(211,)","(1299, 1224)","(25, 24)",False,0,211,1299,0.5102040816326531,1.0,49,25,49,25,0.4897959183673469
67583,44,2,"(211,)","(267, 266)","(25, 24)",False,0,211,267,0.5102040816326531,1.0,49,25,49,25,0.4897959183673469
67701,130,2,"(-2212, -211)","(850, 910)","(24, 24)",False,0,-2212,850,0.5,0.96,48,24,48,25,0.5
67729,119,2,"(-211, 15)","(1704, 922)","(25, 19)",True,1,-211,1704,0.5681818181818182,1.0,44,25,44,25,0.43181818181818177
67790,428,2,"(211,)","(2480, 2501)","(14, 11)",False,0,211,2480,0.56,0.56,25,14,25,25,0.43999999999999995
67790,429,2,"(211,)","(2501, 2480)","(14, 11)",False,0,211,2501,0.56,0.56,25,14,25,25,0.43999999999999995
67808,147,2,"(-211,)","(882, 1995)","(25, 25)",False,0,-211,882,0.5,1.0,50,25,50,25,0.5
67821,40,2,"(211,)","(1134, 486)","(13, 11)",False,0,211,1134,0.5416666666666666,0.52,24,13,24,25,0.45833333333333337
67831,422,2,"(211,)","(1723, 1799)","(25, 25)",False,0,211,1723,0.5,1.0,50,25,50,25,0.5
67846,288,2,"(211, 2112)","(1419, 1438)","(25, 25)",False,0,211,1419,0.5,1.0,50,25,50,25,0.5
67876,352,2,"(-211,)","(1309, 1304)","(14, 13)",False,0,-211,1309,0.5185185185185185,0.56,27,14,27,25,0.4814814814814815
67933,7,2,"(-211, 321)","(130, 1650)","(25, 25)",False,0,321,130,0.5,1.0,50,25,50,25,0.5
67959,205,2,"(211,)","(1589, 1348)","(25, 22)",False,0,211,1589,0.5319148936170213,1.0,47,25,47,25,0.46808510638297873
67987,217,2,"(211, 321)","(983, 1018)","(25, 25)",False,0,211,983,0.5,1.0,50,25,50,25,0.5
68114,168,2,"(211, 321)","(987, 958)","(25, 23)",False,0,211,987,0.5208333333333334,1.0,48,25,48,25,0.47916666666666663
68132,494,2,"(211, 321)","(2580, 2530)","(25, 24)",False,0,211,2580,0.5102040816326531,1.0,49,25,49,25,0.4897959183673469
68156,311,2,"(-321, -211)","(1863, 1974)","(25, 24)",False,0,-211,1863,0.5102040816326531,1.0,49,25,49,25,0.4897959183673469
68239,103,1,"(-211,)","(896,)","(21,)",False,0,-211,896,0.5833333333333334,0.9545454545454546,21,21,36,22,0.0
68268,350,2,"(-211,)","(2085, 2073)","(25, 22)",False,0,-211,2085,0.5319148936170213,1.0,47,25,47,25,0.46808510638297873
68278,166,2,"(-211, 211)","(1092, 1248)","(25, 25)",False,0,-211,1092,0.5,1.0,50,25,50,25,0.5
68282,279,2,"(-211,)","(1915, 2264)","(25, 25)",False,0,-211,1915,0.5,1.0,50,25,50,25,0.5
68292,244,2,"(-211,)","(1214, 1284)","(25, 25)",False,0,-211,1214,0.5,1.0,50,25,50,25,0.5
68406,140,2,"(211,)","(1034, 1374)","(25, 25)",False,0,211,1034,0.5,1.0,50,25,50,25,0.5
68504,85,2,"(-211, 211)","(1191, 451)","(25, 18)",False,0,-211,1191,0.5813953488372093,1.0,43,25,43,25,0.41860465116279066
68510,373,2,"(-11, 321)","(1923, 1964)","(25, 25)",False,0,-11,1923,0.5,1.0,50,25,50,25,0.5
68548,256,2,"(211, 321)","(1416, 1417)","(25, 25)",False,0,211,1416,0.5,1.0,50,25,50,25,0.5
68569,40,2,"(-211,)","(315, 356)","(25, 25)",False,0,-211,315,0.5,1.0,50,25,50,25,0.5
68595,168,2,"(-211,)","(698, 710)","(25, 25)",False,0,-211,698,0.5,1.0,50,25,50,25,0.5
68603,165,1,"(211,)","(1395,)","(21,)",False,0,211,1395,0.525,0.9130434782608696,21,21,40,23,0.0
68605,87,2,"(211,)","(480, 979)","(25, 25)",False,0,211,480,0.5,1.0,50,25,50,25,0.5
68671,80,2,"(-211, 321)","(1713, 564)","(25, 24)",False,0,321,1713,0.5102040816326531,1.0,49,25,49,25,0.4897959183673469
68728,228,2,"(-2212, 211)","(1606, 2580)","(25, 25)",False,0,-2212,1606,0.5,1.0,50,25,50,25,0.5
68865,171,1,"(-211,)","(959,)","(22,)",False,0,-211,959,0.5238095238095238,1.0,22,22,42,22,0.0
68870,101,2,"(211,)","(809, 909)","(24, 24)",False,0,211,809,0.5,0.96,48,24,48,25,0.5
68878,173,2,"(-211, 11)","(990, 1055)","(25, 22)",False,0,-211,990,0.5319148936170213,1.0,47,25,47,25,0.46808510638297873
68879,47,2,"(-2112, 11)","(182, 1503)","(24, 22)",False,0,-2112,182,0.5217391304347826,0.96,46,24,46,25,0.4782608695652174
68904,48,2,"(211,)","(477, 581)","(25, 25)",False,0,211,477,0.5,1.0,50,25,50,25,0.5
68904,152,2,"(-2212, -211)","(860, 830)","(25, 20)",False,0,-2212,860,0.5555555555555556,1.0,45,25,45,25,0.4444444444444444
68919,605,2,"(211,)","(3185, 3339)","(25, 25)",False,0,211,3185,0.5,1.0,50,25,50,25,0.5
68960,174,2,"(-211, 211)","(1163, 1517)","(13, 12)",False,0,211,1163,0.52,0.52,25,13,25,25,0.48
