0,1,2,3,4,5,6,7,8,9,10,11,12,13,14,15,16,17,18,19,20,21,22,23,24,25,26,27,28,29,30,31,32,33,34,35,36,37,38,39,40,41,42,43,44,45,46,47,48,49,50,51,52,53,54,55,56,57,58,59,60,61,62,63
0.0,0.0,4228.0,0.0,1939.0,0.0,0.0,1820.0,0.0,0.0,0.0,2256.0,0.0,0.0,2457.0,0.0,0.0,0.0,0.0,0.0,0.0,1123.0,0.0,0.0,0.0,3162.0,0.0,3273.0,0.0,2734.0,3338.0,1734.0,7690.0,0.0,4669.0,0.0,0.0,0.0,0.0,0.0,4674.0,0.0,595.0,0.0,0.0,0.0,0.0,0.0,1456.0,0.0,0.0,0.0,0.0,0.0,0.0,0.0,0.0,0.0,0.0,0.0,2000.0,0.0,3076.0,672.0
0.0,0.0,0.0,0.0,2074.0,0.0,0.0,0.0,0.0,0.0,0.0,0.0,0.0,3409.0,2658.0,0.0,0.0,0.0,0.0,0.0,0.0,0.0,0.0,881.0,0.0,0.0,1523.0,0.0,0.0,0.0,0.0,5145.0,0.0,1979.0,0.0,0.0,0.0,0.0,3185.0,0.0,0.0,0.0,0.0,1757.0,0.0,3765.0,0.0,1608.0,0.0,0.0,1866.0,2579.0,0.0,0.0,0.0,1987.0,0.0,0.0,0.0,0.0,0.0,0.0,2258.0,0.0
0.0,0.0,2661.0,0.0,0.0,0.0,0.0,0.0,0.0,0.0,0.0,0.0,0.0,1964.0,0.0,4010.0,1392.0,0.0,1341.0,0.0,0.0,0.0,0.0,0.0,0.0,2932.0,0.0,0.0,6055.0,0.0,2950.0,3481.0,0.0,0.0,0.0,0.0,0.0,0.0,3264.0,0.0,0.0,0.0,0.0,1094.0,0.0,1642.0,0.0,2958.0,4224.0,2473.0,0.0,0.0,0.0,2964.0,2608.0,0.0,0.0,3422.0,0.0,0.0,0.0,0.0,0.0,0.0
0.0,0.0,0.0,0.0,1810.0,6377.0,3796.0,0.0,5635.0,0.0,0.0,990.0,0.0,0.0,0.0,0.0,0.0,0.0,0.0,0.0,0.0,0.0,2623.0,0.0,0.0,1754.0,0.0,0.0,0.0,0.0,0.0,0.0,0.0,0.0,1955.0,0.0,0.0,0.0,5191.0,0.0,3481.0,0.0,0.0,0.0,0.0,4272.0,1715.0,0.0,1968.0,775.0,0.0,0.0,0.0,944.0,0.0,0.0,2577.0,0.0,2663.0,3216.0,3514.0,0.0,2606.0,2108.0
838.0,0.0,0.0,4637.0,3592.0,0.0,0.0,1220.0,0.0,0.0,2120.0,0.0,0.0,0.0,4315.0,4230.0,0.0,2134.0,3627.0,0.0,0.0,0.0,0.0,7913.0,0.0,2947.0,0.0,2781.0,2085.0,0.0,0.0,0.0,0.0,3357.0,6359.0,1167.0,815.0,1615.0,0.0,2641.0,1235.0,2792.0,0.0,0.0,0.0,2609.0,6187.0,0.0,0.0,2919.0,0.0,0.0,0.0,1739.0,0.0,3078.0,0.0,3576.0,0.0,0.0,0.0,0.0,0.0,0.0
5614.0,0.0,0.0,0.0,3534.0,1203.0,0.0,0.0,0.0,0.0,2090.0,0.0,773.0,0.0,0.0,0.0,0.0,0.0,0.0,4923.0,3418.0,0.0,0.0,3329.0,4905.0,2460.0,2405.0,0.0,1916.0,0.0,1742.0,0.0,0.0,3059.0,6170.0,3146.0,0.0,1861.0,2539.0,3539.0,1590.0,0.0,2722.0,3955.0,0.0,3461.0,0.0,0.0,0.0,2408.0,0.0,0.0,4415.0,0.0,0.0,0.0,1951.0,0.0,0.0,975.0,0.0,0.0,2618.0,1396.0
3798.0,1954.0,676.0,0.0,0.0,0.0,0.0,3226.0,0.0,1744.0,766.0,0.0,0.0,5730.0,0.0,5177.0,3472.0,4062.0,3661.0,3816.0,0.0,0.0,0.0,4436.0,0.0,0.0,0.0,2703.0,0.0,1917.0,2127.0,5261.0,1917.0,2077.0,0.0,0.0,0.0,1339.0,3577.0,1683.0,3841.0,0.0,0.0,0.0,0.0,0.0,4720.0,0.0,0.0,0.0,3826.0,0.0,4745.0,0.0,0.0,2600.0,3237.0,1679.0,3467.0,0.0,0.0,0.0,1107.0,0.0
2685.0,1807.0,2310.0,3382.0,2598.0,3596.0,2606.0,0.0,0.0,4307.0,0.0,0.0,2874.0,3313.0,0.0,5772.0,1936.0,2242.0,5021.0,1064.0,0.0,0.0,980.0,0.0,0.0,0.0,4352.0,0.0,0.0,2948.0,1463.0,3133.0,4081.0,0.0,4182.0,2142.0,0.0,0.0,3152.0,0.0,2234.0,0.0,3158.0,3173.0,1217.0,0.0,0.0,0.0,0.0,2706.0,6215.0,1090.0,1286.0,3804.0,0.0,0.0,4979.0,0.0,1538.0,6444.0,2150.0,1390.0,1249.0,2489.0
1670.0,0.0,3468.0,2032.0,0.0,0.0,0.0,2239.0,0.0,4625.0,1982.0,1684.0,0.0,0.0,1791.0,2884.0,0.0,1621.0,6517.0,5131.0,2219.0,1608.0,2853.0,1519.0,0.0,2419.0,0.0,0.0,7864.0,0.0,0.0,2103.0,0.0,0.0,0.0,0.0,5333.0,1807.0,0.0,8495.0,0.0,2826.0,0.0,3032.0,0.0,0.0,1698.0,0.0,2939.0,0.0,2816.0,2282.0,0.0,1658.0,0.0,2786.0,1209.0,5775.0,0.0,4172.0,1109.0,0.0,1601.0,3364.0
1829.0,2364.0,0.0,8596.0,3556.0,0.0,0.0,0.0,0.0,2256.0,2479.0,4928.0,0.0,1909.0,2811.0,0.0,1268.0,6757.0,0.0,5767.0,2702.0,1204.0,0.0,2152.0,0.0,0.0,0.0,3373.0,2235.0,1647.0,3321.0,6068.0,0.0,992.0,0.0,0.0,3287.0,3459.0,5921.0,2620.0,6677.0,0.0,2020.0,7534.0,0.0,0.0,6834.0,2397.0,0.0,0.0,4449.0,3464.0,4010.0,2743.0,0.0,2608.0,5060.0,6159.0,0.0,0.0,1388.0,3241.0,12664.0,1314.0
10425.0,3390.0,5807.0,1903.0,1395.0,1801.0,0.0,4928.0,3937.0,8697.0,0.0,0.0,6120.0,0.0,2239.0,4802.0,0.0,0.0,7208.0,1605.0,3801.0,0.0,0.0,0.0,0.0,4759.0,3002.0,2667.0,1698.0,1623.0,0.0,2035.0,0.0,2351.0,7177.0,1396.0,5920.0,7864.0,2576.0,1985.0,0.0,5210.0,1674.0,0.0,0.0,3487.0,0.0,0.0,4057.0,7677.0,4432.0,5130.0,1852.0,0.0,3325.0,0.0,5616.0,0.0,2123.0,0.0,0.0,0.0,2897.0,0.0
3493.0,4479.0,0.0,4499.0,0.0,858.0,1638.0,6410.0,2866.0,2109.0,8463.0,3496.0,11589.0,3726.0,6797.0,0.0,5613.0,2508.0,6049.0,3164.0,3728.0,4617.0,0.0,5173.0,2415.0,9178.0,16058.0,6165.0,0.0,3258.0,2801.0,0.0,2951.0,7007.0,2549.0,1837.0,2011.0,0.0,5681.0,3382.0,0.0,4085.0,3327.0,2162.0,9960.0,3264.0,6425.0,0.0,2343.0,0.0,0.0,2773.0,4906.0,5740.0,4268.0,0.0,0.0,0.0,2141.0,0.0,2459.0,7735.0,8124.0,5970.0
0.0,0.0,4677.0,5085.0,2092.0,0.0,0.0,6893.0,5694.0,3750.0,0.0,0.0,0.0,8053.0,4272.0,2927.0,0.0,7174.0,1628.0,2812.0,11505.0,14208.0,10028.0,1994.0,6555.0,8088.0,7778.0,4458.0,9226.0,2755.0,10009.0,7797.0,1692.0,2898.0,5565.0,9934.0,3472.0,3221.0,0.0,5331.0,3058.0,0.0,4222.0,0.0,5520.0,6653.0,3363.0,5792.0,5170.0,0.0,3972.0,0.0,1821.0,1892.0,2519.0,2870.0,2693.0,14420.0,1463.0,0.0,2952.0,3343.0,11903.0,3378.0
7159.0,0.0,7017.0,0.0,6311.0,8355.0,9743.0,3002.0,3905.0,6057.0,3373.0,5067.0,9024.0,8588.0,2262.0,0.0,5182.0,12404.0,6539.0,5864.0,4660.0,6085.0,3607.0,3050.0,6032.0,2573.0,1944.0,6345.0,0.0,0.0,5394.0,2162.0,6380.0,0.0,2183.0,5065.0,2087.0,1577.0,6639.0,0.0,8675.0,3683.0,0.0,8338.0,6062.0,10043.0,9056.0,2963.0,2124.0,15328.0,3699.0,0.0,5068.0,4519.0,2645.0,6026.0,5061.0,4357.0,3400.0,9950.0,4326.0,7979.0,2769.0,0.0
0.0,7212.0,1945.0,4912.0,10820.0,17382.0,2604.0,0.0,6193.0,4177.0,10932.0,11159.0,11865.0,13102.0,22345.0,10419.0,13480.0,6641.0,5107.0,13649.0,7660.0,8903.0,3271.0,5082.0,7981.0,7867.0,5689.0,2540.0,8016.0,0.0,1423.0,8352.0,2500.0,14510.0,8399.0,6118.0,12012.0,2473.0,1639.0,6768.0,7081.0,0.0,9228.0,2599.0,11380.0,5794.0,5990.0,13507.0,7728.0,0.0,7244.0,9923.0,11637.0,4620.0,8320.0,5643.0,8453.0,7010.0,3133.0,14222.0,1997.0,0.0,12185.0,0.0
12089.0,6008.0,10487.0,9559.0,5165.0,1675.0,15893.0,4148.0,13710.0,0.0,2497.0,9695.0,6447.0,13894.0,15583.0,3177.0,3201.0,9588.0,16968.0,5178.0,13610.0,5672.0,5394.0,2269.0,12065.0,7407.0,1703.0,4253.0,10962.0,2532.0,8443.0,3254.0,3146.0,9246.0,3161.0,9465.0,4066.0,6290.0,10601.0,4917.0,6379.0,3272.0,11150.0,6820.0,9421.0,0.0,2314.0,2897.0,9386.0,3592.0,5585.0,7724.0,4993.0,9920.0,4951.0,0.0,3382.0,13436.0,13509.0,15031.0,0.0,8795.0,3360.0,18101.0
8649.0,8796.0,10284.0,12261.0,0.0,2013.0,2817.0,12342.0,9992.0,19450.0,1977.0,12986.0,2619.0,6546.0,11838.0,8668.0,10863.0,12790.0,9346.0,13951.0,8708.0,7291.0,9238.0,8646.0,9278.0,7044.0,6878.0,0.0,11730.0,18357.0,8581.0,5854.0,5851.0,4983.0,20090.0,1971.0,11492.0,5765.0,8935.0,6917.0,9183.0,2261.0,21679.0,5207.0,6748.0,2562.0,4301.0,3039.0,10435.0,1746.0,16259.0,3509.0,6011.0,9909.0,2876.0,3724.0,3304.0,10173.0,7366.0,5703.0,11608.0,1445.0,2495.0,14858.0
8763.0,6284.0,11760.0,2566.0,9220.0,7424.0,5705.0,2499.0,10336.0,13389.0,13862.0,11947.0,16682.0,2242.0,2687.0,7992.0,8990.0,3758.0,9764.0,8044.0,5459.0,13792.0,11236.0,4611.0,7580.0,2875.0,0.0,6875.0,6959.0,6089.0,17407.0,3595.0,2192.0,10500.0,13812.0,10164.0,12056.0,3830.0,15701.0,13164.0,20340.0,3464.0,14092.0,33001.0,7044.0,12604.0,4679.0,16158.0,10878.0,6113.0,2032.0,7626.0,8460.0,5431.0,17138.0,10310.0,2802.0,4797.0,8256.0,7616.0,12162.0,28315.0,18195.0,9728.0
10039.0,12968.0,5533.0,5977.0,2522.0,4477.0,10674.0,7257.0,10300.0,9654.0,7531.0,4601.0,6765.0,3688.0,12629.0,9362.0,0.0,17193.0,4096.0,15849.0,12522.0,20032.0,2930.0,9317.0,5278.0,14313.0,6231.0,0.0,15138.0,10636.0,7647.0,16418.0,11406.0,6396.0,3873.0,7469.0,11929.0,14099.0,3311.0,11734.0,4375.0,9352.0,9585.0,0.0,0.0,8061.0,12110.0,10490.0,13616.0,6603.0,15493.0,11245.0,8708.0,3836.0,5304.0,9296.0,12454.0,3585.0,14586.0,9005.0,7275.0,9328.0,5163.0,15604.0
6379.0,25421.0,21482.0,4717.0,25133.0,11553.0,12978.0,14798.0,14257.0,17875.0,16703.0,4024.0,8024.0,13623.0,9137.0,5162.0,10550.0,15213.0,16979.0,11802.0,15472.0,18425.0,13589.0,6663.0,8122.0,5603.0,14180.0,7953.0,9418.0,7197.0,3161.0,22367.0,7107.0,13453.0,12039.0,7477.0,14689.0,5013.0,10755.0,12841.0,11307.0,18435.0,25123.0,2376.0,14598.0,10813.0,19914.0,17352.0,9398.0,15755.0,5300.0,6496.0,22456.0,8944.0,3989.0,15221.0,8650.0,0.0,18009.0,14710.0,22783.0,15166.0,12175.0,12436.0
13700.0,13222.0,18266.0,5152.0,14450.0,11148.0,6557.0,8937.0,13553.0,16873.0,6523.0,9113.0,15930.0,5500.0,7112.0,6098.0,3090.0,11033.0,0.0,8540.0,7388.0,6187.0,9596.0,10920.0,7841.0,25620.0,11858.0,15024.0,8406.0,5431.0,4768.0,14759.0,12398.0,0.0,948.0,7351.0,11662.0,4307.0,10713.0,13075.0,19228.0,13007.0,10514.0,6596.0,3984.0,10411.0,16401.0,3099.0,3889.0,26848.0,11836.0,5034.0,15007.0,14963.0,8092.0,4029.0,18773.0,12969.0,9246.0,12731.0,11059.0,4626.0,11482.0,23888.0
15456.0,4978.0,6477.0,4107.0,11950.0,15021.0,3317.0,13580.0,20846.0,6934.0,11851.0,8933.0,10175.0,7442.0,11335.0,6436.0,12594.0,7716.0,15883.0,8032.0,11775.0,13504.0,11455.0,13591.0,3274.0,9013.0,7641.0,10984.0,5000.0,33264.0,9855.0,8427.0,2090.0,8391.0,6750.0,5822.0,0.0,5709.0,11156.0,10878.0,7510.0,29493.0,0.0,11962.0,4043.0,10735.0,7776.0,4764.0,23795.0,9503.0,9645.0,6263.0,6500.0,15619.0,9025.0,13183.0,18911.0,10349.0,12082.0,7232.0,7670.0,2459.0,8297.0,5943.0
12047.0,7528.0,13797.0,8876.0,8531.0,0.0,4926.0,13642.0,0.0,6935.0,5026.0,12304.0,4839.0,14148.0,8571.0,11104.0,14754.0,6959.0,11547.0,10875.0,11159.0,12904.0,5245.0,12437.0,8648.0,8509.0,12737.0,7862.0,7798.0,12043.0,0.0,0.0,13037.0,6842.0,7009.0,7096.0,10987.0,3315.0,6195.0,7213.0,10612.0,11064.0,9484.0,17628.0,3579.0,10293.0,5441.0,5273.0,5928.0,3815.0,9399.0,9302.0,11107.0,6476.0,5012.0,3061.0,16174.0,18264.0,8175.0,11578.0,7117.0,12410.0,14035.0,10354.0
13938.0,6402.0,13084.0,4788.0,9015.0,9195.0,7405.0,9919.0,6373.0,10563.0,3191.0,18425.0,5902.0,10294.0,0.0,15840.0,4178.0,11427.0,5929.0,7867.0,4906.0,2190.0,11641.0,2859.0,5142.0,2838.0,5000.0,7985.0,6815.0,1341.0,7680.0,11270.0,6454.0,16200.0,6995.0,2709.0,8927.0,17157.0,11056.0,5146.0,4084.0,11256.0,4574.0,11791.0,7414.0,0.0,5325.0,8622.0,8336.0,0.0,5524.0,8184.0,11809.0,5816.0,9975.0,5031.0,11401.0,9065.0,6605.0,9257.0,3558.0,2751.0,14226.0,6550.0
4843.0,0.0,0.0,19310.0,7679.0,0.0,10671.0,7484.0,0.0,2470.0,9621.0,6496.0,0.0,6683.0,6256.0,6630.0,12947.0,0.0,3073.0,2817.0,6841.0,7067.0,0.0,6884.0,2138.0,4491.0,3614.0,3450.0,2874.0,4374.0,11544.0,11846.0,5479.0,2887.0,6618.0,5603.0,2931.0,8140.0,9327.0,13694.0,6217.0,2912.0,8868.0,5472.0,1166.0,4196.0,0.0,3171.0,9160.0,14738.0,4782.0,2199.0,6998.0,8566.0,1993.0,3662.0,0.0,9059.0,9576.0,7316.0,2919.0,7042.0,2812.0,6859.0
7828.0,3211.0,2451.0,1650.0,4481.0,16458.0,5116.0,8635.0,0.0,7708.0,2762.0,3265.0,2171.0,7590.0,9487.0,7436.0,3103.0,10965.0,2220.0,7956.0,4544.0,6596.0,3186.0,5481.0,8021.0,2387.0,6084.0,8004.0,12509.0,6932.0,5338.0,2409.0,5503.0,14836.0,4847.0,12918.0,13711.0,0.0,7588.0,5907.0,2464.0,3566.0,5524.0,13683.0,2388.0,9187.0,0.0,15545.0,8844.0,0.0,5863.0,4575.0,2540.0,3163.0,6988.0,7899.0,0.0,6760.0,6678.0,5485.0,6873.0,4698.0,3919.0,5203.0
11138.0,1911.0,0.0,6390.0,4196.0,5614.0,11327.0,6258.0,5582.0,0.0,2216.0,7990.0,4698.0,2102.0,5829.0,7786.0,4785.0,6466.0,6448.0,16482.0,7779.0,2482.0,1753.0,6651.0,11307.0,2057.0,4475.0,11207.0,5472.0,2615.0,3076.0,0.0,6073.0,819.0,4475.0,9808.0,7047.0,10274.0,3149.0,6996.0,6455.0,1404.0,0.0,7908.0,9178.0,1985.0,3444.0,3483.0,0.0,0.0,5654.0,9026.0,2668.0,4263.0,2264.0,5891.0,0.0,9294.0,0.0,9449.0,0.0,4540.0,5500.0,6425.0
4837.0,1428.0,0.0,12546.0,3955.0,12831.0,2412.0,5214.0,2507.0,5367.0,4063.0,4022.0,8917.0,7655.0,6849.0,0.0,8567.0,0.0,2173.0,2441.0,929.0,6573.0,5627.0,7288.0,0.0,4185.0,1434.0,0.0,4719.0,10577.0,2816.0,1842.0,5297.0,1379.0,3265.0,8345.0,6098.0,5020.0,6701.0,5831.0,0.0,0.0,0.0,0.0,0.0,1805.0,3482.0,0.0,0.0,0.0,9171.0,2621.0,2436.0,2082.0,5706.0,0.0,2103.0,16613.0,2943.0,3679.0,2205.0,10182.0,10757.0,6346.0
5789.0,6534.0,8895.0,0.0,0.0,0.0,2088.0,0.0,1490.0,5406.0,3681.0,0.0,5137.0,1859.0,0.0,8982.0,0.0,2539.0,0.0,2683.0,2290.0,9005.0,3390.0,0.0,13728.0,3245.0,0.0,0.0,2713.0,2300.0,6236.0,7683.0,3780.0,6297.0,1267.0,3963.0,5630.0,10440.0,0.0,0.0,8503.0,3480.0,5717.0,5011.0,3253.0,3873.0,4931.0,8442.0,7353.0,0.0,0.0,0.0,2546.0,6517.0,3603.0,3168.0,3874.0,3678.0,0.0,9403.0,2001.0,0.0,8966.0,13810.0
5170.0,6704.0,0.0,2941.0,0.0,1955.0,1846.0,3327.0,0.0,2838.0,2554.0,5482.0,2578.0,3973.0,0.0,0.0,4026.0,16533.0,2586.0,2146.0,2341.0,2675.0,3201.0,2786.0,0.0,2232.0,4018.0,0.0,0.0,13055.0,6988.0,9053.0,0.0,2499.0,3478.0,0.0,2859.0,4722.0,4162.0,0.0,0.0,1922.0,3411.0,0.0,3693.0,2761.0,3881.0,0.0,2182.0,3320.0,2146.0,5311.0,0.0,5335.0,5538.0,5129.0,2423.0,7043.0,1551.0,6146.0,10380.0,0.0,4243.0,6218.0
4271.0,689.0,1704.0,5468.0,3064.0,0.0,1357.0,2874.0,7233.0,5167.0,3282.0,0.0,4864.0,0.0,0.0,2655.0,0.0,0.0,0.0,4160.0,0.0,0.0,0.0,0.0,2027.0,0.0,2185.0,0.0,0.0,2274.0,0.0,0.0,3024.0,0.0,0.0,2227.0,1863.0,1934.0,911.0,0.0,0.0,0.0,0.0,0.0,0.0,5074.0,4969.0,0.0,2869.0,1441.0,0.0,9475.0,0.0,1358.0,0.0,0.0,0.0,6792.0,3564.0,4602.0,0.0,4588.0,0.0,6022.0
2837.0,0.0,0.0,4512.0,0.0,0.0,3732.0,2452.0,1606.0,0.0,2764.0,2899.0,6362.0,3891.0,0.0,2598.0,5085.0,0.0,3174.0,1359.0,1039.0,0.0,0.0,0.0,8407.0,5624.0,1319.0,2972.0,3943.0,0.0,3044.0,5173.0,1594.0,3427.0,0.0,0.0,0.0,0.0,3154.0,3864.0,0.0,2168.0,7827.0,0.0,0.0,3801.0,4223.0,0.0,5819.0,0.0,0.0,0.0,0.0,1859.0,3039.0,3528.0,1566.0,0.0,10476.0,0.0,0.0,3791.0,0.0,1919.0
828.0,6080.0,0.0,8172.0,0.0,3048.0,0.0,0.0,0.0,0.0,0.0,2474.0,0.0,0.0,2233.0,5042.0,1365.0,0.0,0.0,3165.0,5446.0,3046.0,3438.0,0.0,0.0,1346.0,4488.0,3365.0,1655.0,0.0,2877.0,867.0,0.0,0.0,1188.0,0.0,0.0,3215.0,0.0,3299.0,5747.0,1343.0,0.0,0.0,2465.0,0.0,4576.0,0.0,0.0,4093.0,1017.0,4789.0,0.0,0.0,1723.0,0.0,3707.0,0.0,0.0,0.0,0.0,0.0,2337.0,5117.0
0.0,0.0,4981.0,0.0,1124.0,2532.0,542.0,4141.0,3294.0,0.0,0.0,3525.0,2496.0,3313.0,0.0,0.0,0.0,0.0,2084.0,0.0,2911.0,0.0,0.0,3985.0,1911.0,1881.0,0.0,4803.0,0.0,0.0,1663.0,4256.0,0.0,3283.0,0.0,1649.0,0.0,0.0,0.0,0.0,7258.0,0.0,3828.0,0.0,1668.0,0.0,0.0,2564.0,0.0,0.0,0.0,3456.0,2590.0,0.0,0.0,0.0,0.0,0.0,0.0,1917.0,0.0,1923.0,0.0,2876.0
3212.0,0.0,2310.0,5047.0,0.0,4333.0,0.0,0.0,6005.0,4567.0,0.0,3452.0,3844.0,0.0,0.0,0.0,0.0,2073.0,1467.0,5110.0,1568.0,4451.0,2022.0,1512.0,0.0,5691.0,4653.0,1257.0,0.0,0.0,1658.0,1672.0,0.0,0.0,4732.0,0.0,0.0,0.0,0.0,3945.0,0.0,0.0,0.0,1635.0,5598.0,0.0,0.0,2890.0,0.0,0.0,0.0,801.0,0.0,3567.0,0.0,0.0,0.0,0.0,0.0,4797.0,0.0,0.0,0.0,0.0
3336.0,0.0,1096.0,0.0,3995.0,0.0,0.0,0.0,989.0,2036.0,2707.0,0.0,3316.0,3619.0,0.0,0.0,2757.0,0.0,5677.0,0.0,1812.0,3737.0,0.0,0.0,0.0,0.0,0.0,0.0,0.0,567.0,8295.0,0.0,2019.0,820.0,0.0,0.0,0.0,4279.0,2035.0,3503.0,2307.0,3450.0,0.0,0.0,0.0,0.0,5107.0,2706.0,0.0,5817.0,2012.0,0.0,0.0,0.0,0.0,2524.0,0.0,0.0,0.0,2927.0,2232.0,3585.0,0.0,1618.0
3377.0,1939.0,0.0,0.0,0.0,0.0,0.0,0.0,2193.0,0.0,0.0,0.0,0.0,2203.0,0.0,3508.0,0.0,4155.0,910.0,0.0,0.0,3031.0,0.0,0.0,0.0,0.0,0.0,3344.0,0.0,1234.0,1770.0,1739.0,0.0,0.0,763.0,0.0,2200.0,2166.0,716.0,0.0,0.0,0.0,4668.0,1233.0,0.0,0.0,0.0,0.0,0.0,1618.0,2567.0,0.0,0.0,6274.0,1062.0,2168.0,0.0,2589.0,0.0,0.0,2367.0,1527.0,0.0,0.0
2535.0,0.0,0.0,3130.0,0.0,3233.0,0.0,2866.0,0.0,369.0,3647.0,0.0,0.0,0.0,2982.0,0.0,2430.0,0.0,0.0,0.0,0.0,2952.0,0.0,0.0,2274.0,1768.0,0.0,0.0,0.0,0.0,0.0,0.0,0.0,0.0,4516.0,5421.0,0.0,0.0,0.0,0.0,2510.0,0.0,2140.0,0.0,0.0,0.0,1740.0,0.0,0.0,0.0,0.0,0.0,0.0,0.0,0.0,0.0,3270.0,1880.0,0.0,1470.0,0.0,0.0,0.0,0.0
0.0,0.0,0.0,0.0,0.0,849.0,0.0,0.0,0.0,621.0,0.0,0.0,0.0,1338.0,0.0,0.0,0.0,0.0,0.0,3207.0,0.0,0.0,0.0,0.0,642.0,4346.0,4006.0,0.0,3025.0,0.0,739.0,0.0,0.0,2013.0,0.0,0.0,0.0,0.0,0.0,0.0,0.0,0.0,0.0,0.0,2857.0,0.0,0.0,0.0,0.0,0.0,0.0,1344.0,0.0,0.0,0.0,0.0,0.0,0.0,1972.0,0.0,0.0,0.0,2341.0,0.0
3350.0,0.0,0.0,1285.0,1289.0,0.0,1124.0,0.0,972.0,1359.0,0.0,0.0,1492.0,2621.0,0.0,0.0,727.0,2343.0,0.0,5788.0,0.0,1724.0,0.0,0.0,0.0,1374.0,0.0,2753.0,2461.0,0.0,2491.0,0.0,0.0,0.0,0.0,0.0,0.0,0.0,0.0,0.0,3680.0,0.0,0.0,0.0,0.0,0.0,0.0,0.0,1943.0,1164.0,2063.0,0.0,7532.0,3376.0,0.0,0.0,0.0,0.0,0.0,0.0,0.0,2797.0,0.0,0.0
