track_idx,event_id,n_hits,n_obs,kx,ky,kz,k_sr,k_helix,old_log_ratio,old_chi2nu_sr,old_chi2nu_helix,chi2_sr_total_recovered,chi2_helix_total_recovered,chi2nu_sr_K,chi2nu_helix_K,log_ratio_K,eq_x,eq_y,eq_z,dof_sr_raw,underconstrained,sr_like
4,event65017_track0-hits,25,75,21,21,21,63,5,-50.97673530781377,2.1910499439603033e-22,3.0169431517295333,1.6213769585306246e-20,226.270736379715,1.3511474654421871e-21,3.2324390911387857,-49.22656973588455,$x(s) = a_{14} \sin{\left(\cos{\left(a_{12} s + 3.19564213142574 \right)} \right)} + a_{16} + a_{6} \cos{\left(a_{17} s \right)} + a_{7} \sin{\left(a_{18} s \right)} + \left(a_{15} s + 4.98154578530752\right) \left(4 s \left(a_{1} s \operatorname{asin}{\left(\operatorname{asin}{\left(\tanh{\left(s \right)} \right)} \right)} + a_{10} s \left(s + 0.0134870156781597\right) \left(a_{11} - 0.017503085789641 s \tanh{\left(\sin{\left(4 s \right)} \right)} - 0.450614826294794 \sqrt{1 - s^{2}}\right) + a_{2} \sqrt{\sqrt{s} + \operatorname{asin}{\left(s \right)}} + a_{9}\right) + \left(a_{3} + 4 s\right) \left(a_{4} + a_{5} \sqrt{s} + a_{8} \sin{\left(a_{13} s \right)}\right) - \tanh{\left(\operatorname{asin}{\left(\operatorname{sech}{\left(5.6839434852917 s \right)} \right)} \right)}\right) + 0.000668810464601903 \sin{\left(a_{19} s \right)} + 0.00289842149959624 \sin{\left(s \left(a_{0} + \operatorname{acos}{\left(s \right)}\right) \right)} + 0.000623964504492596 \cos{\left(a_{20} s \right)} - 0.49633536500747 \operatorname{asin}{\left(\cos{\left(\operatorname{acos}{\left(s \right)} - 0.802742285270038 \right)} \right)}$,$y(s) = a_{14} \sin{\left(\cos{\left(a_{10} + 4.30674369656515 s \right)} \right)} + a_{16} + a_{4} \cos{\left(a_{20} s \right)} + a_{5} \sin{\left(a_{19} s \right)} + \left(a_{11} + a_{15} s\right) \left(4 s \left(a_{1} s \operatorname{asin}{\left(\operatorname{asin}{\left(\tanh{\left(s \right)} \right)} \right)} + a_{8} + a_{9} s \left(a_{7} + s\right) \left(a_{12} - 0.0163348612181324 s \tanh{\left(\sin{\left(4 s \right)} \right)} - 0.455016066205459 \sqrt{1 - s^{2}}\right) - 5.80207456348123 \sqrt{\sqrt{s} + \operatorname{asin}{\left(s \right)}}\right) + \left(a_{2} + 4 s\right) \left(a_{6} \sin{\left(a_{13} s \right)} + 0.603433259507675 \sqrt{s} + 2.67458549611742\right) - \tanh{\left(\operatorname{asin}{\left(\operatorname{sech}{\left(5.65077849988401 s \right)} \right)} \right)}\right) - 0.000334426650014709 \sin{\left(a_{18} s \right)} + 0.00278916735581463 \sin{\left(s \left(a_{0} + \operatorname{acos}{\left(s \right)}\right) \right)} + 0.00373359883408793 \cos{\left(a_{17} s \right)} - 0.479013271010752 \operatorname{asin}{\left(\cos{\left(a_{3} + \operatorname{acos}{\left(s \right)} \right)} \right)}$,$z(s) = a_{14} \sin{\left(\cos{\left(a_{12} s + 3.19908372347864 \right)} \right)} + a_{16} + a_{4} \sin{\left(s \left(a_{0} + \operatorname{acos}{\left(s \right)}\right) \right)} + a_{5} \cos{\left(a_{17} s \right)} + a_{6} \cos{\left(a_{20} s \right)} + a_{7} \sin{\left(a_{18} s \right)} + a_{8} \sin{\left(a_{19} s \right)} + \left(a_{15} s + 4.95693844355651\right) \left(4 s \left(a_{1} s \operatorname{asin}{\left(\operatorname{asin}{\left(\tanh{\left(s \right)} \right)} \right)} + a_{10} s \left(s + 0.0165277213916615\right) \left(a_{11} - 0.0170953672188301 s \tanh{\left(\sin{\left(4 s \right)} \right)} - 0.45186637110654 \sqrt{1 - s^{2}}\right) + a_{2} \sqrt{\sqrt{s} + \operatorname{asin}{\left(s \right)}} + 2.6101696562203\right) + \left(a_{3} + 4 s\right) \left(a_{9} \sin{\left(a_{13} s \right)} + 0.599451678286101 \sqrt{s} + 2.63175897944836\right) - \tanh{\left(\operatorname{asin}{\left(\operatorname{sech}{\left(5.67300314508095 s \right)} \right)} \right)}\right) - 0.492161174249544 \operatorname{asin}{\left(\cos{\left(\operatorname{acos}{\left(s \right)} - 0.802732791241311 \right)} \right)}$,12,False,True
2,event65005_track263-hits,21,63,17,17,17,51,5,-49.12691587482609,5.548214080756797e-23,0.12014388950485577,3.439892730069214e-21,7.569065038805913,2.866577275057678e-22,0.13050112135872263,-47.56737985541411,$x(s) = a_{1} \operatorname{asin}{\left(\cos{\left(\operatorname{acos}{\left(s \right)} - 0.736340939839518 \right)} \right)} + a_{12} + a_{4} \cos{\left(a_{16} s \right)} + \left(a_{11} s + 2.55659335767185\right) \left(4 s \left(a_{2} s \operatorname{asin}{\left(\operatorname{asin}{\left(\tanh{\left(s \right)} \right)} \right)} + a_{7} + 5.14597468033708 s \left(a_{6} + s\right) \left(a_{9} + 1.83973675632703 s \tanh{\left(\sin{\left(4 s \right)} \right)} - 0.63082757380323 \sqrt{1 - s^{2}}\right) - 8.67174376900703 \sqrt{\sqrt{s} + \operatorname{asin}{\left(s \right)}}\right) + \left(4 s + 0.31512635295867\right) \left(a_{3} \sqrt{s} + a_{5} \sin{\left(a_{10} s \right)} - 4.10091613694058\right) - \tanh{\left(\operatorname{asin}{\left(\operatorname{sech}{\left(6.78142186136302 s \right)} \right)} \right)}\right) + 0.228582408315852 \sin{\left(a_{14} s \right)} + 0.480518574564175 \sin{\left(a_{15} s \right)} - 0.195923042798718 \sin{\left(s \left(a_{0} + \operatorname{acos}{\left(s \right)}\right) \right)} + 17.2315734096977 \sin{\left(\cos{\left(a_{8} + 5.77673245399326 s \right)} \right)} - 0.115657661847061 \cos{\left(a_{13} s \right)}$,$y(s) = a_{1} \operatorname{asin}{\left(\cos{\left(\operatorname{acos}{\left(s \right)} - 1.01750634690135 \right)} \right)} + a_{6} \cos{\left(a_{16} s \right)} + a_{7} \sin{\left(a_{15} s \right)} + a_{8} \sin{\left(a_{14} s \right)} + \left(a_{12} s + 2.11398467089089\right) \left(4 s \left(a_{2} s \operatorname{asin}{\left(\operatorname{asin}{\left(\tanh{\left(s \right)} \right)} \right)} + a_{9} + 4.56927226947577 s \left(s - 0.413943260566692\right) \left(a_{4} \sqrt{1 - s^{2}} + 0.1890173492261 s \tanh{\left(\sin{\left(4 s \right)} \right)} + 6.39563332685408\right) - 3.12390212852213 \sqrt{\sqrt{s} + \operatorname{asin}{\left(s \right)}}\right) + \left(a_{3} + 4 s\right) \left(a_{5} \sin{\left(12.5934581428372 s \right)} - 0.031001128741536 \sqrt{s} - 1.19753397602008\right) - \tanh{\left(\operatorname{asin}{\left(\operatorname{sech}{\left(a_{11} s \right)} \right)} \right)}\right) + 0.0684758799774723 \sin{\left(s \left(a_{0} + \operatorname{acos}{\left(s \right)}\right) \right)} + 9.46442195538386 \sin{\left(\cos{\left(a_{10} s + 0.732360850339024 \right)} \right)} + 0.158214878156594 \cos{\left(a_{13} s \right)} + 25.2226120271613$,$z(s) = a_{10} \sin{\left(\cos{\left(a_{8} + 5.78909342491929 s \right)} \right)} + a_{12} + a_{3} \cos{\left(a_{13} s \right)} + a_{4} \sin{\left(a_{14} s \right)} + a_{5} \sin{\left(a_{15} s \right)} + \left(a_{11} s + 2.47853707736971\right) \left(4 s \left(a_{1} s \operatorname{asin}{\left(\operatorname{asin}{\left(\tanh{\left(s \right)} \right)} \right)} + a_{6} + a_{7} s \left(s - 0.322299773891525\right) \left(a_{9} + 1.87647149588982 s \tanh{\left(\sin{\left(4 s \right)} \right)} - 0.628009836002612 \sqrt{1 - s^{2}}\right) - 8.67705666356408 \sqrt{\sqrt{s} + \operatorname{asin}{\left(s \right)}}\right) + \left(4 s + 0.377677569611902\right) \left(a_{2} \sqrt{s} - 0.464613729489579 \sin{\left(9.90085533995234 s \right)} - 3.88937135721044\right) - \tanh{\left(\operatorname{asin}{\left(\operatorname{sech}{\left(6.77024535744218 s \right)} \right)} \right)}\right) - 0.20153715743497 \sin{\left(s \left(a_{0} + \operatorname{acos}{\left(s \right)}\right) \right)} + 0.508255133091513 \cos{\left(a_{16} s \right)} - 15.5801637549853 \operatorname{asin}{\left(\cos{\left(\operatorname{acos}{\left(s \right)} - 0.735807509354454 \right)} \right)}$,12,False,True
9,event65031_track6-hits,25,75,21,21,21,63,5,-49.24683162258717,2.419733288469735e-22,0.5907377493614813,1.7906026334676037e-20,44.3053312021111,1.4921688612230032e-21,0.6329333028873014,-47.49666605065796,$x(s) = a_{1} \operatorname{asin}{\left(\cos{\left(\operatorname{acos}{\left(s \right)} - 0.915314006622751 \right)} \right)} + a_{13} \sin{\left(\cos{\left(8.75665539333768 s + 2.03144772700662 \right)} \right)} + a_{16} + a_{6} \cos{\left(a_{20} s \right)} + a_{7} \sin{\left(a_{19} s \right)} + a_{8} \sin{\left(a_{18} s \right)} + \left(a_{15} s + 1.93773206079455\right) \left(4 s \left(a_{10} s \left(s + 1.43895103303591\right) \left(a_{11} + a_{9} s \tanh{\left(\sin{\left(4 s \right)} \right)} - 0.384873037157212 \sqrt{1 - s^{2}}\right) + a_{2} s \operatorname{asin}{\left(\operatorname{asin}{\left(\tanh{\left(s \right)} \right)} \right)} + a_{3} \sqrt{\sqrt{s} + \operatorname{asin}{\left(s \right)}} + 3.52583047596469\right) + \left(a_{4} + 4 s\right) \left(a_{5} - 5.79648437723717 \sqrt{s} - 1.1083029000286 \sin{\left(a_{12} s \right)}\right) - \tanh{\left(\operatorname{asin}{\left(\operatorname{sech}{\left(a_{14} s \right)} \right)} \right)}\right) - 0.0667114521512845 \sin{\left(s \left(a_{0} + \operatorname{acos}{\left(s \right)}\right) \right)} - 0.140990979178872 \cos{\left(a_{17} s \right)}$,$y(s) = a_{1} \operatorname{asin}{\left(\cos{\left(\operatorname{acos}{\left(s \right)} - 0.915314014294022 \right)} \right)} + a_{13} \sin{\left(\cos{\left(a_{11} s + 2.0314489774102 \right)} \right)} + a_{16} + a_{8} \cos{\left(a_{17} s \right)} + \left(a_{15} s + 1.93818818193336\right) \left(4 s \left(a_{2} s \operatorname{asin}{\left(\operatorname{asin}{\left(\tanh{\left(s \right)} \right)} \right)} + a_{3} \sqrt{\sqrt{s} + \operatorname{asin}{\left(s \right)}} + 1.98732802882789 s \left(s + 1.43816750823395\right) \left(a_{10} + a_{6} \sqrt{1 - s^{2}} - 0.470820194235022 s \tanh{\left(\sin{\left(4 s \right)} \right)}\right) + 3.51900184531344\right) + \left(a_{4} + 4 s\right) \left(a_{5} + a_{7} \sin{\left(a_{12} s \right)} + a_{9} \sqrt{s}\right) - \tanh{\left(\operatorname{asin}{\left(\operatorname{sech}{\left(a_{14} s \right)} \right)} \right)}\right) - 0.0717280539506557 \sin{\left(a_{18} s \right)} - 0.0396453268569711 \sin{\left(a_{19} s \right)} - 0.0667105403056743 \sin{\left(s \left(a_{0} + \operatorname{acos}{\left(s \right)}\right) \right)} - 0.0203121128673151 \cos{\left(a_{20} s \right)}$,$z(s) = a_{1} \operatorname{asin}{\left(\cos{\left(\operatorname{acos}{\left(s \right)} - 0.915314032001482 \right)} \right)} + a_{13} \sin{\left(\cos{\left(8.75653642226084 s + 2.03150674112907 \right)} \right)} + a_{16} + a_{5} \cos{\left(a_{17} s \right)} + a_{6} \cos{\left(a_{20} s \right)} + a_{7} \sin{\left(a_{19} s \right)} + a_{8} \sin{\left(s \left(a_{0} + \operatorname{acos}{\left(s \right)}\right) \right)} + \left(a_{15} s + 1.93705973542414\right) \left(4 s \left(a_{10} s \left(s + 1.44039478333508\right) \left(a_{11} - 0.470085290294063 s \tanh{\left(\sin{\left(4 s \right)} \right)} - 0.385080888092608 \sqrt{1 - s^{2}}\right) + a_{2} s \operatorname{asin}{\left(\operatorname{asin}{\left(\tanh{\left(s \right)} \right)} \right)} + a_{3} \sqrt{\sqrt{s} + \operatorname{asin}{\left(s \right)}} + a_{9}\right) + \left(4 s - 1.04996680644849\right) \left(a_{4} \sin{\left(a_{12} s \right)} - 5.79928893275676 \sqrt{s} + 2.72099243433849\right) - \tanh{\left(\operatorname{asin}{\left(\operatorname{sech}{\left(a_{14} s \right)} \right)} \right)}\right) - 0.0717111976066255 \sin{\left(a_{18} s \right)}$,12,False,True
1,event65003_track255-hits,22,66,18,18,18,54,5,-49.087690396162664,1.6380448733433991e-22,0.3410663419503605,1.0647291676732094e-20,22.510378568723795,8.872743063943412e-22,0.36902259948727534,-47.47699065390814,$x(s) = a_{1} \operatorname{asin}{\left(\cos{\left(\operatorname{acos}{\left(s \right)} - 0.93129327843408 \right)} \right)} + a_{10} \sin{\left(\cos{\left(a_{8} s - 0.133809081354028 \right)} \right)} + a_{13} + a_{3} \cos{\left(a_{14} s \right)} + a_{4} \sin{\left(a_{16} s \right)} + a_{5} \sin{\left(s \left(a_{0} + \operatorname{acos}{\left(s \right)}\right) \right)} + \left(a_{12} s + 0.907955552055597\right) \left(4 s \left(a_{2} s \operatorname{asin}{\left(\operatorname{asin}{\left(\tanh{\left(s \right)} \right)} \right)} + a_{6} + a_{7} s \left(s - 0.33930207514414\right) \left(- 0.118113894904939 s \tanh{\left(\sin{\left(4 s \right)} \right)} - 0.312175078458632 \sqrt{1 - s^{2}} + 6.10130987353907\right) - 3.69076636326257 \sqrt{\sqrt{s} + \operatorname{asin}{\left(s \right)}}\right) + \left(4 s - 2.19142244444154\right) \left(- 0.290479807909203 \sqrt{s} + 0.06962675836222 \sin{\left(a_{9} s \right)} + 0.184833293328888\right) - \tanh{\left(\operatorname{asin}{\left(\operatorname{sech}{\left(a_{11} s \right)} \right)} \right)}\right) - 0.0514820772926636 \sin{\left(a_{15} s \right)} - 0.179276819702576 \cos{\left(a_{17} s \right)}$,$y(s) = a_{1} \operatorname{asin}{\left(\cos{\left(\operatorname{acos}{\left(s \right)} - 0.589077918211861 \right)} \right)} + a_{5} \sin{\left(a_{13} s \right)} + a_{7} \sin{\left(a_{14} s \right)} + \left(0.337457135132126 s + 0.644841869912994\right) \cos{\left(\left(a_{16} + a_{3} s\right) \left(s - 2\right) + 0.480656874445153 \right)} + \left(a_{10} s + a_{11}\right) \left(4 s \left(a_{2} s \operatorname{asin}{\left(\operatorname{asin}{\left(\tanh{\left(s \right)} \right)} \right)} + a_{8} + 4 s \left(s + 0.544615481106133\right) \left(a_{6} s \tanh{\left(\sin{\left(4 s \right)} \right)} - 0.295263129406616 \sqrt{1 - s^{2}} + 4.3881436177828\right) - 6.22926808459485 \sqrt{s + \operatorname{asin}{\left(s \right)}}\right) + \left(2 s - 0.525579039520676\right) \left(0.605605315635087 \sqrt{s} - 0.00642627065930633 \sin{\left(a_{9} s \right)} - 4.25609708422807\right) - \tanh{\left(\operatorname{asin}{\left(\operatorname{sech}{\left(16.709205573202 s \right)} \right)} \right)}\right) - 0.0943377064194587 \sin{\left(s \left(a_{0} + \operatorname{acos}{\left(s \right)}\right) \right)} - 21.6067548150312 \sin{\left(\cos{\left(8.12055352481687 s - 0.513500502098409 \right)} \right)} + 0.139115487791874 \cos{\left(a_{12} s \right)} - 0.0342224048014472 \cos{\left(a_{15} s \right)} + 0.491060857979082 \tanh{\left(\left(a_{4} s + 8.09944455666487\right) \sin{\left(a_{17} s \right)} \right)}$,$z(s) = a_{1} \operatorname{asin}{\left(\cos{\left(\operatorname{acos}{\left(s \right)} - 0.931298780315917 \right)} \right)} + a_{10} \sin{\left(\cos{\left(a_{9} s - 0.133655917710935 \right)} \right)} + a_{13} + a_{6} \cos{\left(a_{17} s \right)} + \left(a_{12} s + 0.90933218709294\right) \left(4 s \left(a_{7} s \left(s - 0.339401981638928\right) \left(a_{4} \sqrt{1 - s^{2}} + a_{8} - 0.118022333497662 s \tanh{\left(\sin{\left(4 s \right)} \right)}\right) - 17.9404178843144 s \operatorname{asin}{\left(\operatorname{asin}{\left(\tanh{\left(s \right)} \right)} \right)} - 3.68936222093911 \sqrt{\sqrt{s} + \operatorname{asin}{\left(s \right)}} + 7.83644250090159\right) + \left(a_{2} + 4 s\right) \left(a_{3} + a_{5} \sin{\left(16.0614783096721 s \right)} - 0.28908113011242 \sqrt{s}\right) - \tanh{\left(\operatorname{asin}{\left(\operatorname{sech}{\left(a_{11} s \right)} \right)} \right)}\right) - 0.0514648875734362 \sin{\left(a_{15} s \right)} - 0.164097422933427 \sin{\left(a_{16} s \right)} - 0.0758469578984615 \sin{\left(s \left(a_{0} + \operatorname{acos}{\left(s \right)}\right) \right)} - 0.18693730895197 \cos{\left(a_{14} s \right)}$,12,False,True
6,event65022_track0-hits,25,75,21,21,21,63,5,-49.135965891486265,2.9761936921637953e-21,6.503393634013887,2.2023833322012084e-19,487.7545225510415,1.835319443501007e-20,6.967921750729164,-47.38580031955705,$x(s) = a_{1} \sin{\left(\cos{\left(a_{4} + a_{9} s \right)} \right)} + a_{14} \operatorname{acos}{\left(\cos{\left(\operatorname{acos}{\left(s \right)} - 0.69954820788863 \right)} \right)} + a_{3} \sin{\left(a_{16} s \right)} + a_{6} \sin{\left(s \left(a_{0} + \operatorname{acos}{\left(s \right)}\right) \right)} + a_{7} \sin{\left(a_{17} s \right)} - \left(0.308066946493753 - 0.505612207274339 s\right) \cos{\left(a_{2} + \left(a_{19} - 17.554513033151 s\right) \left(s - 2\right) \right)} + \left(0.271276054382452 s - 0.310281178440918\right) \tanh{\left(64 s - 64 \sin{\left(a_{20} s \right)} \right)} + \left(a_{11} s + a_{13}\right) \left(4 s \left(5.5672315908751 s \left(s + 0.664737518464752\right) \left(a_{8} - 0.132186160255451 s \tanh{\left(\sin{\left(4 s \right)} \right)} - 0.165939080504345 \sqrt{1 - s^{2}}\right) - 16.7603094605676 s \operatorname{asin}{\left(\operatorname{acos}{\left(\operatorname{sech}{\left(s \right)} \right)} \right)} - 6.03411142151384 \sqrt{s + \operatorname{asin}{\left(s \right)}} + 1.92118672115973\right) - \left(2.57855329033072 s - 1\right) \left(\sqrt{s} \left(a_{5} + s\right) - 0.394669403165608 \sin{\left(a_{10} s \right)} - 0.0987125873372382\right) - \tanh{\left(\operatorname{asin}{\left(\operatorname{sech}{\left(a_{12} s \right)} \right)} \right)}\right) + 0.129479661251135 \cos{\left(a_{15} s \right)} - 0.150176377272886 \cos{\left(a_{18} s \right)}$,$y(s) = a_{1} \sin{\left(\cos{\left(a_{6} + 7.62938819530599 s \right)} \right)} + a_{15} \operatorname{acos}{\left(\cos{\left(\operatorname{acos}{\left(s \right)} - 1.07896119422748 \right)} \right)} + a_{8} \sin{\left(s \left(a_{0} + \operatorname{acos}{\left(s \right)}\right) \right)} + \left(0.180528181477978 - 0.456900158266744 s\right) \tanh{\left(64 s - 64 \sin{\left(a_{20} s \right)} \right)} + \left(a_{14} + 29.5265622403698 s\right) \left(4 s \left(a_{10} s \left(s + 0.546949000910689\right) \left(a_{7} \sqrt{1 - s^{2}} + a_{9} - 0.0780547698455222 s \tanh{\left(\sin{\left(4 s \right)} \right)}\right) + a_{2} s \operatorname{asin}{\left(\operatorname{acos}{\left(\operatorname{sech}{\left(s \right)} \right)} \right)} + a_{4} \sqrt{s + \operatorname{asin}{\left(s \right)}} + 5.56982361623529\right) - \left(0.70317115886512 s - 1\right) \left(\sqrt{s} \left(s - 0.789778321597972\right) - 0.174342103118283 \sin{\left(a_{11} s \right)} + 0.274445996823205\right) - \tanh{\left(\operatorname{asin}{\left(\operatorname{sech}{\left(a_{12} s \right)} \right)} \right)}\right) - \left(3.11024492340685 s - 1.25362778193205\right) \cos{\left(a_{5} + \left(a_{19} + a_{3} s\right) \left(s - 2\right) \right)} - 0.574680528893695 \sin{\left(a_{16} s \right)} + 0.647618778371269 \sin{\left(a_{17} s \right)} - 0.000669096862772185 \cos{\left(a_{13} s \right)} + 0.0642341251657142 \cos{\left(a_{18} s \right)}$,$z(s) = a_{1} \sin{\left(\cos{\left(a_{3} + 7.10616914745217 s \right)} \right)} + a_{14} \operatorname{acos}{\left(\cos{\left(\operatorname{acos}{\left(s \right)} - 0.69951129850239 \right)} \right)} + a_{9} \sin{\left(a_{17} s \right)} + \left(a_{11} s + a_{13}\right) \left(4 s \left(5.5672692770648 s \left(a_{6} + s\right) \left(a_{4} \sqrt{1 - s^{2}} - 0.132586847168141 s \tanh{\left(\sin{\left(4 s \right)} \right)} + 2.7274758780081\right) - 16.7604483603517 s \operatorname{asin}{\left(\operatorname{acos}{\left(\operatorname{sech}{\left(s \right)} \right)} \right)} - 6.03538965658183 \sqrt{s + \operatorname{asin}{\left(s \right)}} + 1.91816003733699\right) - \left(2.57934718227011 s - 1\right) \left(\sqrt{s} \left(s + 0.758423782355511\right) - 0.3953880184946 \sin{\left(a_{10} s \right)} - 0.0990920752299487\right) - \tanh{\left(\operatorname{asin}{\left(\operatorname{sech}{\left(a_{12} s \right)} \right)} \right)}\right) - \left(a_{5} s + 0.308194334004792\right) \cos{\left(\left(a_{19} + a_{2} s\right) \left(s - 2\right) - 12.1787574393376 \right)} + \left(a_{7} s + a_{8}\right) \tanh{\left(64 s - 64 \sin{\left(a_{20} s \right)} \right)} - 1.34335906203207 \sin{\left(a_{16} s \right)} + 0.0114094449487462 \sin{\left(s \left(a_{0} + \operatorname{acos}{\left(s \right)}\right) \right)} + 0.129669294928262 \cos{\left(a_{15} s \right)} - 0.150267841806445 \cos{\left(a_{18} s \right)}$,12,False,True
3,event65007_track98-hits,20,60,16,16,16,48,5,-48.61458291346322,7.091344945505186e-23,0.09199700960785615,4.183893517848059e-21,5.519820576471369,3.4865779315400494e-22,0.10036037411766124,-47.10896349633513,$x(s) = a_{1} \operatorname{asin}{\left(\cos{\left(\operatorname{acos}{\left(s \right)} - 1.01964721288086 \right)} \right)} + a_{11} + a_{5} \cos{\left(a_{12} s \right)} + a_{6} \sin{\left(s \left(a_{0} + \operatorname{acos}{\left(s \right)}\right) \right)} + a_{7} \sin{\left(a_{13} s \right)} + a_{9} \sin{\left(\cos{\left(9.92802667169341 s + 2.13669889421049 \right)} \right)} + \left(16.7575241876722 s + 5.4163166326825\right) \left(4 s \left(a_{2} s \operatorname{asin}{\left(\operatorname{asin}{\left(\tanh{\left(s \right)} \right)} \right)} + 3.96113433975147 s \left(s + 0.0710564711651142\right) \left(a_{4} \sqrt{1 - s^{2}} + a_{8} + 0.83145569639533 s \tanh{\left(\sin{\left(4 s \right)} \right)}\right) - 5.32624055017053 \sqrt{\sqrt{s} + \operatorname{asin}{\left(s \right)}} + 4.94252568469169\right) + \left(a_{3} + 4 s\right) \left(1.78039028680346 \sqrt{s} - 0.675657789758374 \sin{\left(10.5347498572817 s \right)} - 2.56171529435734\right) - \tanh{\left(\operatorname{asin}{\left(\operatorname{sech}{\left(a_{10} s \right)} \right)} \right)}\right) - 1.62922302535132 \sin{\left(a_{14} s \right)} - 0.81707854321126 \cos{\left(a_{15} s \right)}$,$y(s) = a_{1} \operatorname{asin}{\left(\cos{\left(\operatorname{acos}{\left(s \right)} - 0.682079943618813 \right)} \right)} + a_{11} + a_{9} \sin{\left(\cos{\left(7.01910711261191 s + 3.2920695782149 \right)} \right)} + \left(a_{10} s + 2.66349107826966\right) \left(4 s \left(a_{2} s \operatorname{asin}{\left(\operatorname{asin}{\left(\tanh{\left(s \right)} \right)} \right)} + 5.07749634109233 s \left(a_{6} + s\right) \left(a_{5} \sqrt{1 - s^{2}} + a_{7} + 1.26965623658432 s \tanh{\left(\sin{\left(4 s \right)} \right)}\right) - 7.54626400750142 \sqrt{\sqrt{s} + \operatorname{asin}{\left(s \right)}} + 5.49389201383755\right) + \left(4 s - 6.54771798524072\right) \left(a_{3} + a_{4} \sqrt{s} + 0.281243047467714 \sin{\left(a_{8} s \right)}\right) - \tanh{\left(\operatorname{asin}{\left(\operatorname{sech}{\left(14.6007094252461 s \right)} \right)} \right)}\right) + 0.613049250111325 \sin{\left(a_{13} s \right)} + 1.10877663998302 \sin{\left(a_{14} s \right)} - 0.66567180923424 \sin{\left(s \left(a_{0} + \operatorname{acos}{\left(s \right)}\right) \right)} - 0.380212753214822 \cos{\left(a_{12} s \right)} + 0.921981473586548 \cos{\left(a_{15} s \right)}$,$z(s) = a_{1} \operatorname{asin}{\left(\cos{\left(\operatorname{acos}{\left(s \right)} - 1.01711370475585 \right)} \right)} + a_{11} + a_{5} \cos{\left(a_{12} s \right)} + a_{6} \sin{\left(a_{14} s \right)} + a_{9} \sin{\left(\cos{\left(a_{7} + 9.91760292252269 s \right)} \right)} + \left(16.7419006397054 s + 5.26622637772829\right) \left(4 s \left(a_{2} s \operatorname{asin}{\left(\operatorname{asin}{\left(\tanh{\left(s \right)} \right)} \right)} + 3.90545707978912 s \left(s + 0.103191561497409\right) \left(a_{4} \sqrt{1 - s^{2}} + a_{8} + 0.799565843980965 s \tanh{\left(\sin{\left(4 s \right)} \right)}\right) - 5.40875684785413 \sqrt{\sqrt{s} + \operatorname{asin}{\left(s \right)}} + 4.81887679061718\right) + \left(4 s - 1.76212708574534\right) \left(a_{3} + 1.69901924341346 \sqrt{s} - 0.678597788777409 \sin{\left(10.5751961110707 s \right)}\right) - \tanh{\left(\operatorname{asin}{\left(\operatorname{sech}{\left(a_{10} s \right)} \right)} \right)}\right) + 0.0687964632144619 \sin{\left(a_{13} s \right)} + 0.416588726547188 \sin{\left(s \left(a_{0} + \operatorname{acos}{\left(s \right)}\right) \right)} - 0.822291252604274 \cos{\left(a_{15} s \right)}$,12,False,True
7,event65023_track26-hits,20,60,16,16,16,48,5,-47.58240366293039,1.1930949251713557e-22,0.05513791568437291,7.039260058510998e-21,3.3082749410623746,5.866050048759166e-22,0.06015045347386136,-46.0767842458023,$x(s) = a_{11} + a_{8} \sin{\left(\cos{\left(a_{6} + 7.85477321868808 s \right)} \right)} + \left(a_{10} s + 5.38397192675442\right) \left(4 s \left(a_{0} s \operatorname{asin}{\left(\operatorname{asin}{\left(\tanh{\left(s \right)} \right)} \right)} + a_{4} + a_{5} s \left(a_{3} + s\right) \left(a_{7} + 0.379585933134309 s \tanh{\left(\sin{\left(4 s \right)} \right)} - 0.206901512880596 \sqrt{1 - s^{2}}\right) - 2.28658541204567 \sqrt{\sqrt{s} + \operatorname{asin}{\left(s \right)}}\right) + \left(a_{1} + 4 s\right) \left(a_{2} - 0.371037673195353 \sqrt{s} - 0.0597980183887988 \sin{\left(8.75114837302744 s \right)}\right) - \tanh{\left(\operatorname{asin}{\left(\operatorname{sech}{\left(a_{9} s \right)} \right)} \right)}\right) + 0.00117455094417103 \sin{\left(a_{13} s \right)} + 0.0440951036223269 \sin{\left(a_{14} s \right)} - 0.640366963487353 \sin{\left(s \left(\operatorname{acos}{\left(s \right)} - 24.042217057416\right) \right)} + 1.62559365852075 \cos{\left(a_{12} s \right)} - 1.56062116492193 \cos{\left(a_{15} s \right)} - 4.07552283827266 \operatorname{asin}{\left(\cos{\left(\operatorname{acos}{\left(s \right)} - 0.67862324436591 \right)} \right)}$,$y(s) = a_{11} + a_{9} \sin{\left(\cos{\left(a_{8} s + 1.46340986183149 \right)} \right)} + \left(a_{10} s + a_{6}\right) \left(4 s \left(a_{1} s \operatorname{asin}{\left(\operatorname{asin}{\left(\tanh{\left(s \right)} \right)} \right)} + a_{4} + a_{5} s \left(a_{3} + s\right) \left(a_{7} + 0.362698469498365 s \tanh{\left(\sin{\left(4 s \right)} \right)} - 0.216061664415436 \sqrt{1 - s^{2}}\right) - 2.40214524885178 \sqrt{\sqrt{s} + \operatorname{asin}{\left(s \right)}}\right) + \left(4 s - 4.65698098505553\right) \left(a_{2} \sin{\left(8.64302542496097 s \right)} - 0.36497579485585 \sqrt{s} + 0.749089653864391\right) - \tanh{\left(\operatorname{asin}{\left(\operatorname{sech}{\left(13.7321695437843 s \right)} \right)} \right)}\right) + 0.00445593081662634 \sin{\left(a_{13} s \right)} + 0.0440167783410418 \sin{\left(a_{14} s \right)} - 0.63459139672527 \sin{\left(s \left(a_{0} + \operatorname{acos}{\left(s \right)}\right) \right)} + 1.62464724580518 \cos{\left(a_{12} s \right)} - 1.55976216396804 \cos{\left(a_{15} s \right)} - 4.07541603659755 \operatorname{asin}{\left(\cos{\left(\operatorname{acos}{\left(s \right)} - 0.679072369180755 \right)} \right)}$,$z(s) = a_{10} \sin{\left(\cos{\left(a_{9} s + 1.46146656482617 \right)} \right)} + a_{11} + a_{5} \sin{\left(a_{14} s \right)} + \left(a_{8} + 18.8743746143535 s\right) \left(4 s \left(a_{1} s \operatorname{asin}{\left(\operatorname{asin}{\left(\tanh{\left(s \right)} \right)} \right)} + a_{2} \sqrt{\sqrt{s} + \operatorname{asin}{\left(s \right)}} + a_{7} + 4.75378737077214 s \left(a_{6} + s\right) \left(0.378200908698406 s \tanh{\left(\sin{\left(4 s \right)} \right)} - 0.207619791565093 \sqrt{1 - s^{2}} + 6.52857793483493\right)\right) + \left(a_{3} + 4 s\right) \left(a_{4} - 0.370303050036078 \sqrt{s} - 0.0601029237774267 \sin{\left(8.7417861448881 s \right)}\right) - \tanh{\left(\operatorname{asin}{\left(\operatorname{sech}{\left(13.7033272073587 s \right)} \right)} \right)}\right) + 0.0014047067684172 \sin{\left(a_{13} s \right)} - 0.639905907140355 \sin{\left(s \left(a_{0} + \operatorname{acos}{\left(s \right)}\right) \right)} + 1.62499907014491 \cos{\left(a_{12} s \right)} - 1.5600407707425 \cos{\left(a_{15} s \right)} - 4.07525700784845 \operatorname{asin}{\left(\cos{\left(\operatorname{acos}{\left(s \right)} - 0.678658700542573 \right)} \right)}$,12,False,True
5,event65020_track0-hits,25,75,21,21,21,63,5,-46.887859450408406,1.2410693982004698e-22,0.028637473126405962,9.183913546683477e-21,2.147810484480447,7.653261288902897e-22,0.030683006921149242,-45.13769387847919,$x(s) = a_{1} \operatorname{asin}{\left(\cos{\left(\operatorname{acos}{\left(s \right)} - 0.610522920178436 \right)} \right)} + a_{2} \sin{\left(\cos{\left(a_{10} s + a_{5} \right)} \right)} + a_{8} \cos{\left(a_{15} s \right)} + a_{9} \sin{\left(a_{17} s \right)} + \left(a_{6} + 1.32209794058506 s\right) \cos{\left(a_{7} + \left(a_{19} + a_{3} s\right) \left(s - 2\right) \right)} + \left(a_{13} s + a_{14}\right) \left(4 s \left(4 s \left(s + 0.535421842081899\right) \left(0.174426616372319 s \tanh{\left(\sin{\left(4 s \right)} \right)} - 0.312867564517323 \sqrt{1 - s^{2}} + 4.34237934595466\right) - 17.0102918947919 s \operatorname{asin}{\left(\operatorname{asin}{\left(\tanh{\left(s \right)} \right)} \right)} - 6.2198885832906 \sqrt{s + \operatorname{asin}{\left(s \right)}} + 2.9494951783642\right) + \left(2 s - 0.588056198689896\right) \left(1.27519071599872 \sqrt{s} - 0.0789801167301577 \sin{\left(a_{12} s \right)} - 3.88531290549966\right) - \tanh{\left(\operatorname{asin}{\left(\operatorname{sech}{\left(15.2356404459157 s \right)} \right)} \right)}\right) - 1.57412493786443 \sin{\left(a_{16} s \right)} - 0.594058420203512 \sin{\left(s \left(a_{0} + \operatorname{acos}{\left(s \right)}\right) \right)} - 0.063194054421329 \cos{\left(a_{18} s \right)} + 0.546895663653494 \tanh{\left(\left(a_{11} + a_{4} s\right) \sin{\left(a_{20} s \right)} \right)}$,$y(s) = a_{1} \operatorname{asin}{\left(\cos{\left(\operatorname{acos}{\left(s \right)} - 1.02447344847814 \right)} \right)} + a_{13} \sin{\left(\cos{\left(a_{9} + 8.13285587332915 s \right)} \right)} + a_{16} + a_{6} \cos{\left(a_{17} s \right)} + \left(a_{15} s + 1.1509208621574\right) \left(4 s \left(a_{10} s \left(a_{7} + s\right) \left(a_{11} + 0.328167638150647 s \tanh{\left(\sin{\left(4 s \right)} \right)} + 0.102476141209499 \sqrt{1 - s^{2}}\right) + a_{2} s \operatorname{asin}{\left(\operatorname{asin}{\left(\tanh{\left(s \right)} \right)} \right)} + a_{3} \sqrt{\sqrt{s} + \operatorname{asin}{\left(s \right)}} + a_{8}\right) + \left(a_{4} + 4 s\right) \left(a_{5} + 0.852864844024319 \sqrt{s} + 0.0551402500466039 \sin{\left(a_{12} s \right)}\right) - \tanh{\left(\operatorname{asin}{\left(\operatorname{sech}{\left(a_{14} s \right)} \right)} \right)}\right) + 0.0361057457496703 \sin{\left(a_{18} s \right)} - 0.0418934104219988 \sin{\left(a_{19} s \right)} + 0.0786351714963109 \sin{\left(s \left(a_{0} + \operatorname{acos}{\left(s \right)}\right) \right)} - 0.0234719189321379 \cos{\left(a_{20} s \right)}$,$z(s) = a_{1} \operatorname{asin}{\left(\cos{\left(\operatorname{acos}{\left(s \right)} - 1.02447097322668 \right)} \right)} + a_{13} \sin{\left(\cos{\left(a_{10} + 8.1323431504398 s \right)} \right)} + a_{16} + a_{5} \sin{\left(a_{19} s \right)} + a_{6} \sin{\left(a_{18} s \right)} + \left(a_{15} s + 1.15269599806527\right) \left(4 s \left(a_{11} s \left(a_{8} + s\right) \left(a_{12} + 0.327162137937482 s \tanh{\left(\sin{\left(4 s \right)} \right)} + 0.101448138872492 \sqrt{1 - s^{2}}\right) + a_{2} s \operatorname{asin}{\left(\operatorname{asin}{\left(\tanh{\left(s \right)} \right)} \right)} + a_{9} + 0.501353247867917 \sqrt{\sqrt{s} + \operatorname{asin}{\left(s \right)}}\right) + \left(a_{3} + 4 s\right) \left(a_{4} \sin{\left(9.2191789053893 s \right)} + a_{7} \sqrt{s} - 1.20301989696825\right) - \tanh{\left(\operatorname{asin}{\left(\operatorname{sech}{\left(a_{14} s \right)} \right)} \right)}\right) + 0.0786266106937068 \sin{\left(s \left(a_{0} + \operatorname{acos}{\left(s \right)}\right) \right)} + 0.182494225842208 \cos{\left(a_{17} s \right)} - 0.0234636900743795 \cos{\left(a_{20} s \right)}$,12,False,True
8,event65028_track141-hits,20,60,16,16,16,48,5,-18.017973006464597,5.478780156363518e-09,0.36626053538637715,3.2324802922544754e-07,21.975632123182628,2.6937335768787295e-08,0.3995569476942296,-16.51235358933651,$y(s) = a_{13} + \left(- s - \sin{\left(\sin{\left(\sin{\left(a_{6} + s \right)} \right)} \right)}\right) \left(a_{1} \operatorname{acos}{\left(s \right)} + a_{14} + \left(a_{0} + a_{12} \left(a_{2} - 32 s\right) \left(- \sin{\left(4 \cos{\left(s \right)} \right)} + \operatorname{sech}{\left(s \right)}\right) + a_{12} \tanh{\left(8 s \right)} + a_{15} \sqrt{1 - \cos^{2}{\left(s \right)}} + a_{3} s \left(2 s - \tanh{\left(4 s \right)}\right) \left(s - \cos{\left(a_{11} s \right)} + 2\right) + a_{4} \left(32 \operatorname{asin}{\left(s \right)} + 64\right) \left(a_{5} + s \left(a_{10} + a_{9} s \left(a_{7} + s\right) \operatorname{acos}{\left(s \right)}\right) + s + \operatorname{sech}{\left(s \right)}\right)\right) \operatorname{acos}{\left(\operatorname{sech}{\left(\cos{\left(a_{8} + s \right)} \right)} \right)}\right)$,$y(s) = a_{1} \operatorname{asin}{\left(\cos{\left(\operatorname{acos}{\left(s \right)} - 0.683255510915253 \right)} \right)} + a_{11} + a_{5} \sin{\left(a_{14} s \right)} + \left(16.7808916249615 s + 3.80260448200119\right) \left(4 s \left(a_{2} s \operatorname{asin}{\left(\operatorname{asin}{\left(\tanh{\left(s \right)} \right)} \right)} + a_{7} + a_{8} s \left(a_{6} + s\right) \left(0.968627212294121 s \tanh{\left(\sin{\left(4 s \right)} \right)} - 0.439248730667847 \sqrt{1 - s^{2}} + 6.38608696817204\right) - 7.17773466283384 \sqrt{\sqrt{s} + \operatorname{asin}{\left(s \right)}}\right) + \left(a_{3} + 4 s\right) \left(a_{4} \sqrt{s} + 0.30087861697878 \sin{\left(8.59475302728599 s \right)} - 0.627539462750916\right) - \tanh{\left(\operatorname{asin}{\left(\operatorname{sech}{\left(a_{10} s \right)} \right)} \right)}\right) + 1.08550372961274 \sin{\left(a_{13} s \right)} - 0.798226897113081 \sin{\left(s \left(a_{0} + \operatorname{acos}{\left(s \right)}\right) \right)} + 11.1113550997997 \sin{\left(\cos{\left(a_{9} s + 3.37869802204449 \right)} \right)} - 0.428326678251153 \cos{\left(a_{12} s \right)} + 1.64034362082913 \cos{\left(a_{15} s \right)}$,$z(s) = a_{3} \sin{\left(s \left(a_{0} + \operatorname{acos}{\left(s \right)}\right) \right)} + a_{4} \cos{\left(a_{12} s \right)} + a_{5} \sin{\left(a_{14} s \right)} + \left(a_{11} s + 4.95693844355651\right) \left(4 s \left(a_{1} s \operatorname{asin}{\left(\operatorname{asin}{\left(\tanh{\left(s \right)} \right)} \right)} + a_{2} \sqrt{\sqrt{s} + \operatorname{asin}{\left(s \right)}} + a_{7} s \left(s + 0.0165277213916615\right) \left(a_{8} - 0.0170953672188301 s \tanh{\left(\sin{\left(4 s \right)} \right)} - 0.45186637110654 \sqrt{1 - s^{2}}\right) + 2.6101696562203\right) + \left(4 s - 0.922189714935785\right) \left(a_{6} \sin{\left(a_{10} s \right)} + 0.599451678286101 \sqrt{s} + 2.63175897944836\right) - \tanh{\left(\operatorname{asin}{\left(\operatorname{sech}{\left(5.67300314508095 s \right)} \right)} \right)}\right) - 0.00457285312336239 \sin{\left(a_{13} s \right)} + 12.5090597820873 \sin{\left(\cos{\left(a_{9} s + 3.19908372347864 \right)} \right)} + 0.0148792512027429 \cos{\left(a_{15} s \right)} - 0.492161174249544 \operatorname{asin}{\left(\cos{\left(\operatorname{acos}{\left(s \right)} - 0.802732791241311 \right)} \right)} + 27.5902695303714$,12,False,True
67,event65165_track106-hits,25,75,16,16,16,48,5,-16.46846547728075,4.3084005129577613e-08,0.6116172857788689,3.1882163795887434e-06,45.87129643341517,1.1808208813291642e-07,0.6553042347630739,-15.529230121567858,$y(s) = a_{13} + \left(- s - \sin{\left(\sin{\left(\sin{\left(a_{6} + s \right)} \right)} \right)}\right) \left(a_{1} \operatorname{acos}{\left(s \right)} + a_{14} + \left(a_{0} + a_{12} \left(a_{2} - 32 s\right) \left(- \sin{\left(4 \cos{\left(s \right)} \right)} + \operatorname{sech}{\left(s \right)}\right) + a_{12} \tanh{\left(8 s \right)} + a_{15} \sqrt{1 - \cos^{2}{\left(s \right)}} + a_{3} s \left(2 s - \tanh{\left(4 s \right)}\right) \left(s - \cos{\left(a_{11} s \right)} + 2\right) + a_{4} \left(32 \operatorname{asin}{\left(s \right)} + 64\right) \left(a_{5} + s \left(a_{10} + a_{9} s \left(a_{7} + s\right) \operatorname{acos}{\left(s \right)}\right) + s + \operatorname{sech}{\left(s \right)}\right)\right) \operatorname{acos}{\left(\operatorname{sech}{\left(\cos{\left(a_{8} + s \right)} \right)} \right)}\right)$,$y(s) = a_{13} + \left(- s - \sin{\left(\sin{\left(\sin{\left(a_{6} + s \right)} \right)} \right)}\right) \left(a_{1} \operatorname{acos}{\left(s \right)} + a_{14} + \left(a_{0} + a_{12} \left(a_{2} - 32 s\right) \left(- \sin{\left(4 \cos{\left(s \right)} \right)} + \operatorname{sech}{\left(s \right)}\right) + a_{12} \tanh{\left(8 s \right)} + a_{15} \sqrt{1 - \cos^{2}{\left(s \right)}} + a_{3} s \left(2 s - \tanh{\left(4 s \right)}\right) \left(s - \cos{\left(a_{11} s \right)} + 2\right) + a_{4} \left(32 \operatorname{asin}{\left(s \right)} + 64\right) \left(a_{5} + s \left(a_{10} + a_{9} s \left(a_{7} + s\right) \operatorname{acos}{\left(s \right)}\right) + s + \operatorname{sech}{\left(s \right)}\right)\right) \operatorname{acos}{\left(\operatorname{sech}{\left(\cos{\left(a_{8} + s \right)} \right)} \right)}\right)$,$y(s) = a_{13} + \left(- s - \sin{\left(\sin{\left(\sin{\left(a_{6} + s \right)} \right)} \right)}\right) \left(a_{1} \operatorname{acos}{\left(s \right)} + a_{14} + \left(a_{0} + a_{12} \left(a_{2} - 32 s\right) \left(- \sin{\left(4 \cos{\left(s \right)} \right)} + \operatorname{sech}{\left(s \right)}\right) + a_{12} \tanh{\left(8 s \right)} + a_{15} \sqrt{1 - \cos^{2}{\left(s \right)}} + a_{3} s \left(2 s - \tanh{\left(4 s \right)}\right) \left(s - \cos{\left(a_{11} s \right)} + 2\right) + a_{4} \left(32 \operatorname{asin}{\left(s \right)} + 64\right) \left(a_{5} + s \left(a_{10} + a_{9} s \left(a_{7} + s\right) \operatorname{acos}{\left(s \right)}\right) + s + \operatorname{sech}{\left(s \right)}\right)\right) \operatorname{acos}{\left(\operatorname{sech}{\left(\cos{\left(a_{8} + s \right)} \right)} \right)}\right)$,27,False,True
99,event65270_track237-hits,25,75,16,16,16,48,5,-16.290223132173736,1.5396173158721122e-07,1.8288024807968872,1.139316813745363e-05,137.16018605976654,4.219691902760604e-07,1.9594312294252363,-15.350987776460848,$y(s) = a_{13} + \left(- s - \sin{\left(\sin{\left(\sin{\left(a_{6} + s \right)} \right)} \right)}\right) \left(a_{1} \operatorname{acos}{\left(s \right)} + a_{14} + \left(a_{0} + a_{12} \left(a_{2} - 32 s\right) \left(- \sin{\left(4 \cos{\left(s \right)} \right)} + \operatorname{sech}{\left(s \right)}\right) + a_{12} \tanh{\left(8 s \right)} + a_{15} \sqrt{1 - \cos^{2}{\left(s \right)}} + a_{3} s \left(2 s - \tanh{\left(4 s \right)}\right) \left(s - \cos{\left(a_{11} s \right)} + 2\right) + a_{4} \left(32 \operatorname{asin}{\left(s \right)} + 64\right) \left(a_{5} + s \left(a_{10} + a_{9} s \left(a_{7} + s\right) \operatorname{acos}{\left(s \right)}\right) + s + \operatorname{sech}{\left(s \right)}\right)\right) \operatorname{acos}{\left(\operatorname{sech}{\left(\cos{\left(a_{8} + s \right)} \right)} \right)}\right)$,$y(s) = a_{13} + \left(- s - \sin{\left(\sin{\left(\sin{\left(a_{6} + s \right)} \right)} \right)}\right) \left(a_{1} \operatorname{acos}{\left(s \right)} + a_{14} + \left(a_{0} + a_{12} \left(a_{2} - 32 s\right) \left(- \sin{\left(4 \cos{\left(s \right)} \right)} + \operatorname{sech}{\left(s \right)}\right) + a_{12} \tanh{\left(8 s \right)} + a_{15} \sqrt{1 - \cos^{2}{\left(s \right)}} + a_{3} s \left(2 s - \tanh{\left(4 s \right)}\right) \left(s - \cos{\left(a_{11} s \right)} + 2\right) + a_{4} \left(32 \operatorname{asin}{\left(s \right)} + 64\right) \left(a_{5} + s \left(a_{10} + a_{9} s \left(a_{7} + s\right) \operatorname{acos}{\left(s \right)}\right) + s + \operatorname{sech}{\left(s \right)}\right)\right) \operatorname{acos}{\left(\operatorname{sech}{\left(\cos{\left(a_{8} + s \right)} \right)} \right)}\right)$,$y(s) = a_{13} + \left(- s - \sin{\left(\sin{\left(\sin{\left(a_{6} + s \right)} \right)} \right)}\right) \left(a_{1} \operatorname{acos}{\left(s \right)} + a_{14} + \left(a_{0} + a_{12} \left(a_{2} - 32 s\right) \left(- \sin{\left(4 \cos{\left(s \right)} \right)} + \operatorname{sech}{\left(s \right)}\right) + a_{12} \tanh{\left(8 s \right)} + a_{15} \sqrt{1 - \cos^{2}{\left(s \right)}} + a_{3} s \left(2 s - \tanh{\left(4 s \right)}\right) \left(s - \cos{\left(a_{11} s \right)} + 2\right) + a_{4} \left(32 \operatorname{asin}{\left(s \right)} + 64\right) \left(a_{5} + s \left(a_{10} + a_{9} s \left(a_{7} + s\right) \operatorname{acos}{\left(s \right)}\right) + s + \operatorname{sech}{\left(s \right)}\right)\right) \operatorname{acos}{\left(\operatorname{sech}{\left(\cos{\left(a_{8} + s \right)} \right)} \right)}\right)$,27,False,True
33,event65086_track172-hits,22,66,16,16,16,48,5,-16.02087493364928,1.3721334241186662e-07,1.2450131040047323,8.91886725677133e-06,82.17086486431234,4.95492625376185e-07,1.3470633584313498,-14.815640299502922,$y(s) = a_{13} + \left(- s - \sin{\left(\sin{\left(\sin{\left(a_{6} + s \right)} \right)} \right)}\right) \left(a_{1} \operatorname{acos}{\left(s \right)} + a_{14} + \left(a_{0} + a_{12} \left(a_{2} - 32 s\right) \left(- \sin{\left(4 \cos{\left(s \right)} \right)} + \operatorname{sech}{\left(s \right)}\right) + a_{12} \tanh{\left(8 s \right)} + a_{15} \sqrt{1 - \cos^{2}{\left(s \right)}} + a_{3} s \left(2 s - \tanh{\left(4 s \right)}\right) \left(s - \cos{\left(a_{11} s \right)} + 2\right) + a_{4} \left(32 \operatorname{asin}{\left(s \right)} + 64\right) \left(a_{5} + s \left(a_{10} + a_{9} s \left(a_{7} + s\right) \operatorname{acos}{\left(s \right)}\right) + s + \operatorname{sech}{\left(s \right)}\right)\right) \operatorname{acos}{\left(\operatorname{sech}{\left(\cos{\left(a_{8} + s \right)} \right)} \right)}\right)$,$y(s) = a_{13} + \left(- s - \sin{\left(\sin{\left(\sin{\left(a_{6} + s \right)} \right)} \right)}\right) \left(a_{1} \operatorname{acos}{\left(s \right)} + a_{14} + \left(a_{0} + a_{12} \left(a_{2} - 32 s\right) \left(- \sin{\left(4 \cos{\left(s \right)} \right)} + \operatorname{sech}{\left(s \right)}\right) + a_{12} \tanh{\left(8 s \right)} + a_{15} \sqrt{1 - \cos^{2}{\left(s \right)}} + a_{3} s \left(2 s - \tanh{\left(4 s \right)}\right) \left(s - \cos{\left(a_{11} s \right)} + 2\right) + a_{4} \left(32 \operatorname{asin}{\left(s \right)} + 64\right) \left(a_{5} + s \left(a_{10} + a_{9} s \left(a_{7} + s\right) \operatorname{acos}{\left(s \right)}\right) + s + \operatorname{sech}{\left(s \right)}\right)\right) \operatorname{acos}{\left(\operatorname{sech}{\left(\cos{\left(a_{8} + s \right)} \right)} \right)}\right)$,$y(s) = a_{13} + \left(- s - \sin{\left(\sin{\left(\sin{\left(a_{6} + s \right)} \right)} \right)}\right) \left(a_{1} \operatorname{acos}{\left(s \right)} + a_{14} + \left(a_{0} + a_{12} \left(a_{2} - 32 s\right) \left(- \sin{\left(4 \cos{\left(s \right)} \right)} + \operatorname{sech}{\left(s \right)}\right) + a_{12} \tanh{\left(8 s \right)} + a_{15} \sqrt{1 - \cos^{2}{\left(s \right)}} + a_{3} s \left(2 s - \tanh{\left(4 s \right)}\right) \left(s - \cos{\left(a_{11} s \right)} + 2\right) + a_{4} \left(32 \operatorname{asin}{\left(s \right)} + 64\right) \left(a_{5} + s \left(a_{10} + a_{9} s \left(a_{7} + s\right) \operatorname{acos}{\left(s \right)}\right) + s + \operatorname{sech}{\left(s \right)}\right)\right) \operatorname{acos}{\left(\operatorname{sech}{\left(\cos{\left(a_{8} + s \right)} \right)} \right)}\right)$,18,False,True
86,event65236_track331-hits,25,75,16,16,16,48,5,-15.210937734892138,2.291325148326944e-07,0.9249388992911853,1.6955806097619386e-05,69.3704174468389,6.279928184303476e-07,0.99100596352627,-14.27170237917925,$y(s) = a_{13} + \left(- s - \sin{\left(\sin{\left(\sin{\left(a_{6} + s \right)} \right)} \right)}\right) \left(a_{1} \operatorname{acos}{\left(s \right)} + a_{14} + \left(a_{0} + a_{12} \left(a_{2} - 32 s\right) \left(- \sin{\left(4 \cos{\left(s \right)} \right)} + \operatorname{sech}{\left(s \right)}\right) + a_{12} \tanh{\left(8 s \right)} + a_{15} \sqrt{1 - \cos^{2}{\left(s \right)}} + a_{3} s \left(2 s - \tanh{\left(4 s \right)}\right) \left(s - \cos{\left(a_{11} s \right)} + 2\right) + a_{4} \left(32 \operatorname{asin}{\left(s \right)} + 64\right) \left(a_{5} + s \left(a_{10} + a_{9} s \left(a_{7} + s\right) \operatorname{acos}{\left(s \right)}\right) + s + \operatorname{sech}{\left(s \right)}\right)\right) \operatorname{acos}{\left(\operatorname{sech}{\left(\cos{\left(a_{8} + s \right)} \right)} \right)}\right)$,$y(s) = a_{13} + \left(- s - \sin{\left(\sin{\left(\sin{\left(a_{6} + s \right)} \right)} \right)}\right) \left(a_{1} \operatorname{acos}{\left(s \right)} + a_{14} + \left(a_{0} + a_{12} \left(a_{2} - 32 s\right) \left(- \sin{\left(4 \cos{\left(s \right)} \right)} + \operatorname{sech}{\left(s \right)}\right) + a_{12} \tanh{\left(8 s \right)} + a_{15} \sqrt{1 - \cos^{2}{\left(s \right)}} + a_{3} s \left(2 s - \tanh{\left(4 s \right)}\right) \left(s - \cos{\left(a_{11} s \right)} + 2\right) + a_{4} \left(32 \operatorname{asin}{\left(s \right)} + 64\right) \left(a_{5} + s \left(a_{10} + a_{9} s \left(a_{7} + s\right) \operatorname{acos}{\left(s \right)}\right) + s + \operatorname{sech}{\left(s \right)}\right)\right) \operatorname{acos}{\left(\operatorname{sech}{\left(\cos{\left(a_{8} + s \right)} \right)} \right)}\right)$,$y(s) = a_{13} + \left(- s - \sin{\left(\sin{\left(\sin{\left(a_{6} + s \right)} \right)} \right)}\right) \left(a_{1} \operatorname{acos}{\left(s \right)} + a_{14} + \left(a_{0} + a_{12} \left(a_{2} - 32 s\right) \left(- \sin{\left(4 \cos{\left(s \right)} \right)} + \operatorname{sech}{\left(s \right)}\right) + a_{12} \tanh{\left(8 s \right)} + a_{15} \sqrt{1 - \cos^{2}{\left(s \right)}} + a_{3} s \left(2 s - \tanh{\left(4 s \right)}\right) \left(s - \cos{\left(a_{11} s \right)} + 2\right) + a_{4} \left(32 \operatorname{asin}{\left(s \right)} + 64\right) \left(a_{5} + s \left(a_{10} + a_{9} s \left(a_{7} + s\right) \operatorname{acos}{\left(s \right)}\right) + s + \operatorname{sech}{\left(s \right)}\right)\right) \operatorname{acos}{\left(\operatorname{sech}{\left(\cos{\left(a_{8} + s \right)} \right)} \right)}\right)$,27,False,True
18,event65052_track297-hits,25,75,16,16,16,48,5,-15.191794639999186,2.6339563242763513e-08,0.10430884863306511,1.9491276799645e-06,7.823163647479883,7.218991407275926e-08,0.11175948067828405,-14.252559284286297,$y(s) = a_{13} + \left(- s - \sin{\left(\sin{\left(\sin{\left(a_{6} + s \right)} \right)} \right)}\right) \left(a_{1} \operatorname{acos}{\left(s \right)} + a_{14} + \left(a_{0} + a_{12} \left(a_{2} - 32 s\right) \left(- \sin{\left(4 \cos{\left(s \right)} \right)} + \operatorname{sech}{\left(s \right)}\right) + a_{12} \tanh{\left(8 s \right)} + a_{15} \sqrt{1 - \cos^{2}{\left(s \right)}} + a_{3} s \left(2 s - \tanh{\left(4 s \right)}\right) \left(s - \cos{\left(a_{11} s \right)} + 2\right) + a_{4} \left(32 \operatorname{asin}{\left(s \right)} + 64\right) \left(a_{5} + s \left(a_{10} + a_{9} s \left(a_{7} + s\right) \operatorname{acos}{\left(s \right)}\right) + s + \operatorname{sech}{\left(s \right)}\right)\right) \operatorname{acos}{\left(\operatorname{sech}{\left(\cos{\left(a_{8} + s \right)} \right)} \right)}\right)$,$y(s) = a_{13} + \left(- s - \sin{\left(\sin{\left(\sin{\left(a_{6} + s \right)} \right)} \right)}\right) \left(a_{1} \operatorname{acos}{\left(s \right)} + a_{14} + \left(a_{0} + a_{12} \left(a_{2} - 32 s\right) \left(- \sin{\left(4 \cos{\left(s \right)} \right)} + \operatorname{sech}{\left(s \right)}\right) + a_{12} \tanh{\left(8 s \right)} + a_{15} \sqrt{1 - \cos^{2}{\left(s \right)}} + a_{3} s \left(2 s - \tanh{\left(4 s \right)}\right) \left(s - \cos{\left(a_{11} s \right)} + 2\right) + a_{4} \left(32 \operatorname{asin}{\left(s \right)} + 64\right) \left(a_{5} + s \left(a_{10} + a_{9} s \left(a_{7} + s\right) \operatorname{acos}{\left(s \right)}\right) + s + \operatorname{sech}{\left(s \right)}\right)\right) \operatorname{acos}{\left(\operatorname{sech}{\left(\cos{\left(a_{8} + s \right)} \right)} \right)}\right)$,$y(s) = a_{13} + \left(- s - \sin{\left(\sin{\left(\sin{\left(a_{6} + s \right)} \right)} \right)}\right) \left(a_{1} \operatorname{acos}{\left(s \right)} + a_{14} + \left(a_{0} + a_{12} \left(a_{2} - 32 s\right) \left(- \sin{\left(4 \cos{\left(s \right)} \right)} + \operatorname{sech}{\left(s \right)}\right) + a_{12} \tanh{\left(8 s \right)} + a_{15} \sqrt{1 - \cos^{2}{\left(s \right)}} + a_{3} s \left(2 s - \tanh{\left(4 s \right)}\right) \left(s - \cos{\left(a_{11} s \right)} + 2\right) + a_{4} \left(32 \operatorname{asin}{\left(s \right)} + 64\right) \left(a_{5} + s \left(a_{10} + a_{9} s \left(a_{7} + s\right) \operatorname{acos}{\left(s \right)}\right) + s + \operatorname{sech}{\left(s \right)}\right)\right) \operatorname{acos}{\left(\operatorname{sech}{\left(\cos{\left(a_{8} + s \right)} \right)} \right)}\right)$,27,False,True
0,event65001_track19-hits,25,75,21,16,21,58,5,-15.460509852612692,2.4811139348603247e-07,1.2854666809716553,1.8360243117966402e-05,96.41000107287415,1.0800143010568473e-06,1.3772857296124879,-14.05865097495169,$x(s) = a_{1} \operatorname{asin}{\left(\cos{\left(\operatorname{acos}{\left(s \right)} - 0.740556489171235 \right)} \right)} + a_{10} \sin{\left(a_{17} s \right)} + a_{2} \sin{\left(\cos{\left(8.1272305343972 s - 1.76188748286452 \right)} \right)} + a_{9} \sin{\left(s \left(a_{0} + \operatorname{acos}{\left(s \right)}\right) \right)} + \left(a_{14} + 17.1704935840386 s\right) \left(4 s \left(a_{11} s \left(s + 0.530046937706312\right) \left(a_{7} \sqrt{1 - s^{2}} - 0.102039441220374 s \tanh{\left(\sin{\left(4 s \right)} \right)} + 2.74655876009657\right) + a_{3} s \operatorname{asin}{\left(\operatorname{asin}{\left(\tanh{\left(s \right)} \right)} \right)} - 6.18181550566145 \sqrt{s + \operatorname{asin}{\left(s \right)}} + 3.90314912241377\right) + \left(2 s - 0.635832052538369\right) \left(a_{6} + 0.0791943136654328 \sqrt{s} + 0.454362996958793 \sin{\left(a_{12} s \right)}\right) - \tanh{\left(\operatorname{asin}{\left(\operatorname{sech}{\left(a_{13} s \right)} \right)} \right)}\right) + \left(a_{8} + 0.0374803088810614 s\right) \cos{\left(\left(a_{19} + a_{4} s\right) \left(s - 2\right) + 0.429150322964582 \right)} + \left(- 1.15884542733573 s - 0.274099922763769\right) \tanh{\left(\left(a_{5} s + 11.1147875999465\right) \left(- \sin{\left(a_{20} s \right)} - 0.405672132356374\right) \right)} - 1.25884704378905 \sin{\left(a_{16} s \right)} - 0.0928672781955752 \cos{\left(a_{15} s \right)} - 0.0162571663035637 \cos{\left(a_{18} s \right)}$,$y(s) = a_{13} + \left(- s - \sin{\left(\sin{\left(\sin{\left(a_{6} + s \right)} \right)} \right)}\right) \left(a_{1} \operatorname{acos}{\left(s \right)} + a_{14} + \left(a_{0} + a_{12} \left(a_{2} - 32 s\right) \left(- \sin{\left(4 \cos{\left(s \right)} \right)} + \operatorname{sech}{\left(s \right)}\right) + a_{12} \tanh{\left(8 s \right)} + a_{15} \sqrt{1 - \cos^{2}{\left(s \right)}} + a_{3} s \left(2 s - \tanh{\left(4 s \right)}\right) \left(s - \cos{\left(a_{11} s \right)} + 2\right) + a_{4} \left(32 \operatorname{asin}{\left(s \right)} + 64\right) \left(a_{5} + s \left(a_{10} + a_{9} s \left(a_{7} + s\right) \operatorname{acos}{\left(s \right)}\right) + s + \operatorname{sech}{\left(s \right)}\right)\right) \operatorname{acos}{\left(\operatorname{sech}{\left(\cos{\left(a_{8} + s \right)} \right)} \right)}\right)$,$z(s) = a_{19} + a_{20} s + a_{3} \tanh{\left(\sin{\left(a_{11} s \right)} \right)} + 1.15628807607796 s \left(\left(a_{5} + 10.207873521414 s\right) \left(a_{10} s \left(s - 5.05899544913199\right) + a_{8}\right) \sin{\left(a_{2} s + s \operatorname{acos}{\left(s \right)} \operatorname{acos}{\left(s^{2} \right)} + \operatorname{acos}{\left(s \right)} - 3.00086961365706 \right)} + \sin{\left(a_{18} s \right)} - 6.87591041410202 \operatorname{asin}{\left(s \right)}\right) \operatorname{acos}{\left(s \right)} - \left(4.96284823181927 - s\right) \left(a_{14} \tanh{\left(\operatorname{asin}{\left(\operatorname{sech}{\left(a_{13} s \right)} \right)} \right)} - s \left(a_{0} s \left(0.454547621727689 s^{2} - s + 0.669499393228576\right) + a_{1} \operatorname{sech}{\left(4.95457726662907 s \right)}\right) + \left(9.54717593705444 - 15.4023030859939 \sin{\left(s \right)}\right) \sin{\left(11.5837422011668 s \right)} + 0.879439999902782 \operatorname{acos}{\left(\sin{\left(18.7263886828387 s - 2.76647868859906 \right)} \right)}\right) + \left(a_{12} \sqrt{s} + 15.4258220311533\right) \operatorname{sech}{\left(a_{17} s + a_{6} \right)} + \left(a_{9} s^{2} - 1.57710747966968\right) \tanh{\left(a_{16} s \right)} \operatorname{acos}{\left(- s \right)} - \tanh{\left(a_{7} \sin{\left(\left(0.193082754681545 - 4.34912389133448 s\right) \left(a_{15} + a_{4} \operatorname{acos}{\left(s \right)} - 12.0207182832742 s\right) \right)} \operatorname{sech}{\left(s \right)} \right)} + \sqrt{\operatorname{acos}{\left(s \right)}}$,17,False,True
16,event65046_track247-hits,25,75,16,16,16,48,5,-14.66340181197736,2.845777401328399e-06,6.644088660113371,0.00021058752769830151,498.30664950850286,7.799538062900056e-06,7.118666421550041,-13.724166456264472,$y(s) = a_{13} + \left(- s - \sin{\left(\sin{\left(\sin{\left(a_{6} + s \right)} \right)} \right)}\right) \left(a_{1} \operatorname{acos}{\left(s \right)} + a_{14} + \left(a_{0} + a_{12} \left(a_{2} - 32 s\right) \left(- \sin{\left(4 \cos{\left(s \right)} \right)} + \operatorname{sech}{\left(s \right)}\right) + a_{12} \tanh{\left(8 s \right)} + a_{15} \sqrt{1 - \cos^{2}{\left(s \right)}} + a_{3} s \left(2 s - \tanh{\left(4 s \right)}\right) \left(s - \cos{\left(a_{11} s \right)} + 2\right) + a_{4} \left(32 \operatorname{asin}{\left(s \right)} + 64\right) \left(a_{5} + s \left(a_{10} + a_{9} s \left(a_{7} + s\right) \operatorname{acos}{\left(s \right)}\right) + s + \operatorname{sech}{\left(s \right)}\right)\right) \operatorname{acos}{\left(\operatorname{sech}{\left(\cos{\left(a_{8} + s \right)} \right)} \right)}\right)$,$y(s) = a_{13} + \left(- s - \sin{\left(\sin{\left(\sin{\left(a_{6} + s \right)} \right)} \right)}\right) \left(a_{1} \operatorname{acos}{\left(s \right)} + a_{14} + \left(a_{0} + a_{12} \left(a_{2} - 32 s\right) \left(- \sin{\left(4 \cos{\left(s \right)} \right)} + \operatorname{sech}{\left(s \right)}\right) + a_{12} \tanh{\left(8 s \right)} + a_{15} \sqrt{1 - \cos^{2}{\left(s \right)}} + a_{3} s \left(2 s - \tanh{\left(4 s \right)}\right) \left(s - \cos{\left(a_{11} s \right)} + 2\right) + a_{4} \left(32 \operatorname{asin}{\left(s \right)} + 64\right) \left(a_{5} + s \left(a_{10} + a_{9} s \left(a_{7} + s\right) \operatorname{acos}{\left(s \right)}\right) + s + \operatorname{sech}{\left(s \right)}\right)\right) \operatorname{acos}{\left(\operatorname{sech}{\left(\cos{\left(a_{8} + s \right)} \right)} \right)}\right)$,$y(s) = a_{13} + \left(- s - \sin{\left(\sin{\left(\sin{\left(a_{6} + s \right)} \right)} \right)}\right) \left(a_{1} \operatorname{acos}{\left(s \right)} + a_{14} + \left(a_{0} + a_{12} \left(a_{2} - 32 s\right) \left(- \sin{\left(4 \cos{\left(s \right)} \right)} + \operatorname{sech}{\left(s \right)}\right) + a_{12} \tanh{\left(8 s \right)} + a_{15} \sqrt{1 - \cos^{2}{\left(s \right)}} + a_{3} s \left(2 s - \tanh{\left(4 s \right)}\right) \left(s - \cos{\left(a_{11} s \right)} + 2\right) + a_{4} \left(32 \operatorname{asin}{\left(s \right)} + 64\right) \left(a_{5} + s \left(a_{10} + a_{9} s \left(a_{7} + s\right) \operatorname{acos}{\left(s \right)}\right) + s + \operatorname{sech}{\left(s \right)}\right)\right) \operatorname{acos}{\left(\operatorname{sech}{\left(\cos{\left(a_{8} + s \right)} \right)} \right)}\right)$,27,False,True
98,event65269_track356-hits,23,69,16,16,16,48,5,-14.805764851177223,3.5392001714968024e-07,0.9527239910510429,2.4066561166178256e-05,65.73795538252196,1.1460267221989645e-06,1.0271555528519056,-13.706003004962126,$y(s) = a_{13} + \left(- s - \sin{\left(\sin{\left(\sin{\left(a_{6} + s \right)} \right)} \right)}\right) \left(a_{1} \operatorname{acos}{\left(s \right)} + a_{14} + \left(a_{0} + a_{12} \left(a_{2} - 32 s\right) \left(- \sin{\left(4 \cos{\left(s \right)} \right)} + \operatorname{sech}{\left(s \right)}\right) + a_{12} \tanh{\left(8 s \right)} + a_{15} \sqrt{1 - \cos^{2}{\left(s \right)}} + a_{3} s \left(2 s - \tanh{\left(4 s \right)}\right) \left(s - \cos{\left(a_{11} s \right)} + 2\right) + a_{4} \left(32 \operatorname{asin}{\left(s \right)} + 64\right) \left(a_{5} + s \left(a_{10} + a_{9} s \left(a_{7} + s\right) \operatorname{acos}{\left(s \right)}\right) + s + \operatorname{sech}{\left(s \right)}\right)\right) \operatorname{acos}{\left(\operatorname{sech}{\left(\cos{\left(a_{8} + s \right)} \right)} \right)}\right)$,$y(s) = a_{13} + \left(- s - \sin{\left(\sin{\left(\sin{\left(a_{6} + s \right)} \right)} \right)}\right) \left(a_{1} \operatorname{acos}{\left(s \right)} + a_{14} + \left(a_{0} + a_{12} \left(a_{2} - 32 s\right) \left(- \sin{\left(4 \cos{\left(s \right)} \right)} + \operatorname{sech}{\left(s \right)}\right) + a_{12} \tanh{\left(8 s \right)} + a_{15} \sqrt{1 - \cos^{2}{\left(s \right)}} + a_{3} s \left(2 s - \tanh{\left(4 s \right)}\right) \left(s - \cos{\left(a_{11} s \right)} + 2\right) + a_{4} \left(32 \operatorname{asin}{\left(s \right)} + 64\right) \left(a_{5} + s \left(a_{10} + a_{9} s \left(a_{7} + s\right) \operatorname{acos}{\left(s \right)}\right) + s + \operatorname{sech}{\left(s \right)}\right)\right) \operatorname{acos}{\left(\operatorname{sech}{\left(\cos{\left(a_{8} + s \right)} \right)} \right)}\right)$,$y(s) = a_{13} + \left(- s - \sin{\left(\sin{\left(\sin{\left(a_{6} + s \right)} \right)} \right)}\right) \left(a_{1} \operatorname{acos}{\left(s \right)} + a_{14} + \left(a_{0} + a_{12} \left(a_{2} - 32 s\right) \left(- \sin{\left(4 \cos{\left(s \right)} \right)} + \operatorname{sech}{\left(s \right)}\right) + a_{12} \tanh{\left(8 s \right)} + a_{15} \sqrt{1 - \cos^{2}{\left(s \right)}} + a_{3} s \left(2 s - \tanh{\left(4 s \right)}\right) \left(s - \cos{\left(a_{11} s \right)} + 2\right) + a_{4} \left(32 \operatorname{asin}{\left(s \right)} + 64\right) \left(a_{5} + s \left(a_{10} + a_{9} s \left(a_{7} + s\right) \operatorname{acos}{\left(s \right)}\right) + s + \operatorname{sech}{\left(s \right)}\right)\right) \operatorname{acos}{\left(\operatorname{sech}{\left(\cos{\left(a_{8} + s \right)} \right)} \right)}\right)$,21,False,True
20,event65057_track76-hits,25,75,16,16,16,48,5,-14.577718586220554,8.154852968592286e-07,1.7475872835913773,6.034591196758292e-05,131.0690462693533,2.2350337765771453e-06,1.872414946705047,-13.638483230507665,$y(s) = a_{13} + \left(- s - \sin{\left(\sin{\left(\sin{\left(a_{6} + s \right)} \right)} \right)}\right) \left(a_{1} \operatorname{acos}{\left(s \right)} + a_{14} + \left(a_{0} + a_{12} \left(a_{2} - 32 s\right) \left(- \sin{\left(4 \cos{\left(s \right)} \right)} + \operatorname{sech}{\left(s \right)}\right) + a_{12} \tanh{\left(8 s \right)} + a_{15} \sqrt{1 - \cos^{2}{\left(s \right)}} + a_{3} s \left(2 s - \tanh{\left(4 s \right)}\right) \left(s - \cos{\left(a_{11} s \right)} + 2\right) + a_{4} \left(32 \operatorname{asin}{\left(s \right)} + 64\right) \left(a_{5} + s \left(a_{10} + a_{9} s \left(a_{7} + s\right) \operatorname{acos}{\left(s \right)}\right) + s + \operatorname{sech}{\left(s \right)}\right)\right) \operatorname{acos}{\left(\operatorname{sech}{\left(\cos{\left(a_{8} + s \right)} \right)} \right)}\right)$,$y(s) = a_{13} + \left(- s - \sin{\left(\sin{\left(\sin{\left(a_{6} + s \right)} \right)} \right)}\right) \left(a_{1} \operatorname{acos}{\left(s \right)} + a_{14} + \left(a_{0} + a_{12} \left(a_{2} - 32 s\right) \left(- \sin{\left(4 \cos{\left(s \right)} \right)} + \operatorname{sech}{\left(s \right)}\right) + a_{12} \tanh{\left(8 s \right)} + a_{15} \sqrt{1 - \cos^{2}{\left(s \right)}} + a_{3} s \left(2 s - \tanh{\left(4 s \right)}\right) \left(s - \cos{\left(a_{11} s \right)} + 2\right) + a_{4} \left(32 \operatorname{asin}{\left(s \right)} + 64\right) \left(a_{5} + s \left(a_{10} + a_{9} s \left(a_{7} + s\right) \operatorname{acos}{\left(s \right)}\right) + s + \operatorname{sech}{\left(s \right)}\right)\right) \operatorname{acos}{\left(\operatorname{sech}{\left(\cos{\left(a_{8} + s \right)} \right)} \right)}\right)$,$y(s) = a_{13} + \left(- s - \sin{\left(\sin{\left(\sin{\left(a_{6} + s \right)} \right)} \right)}\right) \left(a_{1} \operatorname{acos}{\left(s \right)} + a_{14} + \left(a_{0} + a_{12} \left(a_{2} - 32 s\right) \left(- \sin{\left(4 \cos{\left(s \right)} \right)} + \operatorname{sech}{\left(s \right)}\right) + a_{12} \tanh{\left(8 s \right)} + a_{15} \sqrt{1 - \cos^{2}{\left(s \right)}} + a_{3} s \left(2 s - \tanh{\left(4 s \right)}\right) \left(s - \cos{\left(a_{11} s \right)} + 2\right) + a_{4} \left(32 \operatorname{asin}{\left(s \right)} + 64\right) \left(a_{5} + s \left(a_{10} + a_{9} s \left(a_{7} + s\right) \operatorname{acos}{\left(s \right)}\right) + s + \operatorname{sech}{\left(s \right)}\right)\right) \operatorname{acos}{\left(\operatorname{sech}{\left(\cos{\left(a_{8} + s \right)} \right)} \right)}\right)$,27,False,True
15,event65042_track273-hits,24,72,16,16,16,48,5,-14.610588590718395,3.9390013442331376e-08,0.08723366744910449,2.796690954405528e-06,6.280824056335524,1.16528789766897e-07,0.09374364263187349,-13.597936043650115,$y(s) = a_{13} + \left(- s - \sin{\left(\sin{\left(\sin{\left(a_{6} + s \right)} \right)} \right)}\right) \left(a_{1} \operatorname{acos}{\left(s \right)} + a_{14} + \left(a_{0} + a_{12} \left(a_{2} - 32 s\right) \left(- \sin{\left(4 \cos{\left(s \right)} \right)} + \operatorname{sech}{\left(s \right)}\right) + a_{12} \tanh{\left(8 s \right)} + a_{15} \sqrt{1 - \cos^{2}{\left(s \right)}} + a_{3} s \left(2 s - \tanh{\left(4 s \right)}\right) \left(s - \cos{\left(a_{11} s \right)} + 2\right) + a_{4} \left(32 \operatorname{asin}{\left(s \right)} + 64\right) \left(a_{5} + s \left(a_{10} + a_{9} s \left(a_{7} + s\right) \operatorname{acos}{\left(s \right)}\right) + s + \operatorname{sech}{\left(s \right)}\right)\right) \operatorname{acos}{\left(\operatorname{sech}{\left(\cos{\left(a_{8} + s \right)} \right)} \right)}\right)$,$y(s) = a_{13} + \left(- s - \sin{\left(\sin{\left(\sin{\left(a_{6} + s \right)} \right)} \right)}\right) \left(a_{1} \operatorname{acos}{\left(s \right)} + a_{14} + \left(a_{0} + a_{12} \left(a_{2} - 32 s\right) \left(- \sin{\left(4 \cos{\left(s \right)} \right)} + \operatorname{sech}{\left(s \right)}\right) + a_{12} \tanh{\left(8 s \right)} + a_{15} \sqrt{1 - \cos^{2}{\left(s \right)}} + a_{3} s \left(2 s - \tanh{\left(4 s \right)}\right) \left(s - \cos{\left(a_{11} s \right)} + 2\right) + a_{4} \left(32 \operatorname{asin}{\left(s \right)} + 64\right) \left(a_{5} + s \left(a_{10} + a_{9} s \left(a_{7} + s\right) \operatorname{acos}{\left(s \right)}\right) + s + \operatorname{sech}{\left(s \right)}\right)\right) \operatorname{acos}{\left(\operatorname{sech}{\left(\cos{\left(a_{8} + s \right)} \right)} \right)}\right)$,$y(s) = a_{13} + \left(- s - \sin{\left(\sin{\left(\sin{\left(a_{6} + s \right)} \right)} \right)}\right) \left(a_{1} \operatorname{acos}{\left(s \right)} + a_{14} + \left(a_{0} + a_{12} \left(a_{2} - 32 s\right) \left(- \sin{\left(4 \cos{\left(s \right)} \right)} + \operatorname{sech}{\left(s \right)}\right) + a_{12} \tanh{\left(8 s \right)} + a_{15} \sqrt{1 - \cos^{2}{\left(s \right)}} + a_{3} s \left(2 s - \tanh{\left(4 s \right)}\right) \left(s - \cos{\left(a_{11} s \right)} + 2\right) + a_{4} \left(32 \operatorname{asin}{\left(s \right)} + 64\right) \left(a_{5} + s \left(a_{10} + a_{9} s \left(a_{7} + s\right) \operatorname{acos}{\left(s \right)}\right) + s + \operatorname{sech}{\left(s \right)}\right)\right) \operatorname{acos}{\left(\operatorname{sech}{\left(\cos{\left(a_{8} + s \right)} \right)} \right)}\right)$,24,False,True
54,event65138_track363-hits,25,75,16,16,16,48,5,-14.44754055573878,4.40540816038048e-07,0.8288449435467932,3.260002038681555e-05,62.163370766009486,1.2074081624746498e-06,0.8880481538001355,-13.508305200025891,$y(s) = a_{13} + \left(- s - \sin{\left(\sin{\left(\sin{\left(a_{6} + s \right)} \right)} \right)}\right) \left(a_{1} \operatorname{acos}{\left(s \right)} + a_{14} + \left(a_{0} + a_{12} \left(a_{2} - 32 s\right) \left(- \sin{\left(4 \cos{\left(s \right)} \right)} + \operatorname{sech}{\left(s \right)}\right) + a_{12} \tanh{\left(8 s \right)} + a_{15} \sqrt{1 - \cos^{2}{\left(s \right)}} + a_{3} s \left(2 s - \tanh{\left(4 s \right)}\right) \left(s - \cos{\left(a_{11} s \right)} + 2\right) + a_{4} \left(32 \operatorname{asin}{\left(s \right)} + 64\right) \left(a_{5} + s \left(a_{10} + a_{9} s \left(a_{7} + s\right) \operatorname{acos}{\left(s \right)}\right) + s + \operatorname{sech}{\left(s \right)}\right)\right) \operatorname{acos}{\left(\operatorname{sech}{\left(\cos{\left(a_{8} + s \right)} \right)} \right)}\right)$,$y(s) = a_{13} + \left(- s - \sin{\left(\sin{\left(\sin{\left(a_{6} + s \right)} \right)} \right)}\right) \left(a_{1} \operatorname{acos}{\left(s \right)} + a_{14} + \left(a_{0} + a_{12} \left(a_{2} - 32 s\right) \left(- \sin{\left(4 \cos{\left(s \right)} \right)} + \operatorname{sech}{\left(s \right)}\right) + a_{12} \tanh{\left(8 s \right)} + a_{15} \sqrt{1 - \cos^{2}{\left(s \right)}} + a_{3} s \left(2 s - \tanh{\left(4 s \right)}\right) \left(s - \cos{\left(a_{11} s \right)} + 2\right) + a_{4} \left(32 \operatorname{asin}{\left(s \right)} + 64\right) \left(a_{5} + s \left(a_{10} + a_{9} s \left(a_{7} + s\right) \operatorname{acos}{\left(s \right)}\right) + s + \operatorname{sech}{\left(s \right)}\right)\right) \operatorname{acos}{\left(\operatorname{sech}{\left(\cos{\left(a_{8} + s \right)} \right)} \right)}\right)$,$y(s) = a_{13} + \left(- s - \sin{\left(\sin{\left(\sin{\left(a_{6} + s \right)} \right)} \right)}\right) \left(a_{1} \operatorname{acos}{\left(s \right)} + a_{14} + \left(a_{0} + a_{12} \left(a_{2} - 32 s\right) \left(- \sin{\left(4 \cos{\left(s \right)} \right)} + \operatorname{sech}{\left(s \right)}\right) + a_{12} \tanh{\left(8 s \right)} + a_{15} \sqrt{1 - \cos^{2}{\left(s \right)}} + a_{3} s \left(2 s - \tanh{\left(4 s \right)}\right) \left(s - \cos{\left(a_{11} s \right)} + 2\right) + a_{4} \left(32 \operatorname{asin}{\left(s \right)} + 64\right) \left(a_{5} + s \left(a_{10} + a_{9} s \left(a_{7} + s\right) \operatorname{acos}{\left(s \right)}\right) + s + \operatorname{sech}{\left(s \right)}\right)\right) \operatorname{acos}{\left(\operatorname{sech}{\left(\cos{\left(a_{8} + s \right)} \right)} \right)}\right)$,27,False,True
73,event65185_track76-hits,24,72,16,16,16,48,5,-14.454439334169452,6.426309572483864e-07,1.2174324814644637,4.5626797964635435e-05,87.65513866544138,1.9011165818598098e-06,1.3082856517230057,-13.44178678710117,$y(s) = a_{13} + \left(- s - \sin{\left(\sin{\left(\sin{\left(a_{6} + s \right)} \right)} \right)}\right) \left(a_{1} \operatorname{acos}{\left(s \right)} + a_{14} + \left(a_{0} + a_{12} \left(a_{2} - 32 s\right) \left(- \sin{\left(4 \cos{\left(s \right)} \right)} + \operatorname{sech}{\left(s \right)}\right) + a_{12} \tanh{\left(8 s \right)} + a_{15} \sqrt{1 - \cos^{2}{\left(s \right)}} + a_{3} s \left(2 s - \tanh{\left(4 s \right)}\right) \left(s - \cos{\left(a_{11} s \right)} + 2\right) + a_{4} \left(32 \operatorname{asin}{\left(s \right)} + 64\right) \left(a_{5} + s \left(a_{10} + a_{9} s \left(a_{7} + s\right) \operatorname{acos}{\left(s \right)}\right) + s + \operatorname{sech}{\left(s \right)}\right)\right) \operatorname{acos}{\left(\operatorname{sech}{\left(\cos{\left(a_{8} + s \right)} \right)} \right)}\right)$,$y(s) = a_{13} + \left(- s - \sin{\left(\sin{\left(\sin{\left(a_{6} + s \right)} \right)} \right)}\right) \left(a_{1} \operatorname{acos}{\left(s \right)} + a_{14} + \left(a_{0} + a_{12} \left(a_{2} - 32 s\right) \left(- \sin{\left(4 \cos{\left(s \right)} \right)} + \operatorname{sech}{\left(s \right)}\right) + a_{12} \tanh{\left(8 s \right)} + a_{15} \sqrt{1 - \cos^{2}{\left(s \right)}} + a_{3} s \left(2 s - \tanh{\left(4 s \right)}\right) \left(s - \cos{\left(a_{11} s \right)} + 2\right) + a_{4} \left(32 \operatorname{asin}{\left(s \right)} + 64\right) \left(a_{5} + s \left(a_{10} + a_{9} s \left(a_{7} + s\right) \operatorname{acos}{\left(s \right)}\right) + s + \operatorname{sech}{\left(s \right)}\right)\right) \operatorname{acos}{\left(\operatorname{sech}{\left(\cos{\left(a_{8} + s \right)} \right)} \right)}\right)$,$y(s) = a_{13} + \left(- s - \sin{\left(\sin{\left(\sin{\left(a_{6} + s \right)} \right)} \right)}\right) \left(a_{1} \operatorname{acos}{\left(s \right)} + a_{14} + \left(a_{0} + a_{12} \left(a_{2} - 32 s\right) \left(- \sin{\left(4 \cos{\left(s \right)} \right)} + \operatorname{sech}{\left(s \right)}\right) + a_{12} \tanh{\left(8 s \right)} + a_{15} \sqrt{1 - \cos^{2}{\left(s \right)}} + a_{3} s \left(2 s - \tanh{\left(4 s \right)}\right) \left(s - \cos{\left(a_{11} s \right)} + 2\right) + a_{4} \left(32 \operatorname{asin}{\left(s \right)} + 64\right) \left(a_{5} + s \left(a_{10} + a_{9} s \left(a_{7} + s\right) \operatorname{acos}{\left(s \right)}\right) + s + \operatorname{sech}{\left(s \right)}\right)\right) \operatorname{acos}{\left(\operatorname{sech}{\left(\cos{\left(a_{8} + s \right)} \right)} \right)}\right)$,24,False,True
61,event65150_track241-hits,25,75,16,16,16,48,5,-14.232598628761822,1.4672132467501423e-07,0.22265491529551681,1.0857378025951053e-05,16.69911864716376,4.0212511207226125e-07,0.23855883781662515,-13.293363273048932,$y(s) = a_{13} + \left(- s - \sin{\left(\sin{\left(\sin{\left(a_{6} + s \right)} \right)} \right)}\right) \left(a_{1} \operatorname{acos}{\left(s \right)} + a_{14} + \left(a_{0} + a_{12} \left(a_{2} - 32 s\right) \left(- \sin{\left(4 \cos{\left(s \right)} \right)} + \operatorname{sech}{\left(s \right)}\right) + a_{12} \tanh{\left(8 s \right)} + a_{15} \sqrt{1 - \cos^{2}{\left(s \right)}} + a_{3} s \left(2 s - \tanh{\left(4 s \right)}\right) \left(s - \cos{\left(a_{11} s \right)} + 2\right) + a_{4} \left(32 \operatorname{asin}{\left(s \right)} + 64\right) \left(a_{5} + s \left(a_{10} + a_{9} s \left(a_{7} + s\right) \operatorname{acos}{\left(s \right)}\right) + s + \operatorname{sech}{\left(s \right)}\right)\right) \operatorname{acos}{\left(\operatorname{sech}{\left(\cos{\left(a_{8} + s \right)} \right)} \right)}\right)$,$y(s) = a_{13} + \left(- s - \sin{\left(\sin{\left(\sin{\left(a_{6} + s \right)} \right)} \right)}\right) \left(a_{1} \operatorname{acos}{\left(s \right)} + a_{14} + \left(a_{0} + a_{12} \left(a_{2} - 32 s\right) \left(- \sin{\left(4 \cos{\left(s \right)} \right)} + \operatorname{sech}{\left(s \right)}\right) + a_{12} \tanh{\left(8 s \right)} + a_{15} \sqrt{1 - \cos^{2}{\left(s \right)}} + a_{3} s \left(2 s - \tanh{\left(4 s \right)}\right) \left(s - \cos{\left(a_{11} s \right)} + 2\right) + a_{4} \left(32 \operatorname{asin}{\left(s \right)} + 64\right) \left(a_{5} + s \left(a_{10} + a_{9} s \left(a_{7} + s\right) \operatorname{acos}{\left(s \right)}\right) + s + \operatorname{sech}{\left(s \right)}\right)\right) \operatorname{acos}{\left(\operatorname{sech}{\left(\cos{\left(a_{8} + s \right)} \right)} \right)}\right)$,$y(s) = a_{13} + \left(- s - \sin{\left(\sin{\left(\sin{\left(a_{6} + s \right)} \right)} \right)}\right) \left(a_{1} \operatorname{acos}{\left(s \right)} + a_{14} + \left(a_{0} + a_{12} \left(a_{2} - 32 s\right) \left(- \sin{\left(4 \cos{\left(s \right)} \right)} + \operatorname{sech}{\left(s \right)}\right) + a_{12} \tanh{\left(8 s \right)} + a_{15} \sqrt{1 - \cos^{2}{\left(s \right)}} + a_{3} s \left(2 s - \tanh{\left(4 s \right)}\right) \left(s - \cos{\left(a_{11} s \right)} + 2\right) + a_{4} \left(32 \operatorname{asin}{\left(s \right)} + 64\right) \left(a_{5} + s \left(a_{10} + a_{9} s \left(a_{7} + s\right) \operatorname{acos}{\left(s \right)}\right) + s + \operatorname{sech}{\left(s \right)}\right)\right) \operatorname{acos}{\left(\operatorname{sech}{\left(\cos{\left(a_{8} + s \right)} \right)} \right)}\right)$,27,False,True
29,event65076_track130-hits,21,63,16,16,16,48,5,-14.575743960336892,9.979841610763738e-08,0.21344639308730928,6.187501798673518e-06,13.447122764500484,4.1250011991156783e-07,0.2318469442155256,-13.239351492239125,$y(s) = a_{13} + \left(- s - \sin{\left(\sin{\left(\sin{\left(a_{6} + s \right)} \right)} \right)}\right) \left(a_{1} \operatorname{acos}{\left(s \right)} + a_{14} + \left(a_{0} + a_{12} \left(a_{2} - 32 s\right) \left(- \sin{\left(4 \cos{\left(s \right)} \right)} + \operatorname{sech}{\left(s \right)}\right) + a_{12} \tanh{\left(8 s \right)} + a_{15} \sqrt{1 - \cos^{2}{\left(s \right)}} + a_{3} s \left(2 s - \tanh{\left(4 s \right)}\right) \left(s - \cos{\left(a_{11} s \right)} + 2\right) + a_{4} \left(32 \operatorname{asin}{\left(s \right)} + 64\right) \left(a_{5} + s \left(a_{10} + a_{9} s \left(a_{7} + s\right) \operatorname{acos}{\left(s \right)}\right) + s + \operatorname{sech}{\left(s \right)}\right)\right) \operatorname{acos}{\left(\operatorname{sech}{\left(\cos{\left(a_{8} + s \right)} \right)} \right)}\right)$,$y(s) = a_{13} + \left(- s - \sin{\left(\sin{\left(\sin{\left(a_{6} + s \right)} \right)} \right)}\right) \left(a_{1} \operatorname{acos}{\left(s \right)} + a_{14} + \left(a_{0} + a_{12} \left(a_{2} - 32 s\right) \left(- \sin{\left(4 \cos{\left(s \right)} \right)} + \operatorname{sech}{\left(s \right)}\right) + a_{12} \tanh{\left(8 s \right)} + a_{15} \sqrt{1 - \cos^{2}{\left(s \right)}} + a_{3} s \left(2 s - \tanh{\left(4 s \right)}\right) \left(s - \cos{\left(a_{11} s \right)} + 2\right) + a_{4} \left(32 \operatorname{asin}{\left(s \right)} + 64\right) \left(a_{5} + s \left(a_{10} + a_{9} s \left(a_{7} + s\right) \operatorname{acos}{\left(s \right)}\right) + s + \operatorname{sech}{\left(s \right)}\right)\right) \operatorname{acos}{\left(\operatorname{sech}{\left(\cos{\left(a_{8} + s \right)} \right)} \right)}\right)$,$y(s) = a_{13} + \left(- s - \sin{\left(\sin{\left(\sin{\left(a_{6} + s \right)} \right)} \right)}\right) \left(a_{1} \operatorname{acos}{\left(s \right)} + a_{14} + \left(a_{0} + a_{12} \left(a_{2} - 32 s\right) \left(- \sin{\left(4 \cos{\left(s \right)} \right)} + \operatorname{sech}{\left(s \right)}\right) + a_{12} \tanh{\left(8 s \right)} + a_{15} \sqrt{1 - \cos^{2}{\left(s \right)}} + a_{3} s \left(2 s - \tanh{\left(4 s \right)}\right) \left(s - \cos{\left(a_{11} s \right)} + 2\right) + a_{4} \left(32 \operatorname{asin}{\left(s \right)} + 64\right) \left(a_{5} + s \left(a_{10} + a_{9} s \left(a_{7} + s\right) \operatorname{acos}{\left(s \right)}\right) + s + \operatorname{sech}{\left(s \right)}\right)\right) \operatorname{acos}{\left(\operatorname{sech}{\left(\cos{\left(a_{8} + s \right)} \right)} \right)}\right)$,15,False,True
89,event65245_track143-hits,25,75,16,16,16,48,5,-13.791533689511866,5.777889979950693e-07,0.5641001903574121,4.275638585163513e-05,42.30751427680591,1.5835698463568567e-06,0.6043930610972273,-12.852298333798977,$y(s) = a_{13} + \left(- s - \sin{\left(\sin{\left(\sin{\left(a_{6} + s \right)} \right)} \right)}\right) \left(a_{1} \operatorname{acos}{\left(s \right)} + a_{14} + \left(a_{0} + a_{12} \left(a_{2} - 32 s\right) \left(- \sin{\left(4 \cos{\left(s \right)} \right)} + \operatorname{sech}{\left(s \right)}\right) + a_{12} \tanh{\left(8 s \right)} + a_{15} \sqrt{1 - \cos^{2}{\left(s \right)}} + a_{3} s \left(2 s - \tanh{\left(4 s \right)}\right) \left(s - \cos{\left(a_{11} s \right)} + 2\right) + a_{4} \left(32 \operatorname{asin}{\left(s \right)} + 64\right) \left(a_{5} + s \left(a_{10} + a_{9} s \left(a_{7} + s\right) \operatorname{acos}{\left(s \right)}\right) + s + \operatorname{sech}{\left(s \right)}\right)\right) \operatorname{acos}{\left(\operatorname{sech}{\left(\cos{\left(a_{8} + s \right)} \right)} \right)}\right)$,$y(s) = a_{13} + \left(- s - \sin{\left(\sin{\left(\sin{\left(a_{6} + s \right)} \right)} \right)}\right) \left(a_{1} \operatorname{acos}{\left(s \right)} + a_{14} + \left(a_{0} + a_{12} \left(a_{2} - 32 s\right) \left(- \sin{\left(4 \cos{\left(s \right)} \right)} + \operatorname{sech}{\left(s \right)}\right) + a_{12} \tanh{\left(8 s \right)} + a_{15} \sqrt{1 - \cos^{2}{\left(s \right)}} + a_{3} s \left(2 s - \tanh{\left(4 s \right)}\right) \left(s - \cos{\left(a_{11} s \right)} + 2\right) + a_{4} \left(32 \operatorname{asin}{\left(s \right)} + 64\right) \left(a_{5} + s \left(a_{10} + a_{9} s \left(a_{7} + s\right) \operatorname{acos}{\left(s \right)}\right) + s + \operatorname{sech}{\left(s \right)}\right)\right) \operatorname{acos}{\left(\operatorname{sech}{\left(\cos{\left(a_{8} + s \right)} \right)} \right)}\right)$,$y(s) = a_{13} + \left(- s - \sin{\left(\sin{\left(\sin{\left(a_{6} + s \right)} \right)} \right)}\right) \left(a_{1} \operatorname{acos}{\left(s \right)} + a_{14} + \left(a_{0} + a_{12} \left(a_{2} - 32 s\right) \left(- \sin{\left(4 \cos{\left(s \right)} \right)} + \operatorname{sech}{\left(s \right)}\right) + a_{12} \tanh{\left(8 s \right)} + a_{15} \sqrt{1 - \cos^{2}{\left(s \right)}} + a_{3} s \left(2 s - \tanh{\left(4 s \right)}\right) \left(s - \cos{\left(a_{11} s \right)} + 2\right) + a_{4} \left(32 \operatorname{asin}{\left(s \right)} + 64\right) \left(a_{5} + s \left(a_{10} + a_{9} s \left(a_{7} + s\right) \operatorname{acos}{\left(s \right)}\right) + s + \operatorname{sech}{\left(s \right)}\right)\right) \operatorname{acos}{\left(\operatorname{sech}{\left(\cos{\left(a_{8} + s \right)} \right)} \right)}\right)$,27,False,True
39,event65103_track323-hits,20,60,16,16,16,48,5,-14.357600334227334,2.1655639690015266e-07,0.3723896616287873,1.2776827417109006e-05,22.343379697727237,1.0647356180924172e-06,0.4062432672314043,-12.851980917099244,$y(s) = a_{13} + \left(- s - \sin{\left(\sin{\left(\sin{\left(a_{6} + s \right)} \right)} \right)}\right) \left(a_{1} \operatorname{acos}{\left(s \right)} + a_{14} + \left(a_{0} + a_{12} \left(a_{2} - 32 s\right) \left(- \sin{\left(4 \cos{\left(s \right)} \right)} + \operatorname{sech}{\left(s \right)}\right) + a_{12} \tanh{\left(8 s \right)} + a_{15} \sqrt{1 - \cos^{2}{\left(s \right)}} + a_{3} s \left(2 s - \tanh{\left(4 s \right)}\right) \left(s - \cos{\left(a_{11} s \right)} + 2\right) + a_{4} \left(32 \operatorname{asin}{\left(s \right)} + 64\right) \left(a_{5} + s \left(a_{10} + a_{9} s \left(a_{7} + s\right) \operatorname{acos}{\left(s \right)}\right) + s + \operatorname{sech}{\left(s \right)}\right)\right) \operatorname{acos}{\left(\operatorname{sech}{\left(\cos{\left(a_{8} + s \right)} \right)} \right)}\right)$,$y(s) = a_{13} + \left(- s - \sin{\left(\sin{\left(\sin{\left(a_{6} + s \right)} \right)} \right)}\right) \left(a_{1} \operatorname{acos}{\left(s \right)} + a_{14} + \left(a_{0} + a_{12} \left(a_{2} - 32 s\right) \left(- \sin{\left(4 \cos{\left(s \right)} \right)} + \operatorname{sech}{\left(s \right)}\right) + a_{12} \tanh{\left(8 s \right)} + a_{15} \sqrt{1 - \cos^{2}{\left(s \right)}} + a_{3} s \left(2 s - \tanh{\left(4 s \right)}\right) \left(s - \cos{\left(a_{11} s \right)} + 2\right) + a_{4} \left(32 \operatorname{asin}{\left(s \right)} + 64\right) \left(a_{5} + s \left(a_{10} + a_{9} s \left(a_{7} + s\right) \operatorname{acos}{\left(s \right)}\right) + s + \operatorname{sech}{\left(s \right)}\right)\right) \operatorname{acos}{\left(\operatorname{sech}{\left(\cos{\left(a_{8} + s \right)} \right)} \right)}\right)$,$y(s) = a_{13} + \left(- s - \sin{\left(\sin{\left(\sin{\left(a_{6} + s \right)} \right)} \right)}\right) \left(a_{1} \operatorname{acos}{\left(s \right)} + a_{14} + \left(a_{0} + a_{12} \left(a_{2} - 32 s\right) \left(- \sin{\left(4 \cos{\left(s \right)} \right)} + \operatorname{sech}{\left(s \right)}\right) + a_{12} \tanh{\left(8 s \right)} + a_{15} \sqrt{1 - \cos^{2}{\left(s \right)}} + a_{3} s \left(2 s - \tanh{\left(4 s \right)}\right) \left(s - \cos{\left(a_{11} s \right)} + 2\right) + a_{4} \left(32 \operatorname{asin}{\left(s \right)} + 64\right) \left(a_{5} + s \left(a_{10} + a_{9} s \left(a_{7} + s\right) \operatorname{acos}{\left(s \right)}\right) + s + \operatorname{sech}{\left(s \right)}\right)\right) \operatorname{acos}{\left(\operatorname{sech}{\left(\cos{\left(a_{8} + s \right)} \right)} \right)}\right)$,12,False,True
