constraint_region,kx,ky,kz,k_sr,count
constrained,39,39,39,117,38
constrained,39,32,39,110,8
constrained,39,39,32,110,7
constrained,39,39,42,120,6
constrained,16,16,3,35,5
constrained,32,39,39,110,4
constrained,16,16,16,48,3
constrained,42,39,39,120,3
constrained,32,42,32,106,2
constrained,32,42,39,113,2
constrained,39,41,39,119,2
constrained,3,3,3,9,1
constrained,16,21,16,53,1
constrained,16,32,39,87,1
constrained,16,42,39,97,1
constrained,21,21,16,58,1
constrained,21,21,21,63,1
constrained,32,21,32,85,1
constrained,32,32,32,96,1
constrained,32,32,39,103,1
constrained,32,39,32,103,1
constrained,39,16,16,71,1
constrained,39,32,16,87,1
constrained,39,32,32,103,1
constrained,39,32,42,113,1
constrained,39,41,42,122,1
constrained,39,42,42,123,1
constrained,42,16,39,97,1
constrained,42,39,42,123,1
constrained,42,41,41,124,1
constrained,42,42,39,123,1
