event_id,track_id,particle_id,n_shared,n_reco_hits,n_true_hits,purity_reco,purity_calc,eff_true,PID,pt,n_rows,n_truth_contributors,n_shared_second,second_frac,extra_hit_frac,n_reco_for_same_dominant_particle,duplicate_like,is_weird,is_fragment,is_completeish,is_pure,is_impure,is_strict_fake,is_near_fake,has_extra_hits,enough_hits,is_reco_candidate,levi_candidate,levi_truth_reconstructible,levi_double_majority_match,gnn_merged_artifact,partial_PID15,fails_double_majority,levi_style_fake_cleaned,levi_category
65522,149,924,23,43,24,0.5348837209302325,0.5348837209302325,0.9583333333333334,211,0.2610134096172072,43,2,23.0,0.5348837209302325,0.4651162790697675,2,True,False,False,True,False,True,False,True,True,True,True,True,True,True,True,False,False,False,GNN merged/glued artifact
67846,288,1419,25,50,25,0.5,0.5,1.0,211,12.288128986953222,50,2,25.0,0.5,0.5,1,False,False,False,True,False,True,False,True,True,True,True,True,True,False,True,False,True,False,GNN merged/glued artifact
68595,168,698,25,50,25,0.5,0.5,1.0,-211,1.7122269125323315,50,2,25.0,0.5,0.5,1,False,False,False,True,False,True,False,True,True,True,True,True,True,False,True,False,True,False,GNN merged/glued artifact
66317,376,1911,25,50,25,0.5,0.5,1.0,-2112,68.88603411432538,50,2,25.0,0.5,0.5,1,False,False,False,True,False,True,False,True,True,True,True,True,True,False,True,False,True,False,GNN merged/glued artifact
67583,44,267,25,49,25,0.5102040816326531,0.5102040816326531,1.0,211,9.022295993814437,49,2,25.0,0.5102040816326531,0.4897959183673469,1,False,False,False,True,False,True,False,True,True,True,True,True,True,True,True,False,False,False,GNN merged/glued artifact
65050,174,2105,25,49,25,0.5102040816326531,0.5102040816326531,1.0,211,6.0717555945541815,49,2,25.0,0.5102040816326531,0.4897959183673469,1,False,False,False,True,False,True,False,True,True,True,True,True,True,True,True,False,False,False,GNN merged/glued artifact
65326,149,1624,25,43,25,0.5813953488372093,0.5813953488372093,1.0,-211,0.4068709869233735,25,1,25.0,0.5813953488372093,0.0,1,False,False,False,True,False,True,False,True,True,True,True,True,True,True,False,False,False,False,double-majority matched SM/helical
67114,332,2038,25,50,25,0.5,0.5,1.0,211,7.476690845554603,50,2,25.0,0.5,0.5,1,False,False,False,True,False,True,False,True,True,True,True,True,True,False,True,False,True,False,GNN merged/glued artifact
68282,279,1915,25,50,25,0.5,0.5,1.0,-211,0.3015327511233233,50,2,25.0,0.5,0.5,1,False,False,False,True,False,True,False,True,True,True,True,True,True,False,True,False,True,False,GNN merged/glued artifact
65270,89,387,25,50,25,0.5,0.5,1.0,-211,2.247637203820937,50,2,25.0,0.5,0.5,1,False,False,False,True,False,True,False,True,True,True,True,True,True,False,True,False,True,False,GNN merged/glued artifact
66093,159,904,25,50,25,0.5,0.5,1.0,211,0.6879832846806673,50,2,25.0,0.5,0.5,1,False,False,False,True,False,True,False,True,True,True,True,True,True,False,True,False,True,False,GNN merged/glued artifact
67729,119,1704,25,44,25,0.5681818181818182,0.5681818181818182,1.0,-211,0.3930050890255748,44,2,25.0,0.5681818181818182,0.43181818181818177,1,False,False,False,True,False,True,False,True,True,True,True,True,True,True,True,False,False,False,GNN merged/glued artifact
68132,494,2580,25,49,25,0.5102040816326531,0.5102040816326531,1.0,211,1.1198732071087334,49,2,25.0,0.5102040816326531,0.4897959183673469,1,False,False,False,True,False,True,False,True,True,True,True,True,True,True,True,False,False,False,GNN merged/glued artifact
67516,22,1249,25,44,25,0.5681818181818182,0.5681818181818182,1.0,211,0.3612035437256949,25,1,25.0,0.5681818181818182,0.0,1,False,False,False,True,False,True,False,True,True,True,True,True,True,True,False,False,False,False,double-majority matched SM/helical
66122,279,1433,25,44,25,0.5681818181818182,0.5681818181818182,1.0,-2212,22.259951123037087,44,2,25.0,0.5681818181818182,0.43181818181818177,1,False,False,False,True,False,True,False,True,True,True,True,True,True,True,True,False,False,False,GNN merged/glued artifact
66889,160,802,23,46,23,0.5,0.5,1.0,211,12.557711336067571,46,2,23.0,0.5,0.5,1,False,False,False,True,False,True,False,True,True,True,True,True,True,False,True,False,True,False,GNN merged/glued artifact
68569,40,315,25,50,25,0.5,0.5,1.0,-211,0.4527659439489679,50,2,25.0,0.5,0.5,1,False,False,False,True,False,True,False,True,True,True,True,True,True,False,True,False,True,False,GNN merged/glued artifact
66730,247,1022,25,47,25,0.5319148936170213,0.5319148936170213,1.0,211,2.767703199405601,47,2,25.0,0.5319148936170213,0.46808510638297873,1,False,False,False,True,False,True,False,True,True,True,True,True,True,True,True,False,False,False,GNN merged/glued artifact
67244,322,2233,25,46,25,0.5434782608695652,0.5434782608695652,1.0,-211,14.35467004148824,46,2,25.0,0.5434782608695652,0.4565217391304348,1,False,False,False,True,False,True,False,True,True,True,True,True,True,True,True,False,False,False,GNN merged/glued artifact
68114,168,987,25,48,25,0.5208333333333334,0.5208333333333334,1.0,211,36.98924823512908,48,2,25.0,0.5208333333333334,0.47916666666666663,1,False,False,False,True,False,True,False,True,True,True,True,True,True,True,True,False,False,False,GNN merged/glued artifact
66590,253,1693,25,50,25,0.5,0.5,1.0,-211,0.4967514469027745,50,2,25.0,0.5,0.5,1,False,False,False,True,False,True,False,True,True,True,True,True,True,False,True,False,True,False,GNN merged/glued artifact
68406,140,1034,25,50,25,0.5,0.5,1.0,211,0.4171714275930219,50,2,25.0,0.5,0.5,1,False,False,False,True,False,True,False,True,True,True,True,True,True,False,True,False,True,False,GNN merged/glued artifact
66001,9,389,25,50,25,0.5,0.5,1.0,-211,1.7323916993567017,50,2,25.0,0.5,0.5,1,False,False,False,True,False,True,False,True,True,True,True,True,True,False,True,False,True,False,GNN merged/glued artifact
66342,15,350,25,45,25,0.5555555555555556,0.5555555555555556,1.0,211,0.2798231584411841,45,2,25.0,0.5555555555555556,0.4444444444444444,1,False,False,False,True,False,True,False,True,True,True,True,True,True,True,True,False,False,False,GNN merged/glued artifact
66405,129,660,25,50,25,0.5,0.5,1.0,-211,1.3824037036987424,50,2,25.0,0.5,0.5,1,False,False,False,True,False,True,False,True,True,True,True,True,True,False,True,False,True,False,GNN merged/glued artifact
68919,605,3185,25,50,25,0.5,0.5,1.0,211,0.8789294624712497,50,2,25.0,0.5,0.5,1,False,False,False,True,False,True,False,True,True,True,True,True,True,False,True,False,True,False,GNN merged/glued artifact
68278,166,1092,25,50,25,0.5,0.5,1.0,-211,0.8698505618783033,50,2,25.0,0.5,0.5,1,False,False,False,True,False,True,False,True,True,True,True,True,True,False,True,False,True,False,GNN merged/glued artifact
65528,147,893,25,49,25,0.5102040816326531,0.5102040816326531,1.0,-211,0.2815137652051849,49,2,25.0,0.5102040816326531,0.4897959183673469,1,False,False,False,True,False,True,False,True,True,True,True,True,True,True,True,False,False,False,GNN merged/glued artifact
67192,254,1246,23,45,25,0.5111111111111111,0.5111111111111111,0.92,-2212,19.21748214517188,45,2,23.0,0.5111111111111111,0.48888888888888893,2,True,False,False,True,False,True,False,True,True,True,True,True,True,True,True,False,False,False,GNN merged/glued artifact
66872,278,702,23,45,25,0.5111111111111111,0.5111111111111111,0.92,-211,2.805593341879753,45,2,23.0,0.5111111111111111,0.48888888888888893,2,True,False,False,True,False,True,False,True,True,True,True,True,True,True,True,False,False,False,GNN merged/glued artifact
66071,168,1300,25,49,25,0.5102040816326531,0.5102040816326531,1.0,211,1.4286766604099053,49,2,25.0,0.5102040816326531,0.4897959183673469,1,False,False,False,True,False,True,False,True,True,True,True,True,True,True,True,False,False,False,GNN merged/glued artifact
68605,87,480,25,50,25,0.5,0.5,1.0,211,9.134120921030114,50,2,25.0,0.5,0.5,1,False,False,False,True,False,True,False,True,True,True,True,True,True,False,True,False,True,False,GNN merged/glued artifact
66542,408,1924,25,50,25,0.5,0.5,1.0,-211,3.943884886758233,50,2,25.0,0.5,0.5,1,False,False,False,True,False,True,False,True,True,True,True,True,True,False,True,False,True,False,GNN merged/glued artifact
67831,422,1723,25,50,25,0.5,0.5,1.0,211,1.3836184445142383,50,2,25.0,0.5,0.5,1,False,False,False,True,False,True,False,True,True,True,True,True,True,False,True,False,True,False,GNN merged/glued artifact
68504,85,1191,25,43,25,0.5813953488372093,0.5813953488372093,1.0,-211,1.1646394291796929,43,2,25.0,0.5813953488372093,0.41860465116279066,1,False,False,False,True,False,True,False,True,True,True,True,True,True,True,True,False,False,False,GNN merged/glued artifact
68239,103,896,21,36,22,0.5833333333333334,0.5833333333333334,0.9545454545454546,-211,0.2375226305007588,21,1,21.0,0.5833333333333334,0.0,2,True,False,False,True,False,True,False,True,True,True,True,True,True,True,False,False,False,False,double-majority matched SM/helical
68878,173,990,25,47,25,0.5319148936170213,0.5319148936170213,1.0,-211,6.042887389319778,47,2,25.0,0.5319148936170213,0.46808510638297873,1,False,False,False,True,False,True,False,True,True,True,True,True,True,True,True,False,False,False,GNN merged/glued artifact
68904,152,860,25,45,25,0.5555555555555556,0.5555555555555556,1.0,-2212,8.446124910276902,45,2,25.0,0.5555555555555556,0.4444444444444444,1,False,False,False,True,False,True,False,True,True,True,True,True,True,True,True,False,False,False,GNN merged/glued artifact
67525,214,1299,25,49,25,0.5102040816326531,0.5102040816326531,1.0,211,8.5596159376458,49,2,25.0,0.5102040816326531,0.4897959183673469,1,False,False,False,True,False,True,False,True,True,True,True,True,True,True,True,False,False,False,GNN merged/glued artifact
65590,299,1319,25,48,25,0.5208333333333334,0.5208333333333334,1.0,-211,21.351191489001263,48,2,25.0,0.5208333333333334,0.47916666666666663,1,False,False,False,True,False,True,False,True,True,True,True,True,True,True,True,False,False,False,GNN merged/glued artifact
66071,78,609,25,50,25,0.5,0.5,1.0,-211,63.69733332722807,50,2,25.0,0.5,0.5,1,False,False,False,True,False,True,False,True,True,True,True,True,True,False,True,False,True,False,GNN merged/glued artifact
68603,165,1395,21,40,23,0.525,0.525,0.9130434782608696,211,0.2459044529893674,21,1,21.0,0.525,0.0,3,True,False,False,True,False,True,False,True,True,True,True,True,True,True,False,False,False,False,double-majority matched SM/helical
66706,270,1656,25,49,25,0.5102040816326531,0.5102040816326531,1.0,-211,6.055736453974859,49,2,25.0,0.5102040816326531,0.4897959183673469,1,False,False,False,True,False,True,False,True,True,True,True,True,True,True,True,False,False,False,GNN merged/glued artifact
67442,263,1764,24,46,25,0.5217391304347826,0.5217391304347826,0.96,211,0.2667002062241422,46,2,24.0,0.5217391304347826,0.4782608695652174,2,True,False,False,True,False,True,False,True,True,True,True,True,True,True,True,False,False,False,GNN merged/glued artifact
65142,101,830,25,50,25,0.5,0.5,1.0,-211,6.680179189213415,50,3,25.0,0.5,0.5,1,False,False,False,True,False,True,False,True,True,True,True,True,True,False,True,False,True,False,GNN merged/glued artifact
67987,217,983,25,50,25,0.5,0.5,1.0,211,4.417302570574037,50,2,25.0,0.5,0.5,1,False,False,False,True,False,True,False,True,True,True,True,True,True,False,True,False,True,False,GNN merged/glued artifact
65576,145,2055,25,46,25,0.5434782608695652,0.5434782608695652,1.0,-211,0.4995437918741459,46,2,25.0,0.5434782608695652,0.4565217391304348,1,False,False,False,True,False,True,False,True,True,True,True,True,True,True,True,False,False,False,GNN merged/glued artifact
68870,101,809,24,48,25,0.5,0.5,0.96,211,0.2702831848265815,48,2,24.0,0.5,0.5,2,True,False,False,True,False,True,False,True,True,True,True,True,True,False,True,False,True,False,GNN merged/glued artifact
65732,68,523,24,44,25,0.5454545454545454,0.5454545454545454,0.96,211,9.750073333057552,44,2,24.0,0.5454545454545454,0.4545454545454546,2,True,False,False,True,False,True,False,True,True,True,True,True,True,True,True,False,False,False,GNN merged/glued artifact
67222,178,1114,24,45,25,0.5333333333333333,0.5333333333333333,0.96,-211,7.57409037442781,45,2,24.0,0.5333333333333333,0.4666666666666667,2,True,False,False,True,False,True,False,True,True,True,True,True,True,True,True,False,False,False,GNN merged/glued artifact
65824,62,1825,24,46,24,0.5217391304347826,0.5217391304347826,1.0,211,1.3320255252809534,46,2,24.0,0.5217391304347826,0.4782608695652174,1,False,False,False,True,False,True,False,True,True,True,True,True,True,True,True,False,False,False,GNN merged/glued artifact
66223,50,434,25,50,25,0.5,0.5,1.0,-211,0.4281798687467686,50,2,25.0,0.5,0.5,1,False,False,False,True,False,True,False,True,True,True,True,True,True,False,True,False,True,False,GNN merged/glued artifact
67151,65,716,25,49,25,0.5102040816326531,0.5102040816326531,1.0,211,0.4427922763554034,49,2,25.0,0.5102040816326531,0.4897959183673469,1,False,False,False,True,False,True,False,True,True,True,True,True,True,True,True,False,False,False,GNN merged/glued artifact
66954,7,878,25,43,25,0.5813953488372093,0.5813953488372093,1.0,211,0.3032886413962778,43,2,25.0,0.5813953488372093,0.41860465116279066,1,False,False,False,True,False,True,False,True,True,True,True,True,True,True,True,False,False,False,GNN merged/glued artifact
65371,15,259,24,46,25,0.5217391304347826,0.5217391304347826,0.96,-211,10.991924899670668,46,2,24.0,0.5217391304347826,0.4782608695652174,2,True,False,False,True,False,True,False,True,True,True,True,True,True,True,True,False,False,False,GNN merged/glued artifact
67959,205,1589,25,47,25,0.5319148936170213,0.5319148936170213,1.0,211,5.019997011951302,47,2,25.0,0.5319148936170213,0.46808510638297873,1,False,False,False,True,False,True,False,True,True,True,True,True,True,True,True,False,False,False,GNN merged/glued artifact
66401,60,395,25,49,25,0.5102040816326531,0.5102040816326531,1.0,-211,1.0451382683645258,49,2,25.0,0.5102040816326531,0.4897959183673469,1,False,False,False,True,False,True,False,True,True,True,True,True,True,True,True,False,False,False,GNN merged/glued artifact
66910,35,1691,25,47,25,0.5319148936170213,0.5319148936170213,1.0,-211,0.2956653513687391,47,2,25.0,0.5319148936170213,0.46808510638297873,1,False,False,False,True,False,True,False,True,True,True,True,True,True,True,True,False,False,False,GNN merged/glued artifact
68728,228,1606,25,50,25,0.5,0.5,1.0,-2212,1.0226499889991687,50,2,25.0,0.5,0.5,1,False,False,False,True,False,True,False,True,True,True,True,True,True,False,True,False,True,False,GNN merged/glued artifact
66910,16,209,25,50,25,0.5,0.5,1.0,211,0.5772936860905376,50,2,25.0,0.5,0.5,1,False,False,False,True,False,True,False,True,True,True,True,True,True,False,True,False,True,False,GNN merged/glued artifact
65753,25,1731,23,45,25,0.5111111111111111,0.5111111111111111,0.92,211,0.6090812753647907,45,2,23.0,0.5111111111111111,0.48888888888888893,3,True,False,False,True,False,True,False,True,True,True,True,True,True,True,True,False,False,False,GNN merged/glued artifact
68548,256,1416,25,50,25,0.5,0.5,1.0,211,9.93372925944733,50,2,25.0,0.5,0.5,1,False,False,False,True,False,True,False,True,True,True,True,True,True,False,True,False,True,False,GNN merged/glued artifact
65952,12,177,24,44,25,0.5454545454545454,0.5454545454545454,0.96,2212,0.2654449095386837,24,1,24.0,0.5454545454545454,0.0,2,True,False,False,True,False,True,False,True,True,True,True,True,True,True,False,False,False,False,double-majority matched SM/helical
65687,244,1341,22,40,25,0.55,0.55,0.88,211,4.308982246424322,40,2,22.0,0.55,0.44999999999999996,2,True,False,False,True,False,True,False,True,True,True,True,True,True,True,True,False,False,False,GNN merged/glued artifact
66080,50,2170,23,45,23,0.5111111111111111,0.5111111111111111,1.0,-211,0.4615463140357639,45,2,23.0,0.5111111111111111,0.48888888888888893,1,False,False,False,True,False,True,False,True,True,True,True,True,True,True,True,False,False,False,GNN merged/glued artifact
65535,125,723,25,50,25,0.5,0.5,1.0,211,11.170824365282986,50,2,25.0,0.5,0.5,1,False,False,False,True,False,True,False,True,True,True,True,True,True,False,True,False,True,False,GNN merged/glued artifact
67302,262,1633,25,42,25,0.5952380952380952,0.5952380952380952,1.0,-211,8.594030079072331,42,2,25.0,0.5952380952380952,0.40476190476190477,1,False,False,False,True,False,True,False,True,True,True,True,True,True,True,True,False,False,False,GNN merged/glued artifact
67876,352,1309,14,27,25,0.5185185185185185,0.5185185185185185,0.56,-211,9.658399298020347,27,2,14.0,0.5185185185185185,0.4814814814814815,5,True,False,False,True,False,True,False,True,True,True,True,True,True,True,True,False,False,False,GNN merged/glued artifact
67701,130,850,24,48,25,0.5,0.5,0.96,-2212,18.49857945897468,48,2,24.0,0.5,0.5,2,True,False,False,True,False,True,False,True,True,True,True,True,True,False,True,False,True,False,GNN merged/glued artifact
67821,40,1134,13,24,25,0.5416666666666666,0.5416666666666666,0.52,211,0.4740400826934364,24,2,13.0,0.5416666666666666,0.45833333333333337,2,True,False,False,True,False,True,False,True,True,True,True,True,True,True,True,False,False,False,GNN merged/glued artifact
65169,165,691,25,43,25,0.5813953488372093,0.5813953488372093,1.0,211,2.9340512947118014,43,2,25.0,0.5813953488372093,0.41860465116279066,1,False,False,False,True,False,True,False,True,True,True,True,True,True,True,True,False,False,False,GNN merged/glued artifact
66807,234,925,24,43,24,0.5581395348837209,0.5581395348837209,1.0,-211,0.5338773267333985,43,2,24.0,0.5581395348837209,0.4418604651162791,1,False,False,False,True,False,True,False,True,True,True,True,True,True,True,True,False,False,False,GNN merged/glued artifact
66557,123,903,22,43,25,0.5116279069767442,0.5116279069767442,0.88,-211,4.079059695567104,43,2,22.0,0.5116279069767442,0.4883720930232558,2,True,False,False,True,False,True,False,True,True,True,True,True,True,True,True,False,False,False,GNN merged/glued artifact
66314,100,1172,25,42,25,0.5952380952380952,0.5952380952380952,1.0,-211,0.3346236692166291,25,1,25.0,0.5952380952380952,0.0,1,False,False,False,True,False,True,False,True,True,True,True,True,True,True,False,False,False,False,double-majority matched SM/helical
67164,310,1947,25,46,25,0.5434782608695652,0.5434782608695652,1.0,211,0.3222731760478988,46,2,25.0,0.5434782608695652,0.4565217391304348,1,False,False,False,True,False,True,False,True,True,True,True,True,True,True,True,False,False,False,GNN merged/glued artifact
65386,388,2350,24,48,25,0.5,0.5,0.96,-211,11.489468220940427,48,2,24.0,0.5,0.5,2,True,False,False,True,False,True,False,True,True,True,True,True,True,False,True,False,True,False,GNN merged/glued artifact
67044,260,1774,25,50,25,0.5,0.5,1.0,-211,0.4257475777969852,50,2,25.0,0.5,0.5,1,False,False,False,True,False,True,False,True,True,True,True,True,True,False,True,False,True,False,GNN merged/glued artifact
67517,11,1497,25,48,25,0.5208333333333334,0.5208333333333334,1.0,-211,0.2767616302885933,48,2,25.0,0.5208333333333334,0.47916666666666663,1,False,False,False,True,False,True,False,True,True,True,True,True,True,True,True,False,False,False,GNN merged/glued artifact
68865,171,959,22,42,22,0.5238095238095238,0.5238095238095238,1.0,-211,0.6226652391132814,22,1,22.0,0.5238095238095238,0.0,1,False,False,False,True,False,True,False,True,True,True,True,True,True,True,False,False,False,False,double-majority matched SM/helical
68960,174,1163,13,25,25,0.52,0.52,0.52,211,0.4246940074924533,25,2,13.0,0.52,0.48,2,True,False,False,True,False,True,False,True,True,True,True,True,True,True,True,False,False,False,GNN merged/glued artifact
66780,232,1331,25,50,25,0.5,0.5,1.0,-211,13.533626454132683,50,2,25.0,0.5,0.5,1,False,False,False,True,False,True,False,True,True,True,True,True,True,False,True,False,True,False,GNN merged/glued artifact
65156,55,1548,25,43,25,0.5813953488372093,0.5813953488372093,1.0,-211,9.189716698571289,25,1,25.0,0.5813953488372093,0.0,1,False,False,False,True,False,True,False,True,True,True,True,True,True,True,False,False,False,False,double-majority matched SM/helical
67790,429,2501,14,25,25,0.56,0.56,0.56,211,0.8627444581102796,25,2,14.0,0.56,0.43999999999999995,1,False,False,False,True,False,True,False,True,True,True,True,True,True,True,True,False,False,False,GNN merged/glued artifact
67226,440,2176,25,49,25,0.5102040816326531,0.5102040816326531,1.0,11,1.926533155697041,49,2,25.0,0.5102040816326531,0.4897959183673469,1,False,False,False,True,False,True,False,True,True,True,True,True,True,True,True,False,False,False,GNN merged/glued artifact
67077,61,2324,23,44,25,0.5227272727272727,0.5227272727272727,0.92,-211,0.4195473751556551,44,2,23.0,0.5227272727272727,0.4772727272727273,2,True,False,False,True,False,True,False,True,True,True,True,True,True,True,True,False,False,False,GNN merged/glued artifact
67808,147,882,25,50,25,0.5,0.5,1.0,-211,1.0950433781362272,50,2,25.0,0.5,0.5,1,False,False,False,True,False,True,False,True,True,True,True,True,True,False,True,False,True,False,GNN merged/glued artifact
68268,350,2085,25,47,25,0.5319148936170213,0.5319148936170213,1.0,-211,3.60417230442719,47,2,25.0,0.5319148936170213,0.46808510638297873,1,False,False,False,True,False,True,False,True,True,True,True,True,True,True,True,False,False,False,GNN merged/glued artifact
66644,111,574,25,47,25,0.5319148936170213,0.5319148936170213,1.0,-211,39.57834038966263,47,2,25.0,0.5319148936170213,0.46808510638297873,1,False,False,False,True,False,True,False,True,True,True,True,True,True,True,True,False,False,False,GNN merged/glued artifact
68156,311,1863,25,49,25,0.5102040816326531,0.5102040816326531,1.0,-211,2.381197177891827,49,2,25.0,0.5102040816326531,0.4897959183673469,1,False,False,False,True,False,True,False,True,True,True,True,True,True,True,True,False,False,False,GNN merged/glued artifact
68879,47,182,24,46,25,0.5217391304347826,0.5217391304347826,0.96,-2112,0.5908104603000864,46,2,24.0,0.5217391304347826,0.4782608695652174,2,True,False,False,True,False,True,False,True,True,True,True,True,True,True,True,False,False,False,GNN merged/glued artifact
66126,80,924,25,49,25,0.5102040816326531,0.5102040816326531,1.0,321,7.020359250066908,49,2,25.0,0.5102040816326531,0.4897959183673469,1,False,False,False,True,False,True,False,True,True,True,True,True,True,True,True,False,False,False,GNN merged/glued artifact
67010,92,320,25,50,25,0.5,0.5,1.0,211,13.869029562301757,50,2,25.0,0.5,0.5,1,False,False,False,True,False,True,False,True,True,True,True,True,True,False,True,False,True,False,GNN merged/glued artifact
66432,416,1983,25,50,25,0.5,0.5,1.0,211,4.510961094933096,50,2,25.0,0.5,0.5,1,False,False,False,True,False,True,False,True,True,True,True,True,True,False,True,False,True,False,GNN merged/glued artifact
67933,7,130,25,50,25,0.5,0.5,1.0,321,0.7488244119952288,50,2,25.0,0.5,0.5,1,False,False,False,True,False,True,False,True,True,True,True,True,True,False,True,False,True,False,GNN merged/glued artifact
67032,177,1143,25,50,25,0.5,0.5,1.0,-211,0.3062760193028504,50,2,25.0,0.5,0.5,1,False,False,False,True,False,True,False,True,True,True,True,True,True,False,True,False,True,False,GNN merged/glued artifact
68510,373,1923,25,50,25,0.5,0.5,1.0,-11,38.45204573231442,50,2,25.0,0.5,0.5,1,False,False,False,True,False,True,False,True,True,True,True,True,True,False,True,False,True,False,GNN merged/glued artifact
67248,173,902,25,50,25,0.5,0.5,1.0,211,13.198464304607562,50,2,25.0,0.5,0.5,1,False,False,False,True,False,True,False,True,True,True,True,True,True,False,True,False,True,False,GNN merged/glued artifact
68292,244,1214,25,50,25,0.5,0.5,1.0,-211,7.743428762505665,50,2,25.0,0.5,0.5,1,False,False,False,True,False,True,False,True,True,True,True,True,True,False,True,False,True,False,GNN merged/glued artifact
65943,334,2105,24,47,24,0.5106382978723404,0.5106382978723404,1.0,-211,2.6077072304996203,47,2,24.0,0.5106382978723404,0.4893617021276596,1,False,False,False,True,False,True,False,True,True,True,True,True,True,True,True,False,False,False,GNN merged/glued artifact
68904,48,477,25,50,25,0.5,0.5,1.0,211,5.681169773911003,50,2,25.0,0.5,0.5,1,False,False,False,True,False,True,False,True,True,True,True,True,True,False,True,False,True,False,GNN merged/glued artifact
